{"type":"FeatureCollection","features":[{"type":"Feature","properties":{"wassersumme":70},"geometry":{"type":"Polygon","coordinates":[[[12.3826,51.36123899320365],[12.382591534267767,51.361237275654275],[12.382586302158852,51.36123277905196],[12.382586302160515,51.361227220946446],[12.382591534270459,51.36122272434512],[12.3826,51.361221006796356],[12.382608465729543,51.36122272434512],[12.382613697839487,51.361227220946446],[12.38261369784115,51.36123277905196],[12.382608465732234,51.361237275654275],[12.3826,51.36123899320365]]]}},{"type":"Feature","properties":{"wassersumme":40},"geometry":{"type":"Polygon","coordinates":[[[12.342189999999999,51.32077899320363],[12.342181541737391,51.320777275654265],[12.342176314244956,51.32077277905196],[12.342176314246615,51.32076722094645],[12.342181541740073,51.32076272434512],[12.342189999999999,51.32076100679636],[12.342198458259922,51.32076272434512],[12.342203685753383,51.32076722094645],[12.342203685755043,51.32077277905196],[12.342198458262606,51.320777275654265],[12.342189999999999,51.32077899320363]]]}},{"type":"Feature","properties":{"wassersumme":140},"geometry":{"type":"Polygon","coordinates":[[[12.34456,51.325198993203635],[12.344551540922229,51.32519727565427],[12.344546312925996,51.32519277905195],[12.344546312927655,51.32518722094645],[12.344551540924913,51.325182724345126],[12.34456,51.32518100679636],[12.344568459075084,51.325182724345126],[12.344573687072343,51.32518722094645],[12.344573687074003,51.32519277905195],[12.34456845907777,51.32519727565427],[12.34456,51.325198993203635]]]}},{"type":"Feature","properties":{"wassersumme":100},"geometry":{"type":"Polygon","coordinates":[[[12.33726,51.31906899320363],[12.337251542052705,51.31906727565428],[12.337246314755145,51.31906277905195],[12.337246314756802,51.31905722094644],[12.337251542055391,51.319052724345106],[12.33726,51.31905100679636],[12.337268457944612,51.319052724345106],[12.337273685243199,51.31905722094644],[12.337273685244858,51.31906277905195],[12.337268457947298,51.31906727565428],[12.33726,51.31906899320363]]]}},{"type":"Feature","properties":{"wassersumme":346},"geometry":{"type":"Polygon","coordinates":[[[12.32114,51.32285899320364],[12.321131541353814,51.32285727565427],[12.321126313624312,51.32285277905197],[12.321126313625973,51.32284722094645],[12.321131541356497,51.32284272434512],[12.32114,51.322841006796374],[12.321148458643506,51.32284272434512],[12.32115368637403,51.32284722094645],[12.32115368637569,51.32285277905197],[12.321148458646189,51.32285727565427],[12.32114,51.32285899320364]]]}},{"type":"Feature","properties":{"wassersumme":340},"geometry":{"type":"Polygon","coordinates":[[[12.34498,51.32642899320364],[12.344971540695349,51.32642727565427],[12.344966312558896,51.32642277905195],[12.344966312560553,51.32641722094644],[12.344971540698033,51.32641272434511],[12.34498,51.32641100679637],[12.344988459301966,51.32641272434511],[12.344993687439445,51.32641722094644],[12.344993687441104,51.32642277905195],[12.344988459304648,51.32642727565427],[12.34498,51.32642899320364]]]}},{"type":"Feature","properties":{"wassersumme":340},"geometry":{"type":"Polygon","coordinates":[[[12.32093,51.32166899320364],[12.320921541573272,51.321667275654285],[12.320916313979401,51.321662779051955],[12.320916313981062,51.321657220946456],[12.320921541575956,51.32165272434512],[12.32093,51.321651006796365],[12.320938458424047,51.32165272434512],[12.320943686018941,51.321657220946456],[12.320943686020598,51.321662779051955],[12.320938458426731,51.321667275654285],[12.32093,51.32166899320364]]]}},{"type":"Feature","properties":{"wassersumme":190},"geometry":{"type":"Polygon","coordinates":[[[12.4126,51.307398993203634],[12.41259154420375,51.307397275654274],[12.412586318235602,51.30739277905197],[12.41258631823726,51.307387220946445],[12.412591544206428,51.30738272434512],[12.4126,51.30738100679636],[12.412608455793569,51.30738272434512],[12.412613681762737,51.307387220946445],[12.412613681764396,51.30739277905197],[12.41260845579625,51.307397275654274],[12.4126,51.307398993203634]]]}},{"type":"Feature","properties":{"wassersumme":80},"geometry":{"type":"Polygon","coordinates":[[[12.36811,51.33997899320363],[12.368101538194907,51.33997727565427],[12.368096308513095,51.339972779051955],[12.368096308514756,51.33996722094645],[12.368101538197593,51.339962724345106],[12.36811,51.339961006796365],[12.368118461802407,51.339962724345106],[12.368123691485245,51.33996722094645],[12.368123691486906,51.339972779051955],[12.368118461805095,51.33997727565427],[12.36811,51.33997899320363]]]}},{"type":"Feature","properties":{"wassersumme":200},"geometry":{"type":"Polygon","coordinates":[[[12.27624,51.32582899320363],[12.276231540806023,51.32582727565426],[12.276226312737972,51.32582277905195],[12.27622631273963,51.32581722094643],[12.276231540808709,51.325812724345106],[12.27624,51.32581100679635],[12.276248459191292,51.325812724345106],[12.27625368726037,51.32581722094643],[12.276253687262027,51.32582277905195],[12.276248459193976,51.32582727565426],[12.27624,51.32582899320363]]]}},{"type":"Feature","properties":{"wassersumme":115},"geometry":{"type":"Polygon","coordinates":[[[12.41103,51.37328899320364],[12.41102153203976,51.37328727565427],[12.41101629855386,51.373282779051955],[12.411016298555527,51.37327722094645],[12.411021532042453,51.373272724345114],[12.41103,51.373271006796365],[12.41103846795755,51.373272724345114],[12.411043701444475,51.37327722094645],[12.41104370144614,51.373282779051955],[12.41103846796024,51.37328727565427],[12.41103,51.37328899320364]]]}},{"type":"Feature","properties":{"wassersumme":21},"geometry":{"type":"Polygon","coordinates":[[[12.45607,51.356578993203634],[12.456061535128972,51.35657727565427],[12.45605630355231,51.35657277905195],[12.456056303553973,51.35656722094645],[12.456061535131662,51.356562724345125],[12.45607,51.35656100679636],[12.45607846486834,51.356562724345125],[12.456083696446028,51.35656722094645],[12.45608369644769,51.35657277905195],[12.456078464871029,51.35657727565427],[12.45607,51.356578993203634]]]}},{"type":"Feature","properties":{"wassersumme":80},"geometry":{"type":"Polygon","coordinates":[[[12.360920000000002,51.34047899320364],[12.360911538102602,51.34047727565427],[12.360906308363747,51.34047277905196],[12.360906308365406,51.34046722094645],[12.360911538105292,51.340462724345116],[12.360920000000002,51.34046100679637],[12.360928461894712,51.340462724345116],[12.360933691634598,51.34046722094645],[12.360933691636259,51.34047277905196],[12.3609284618974,51.34047727565427],[12.360920000000002,51.34047899320364]]]}},{"type":"Feature","properties":{"wassersumme":100},"geometry":{"type":"Polygon","coordinates":[[[12.33585,51.31929899320363],[12.335841542010296,51.319297275654264],[12.335836314686524,51.319292779051956],[12.335836314688184,51.319287220946435],[12.335841542012979,51.31928272434511],[12.33585,51.319281006796345],[12.33585845798702,51.31928272434511],[12.335863685311818,51.319287220946435],[12.335863685313473,51.319292779051956],[12.335858457989703,51.319297275654264],[12.33585,51.31929899320363]]]}},{"type":"Feature","properties":{"wassersumme":100},"geometry":{"type":"Polygon","coordinates":[[[12.28852,51.31290899320364],[12.288511543188314,51.31290727565427],[12.288506316592594,51.31290277905195],[12.288506316594253,51.31289722094644],[12.288511543190996,51.31289272434512],[12.28852,51.31289100679637],[12.288528456809006,51.31289272434512],[12.288533683405749,51.31289722094644],[12.288533683407408,51.31290277905195],[12.288528456811687,51.31290727565427],[12.28852,51.31290899320364]]]}},{"type":"Feature","properties":{"wassersumme":50},"geometry":{"type":"Polygon","coordinates":[[[12.37174,51.348028993203634],[12.371731536708479,51.34802727565427],[12.371726306108007,51.34802277905196],[12.37172630610967,51.34801722094643],[12.371731536711168,51.34801272434511],[12.37174,51.34801100679636],[12.371748463288831,51.34801272434511],[12.371753693890334,51.34801722094643],[12.371753693891995,51.34802277905196],[12.371748463291521,51.34802727565427],[12.37174,51.348028993203634]]]}},{"type":"Feature","properties":{"wassersumme":60},"geometry":{"type":"Polygon","coordinates":[[[12.40852,51.337608993203624],[12.408511538632395,51.337607275654264],[12.408506309220964,51.33760277905195],[12.408506309222625,51.33759722094644],[12.40851153863508,51.337592724345114],[12.40852,51.337591006796366],[12.40852846136492,51.337592724345114],[12.408533690777375,51.33759722094644],[12.408533690779034,51.33760277905195],[12.408528461367604,51.337607275654264],[12.40852,51.337608993203624]]]}},{"type":"Feature","properties":{"wassersumme":110},"geometry":{"type":"Polygon","coordinates":[[[12.40674,51.36896899320364],[12.406731532838693,51.36896727565427],[12.40672629984656,51.368962779051955],[12.406726299848225,51.368957220946456],[12.406731532841384,51.36895272434513],[12.40674,51.368951006796365],[12.406748467158616,51.36895272434513],[12.406753700151775,51.368957220946456],[12.40675370015344,51.368962779051955],[12.406748467161307,51.36896727565427],[12.40674,51.36896899320364]]]}},{"type":"Feature","properties":{"wassersumme":100},"geometry":{"type":"Polygon","coordinates":[[[12.36823,51.330238993203636],[12.36822153999247,51.33023727565428],[12.368216311421614,51.33023277905196],[12.368216311423273,51.33022722094643],[12.368221539995155,51.33022272434511],[12.36823,51.330221006796364],[12.368238460004845,51.33022272434511],[12.368243688576728,51.33022722094643],[12.368243688578387,51.33023277905196],[12.368238460007532,51.33023727565428],[12.36823,51.330238993203636]]]}},{"type":"Feature","properties":{"wassersumme":40},"geometry":{"type":"Polygon","coordinates":[[[12.39822,51.306258993203635],[12.3982115444138,51.30625727565426],[12.398206318575474,51.30625277905195],[12.39820631857713,51.30624722094644],[12.39821154441648,51.30624272434511],[12.39822,51.306241006796355],[12.39822845558352,51.30624272434511],[12.398233681422871,51.30624722094644],[12.398233681424527,51.30625277905195],[12.398228455586201,51.30625727565426],[12.39822,51.306258993203635]]]}},{"type":"Feature","properties":{"wassersumme":30},"geometry":{"type":"Polygon","coordinates":[[[12.3978,51.34748899320363],[12.397791536808212,51.34748727565427],[12.397786306269376,51.347482779051965],[12.397786306271039,51.34747722094644],[12.3977915368109,51.347472724345124],[12.3978,51.34747100679636],[12.3978084631891,51.347472724345124],[12.397813693728962,51.34747722094644],[12.397813693730624,51.347482779051965],[12.39780846319179,51.34748727565427],[12.3978,51.34748899320363]]]}},{"type":"Feature","properties":{"wassersumme":120},"geometry":{"type":"Polygon","coordinates":[[[12.29317,51.26824899320362],[12.29316155140943,51.268247275654254],[12.293156329894638,51.26824277905196],[12.293156329896291,51.26823722094643],[12.293161551412105,51.268232724345125],[12.29317,51.268231006796356],[12.293178448587895,51.268232724345125],[12.29318367010371,51.26823722094643],[12.293183670105362,51.26824277905196],[12.29317844859057,51.268247275654254],[12.29317,51.26824899320362]]]}},{"type":"Feature","properties":{"wassersumme":25},"geometry":{"type":"Polygon","coordinates":[[[12.39762,51.346848993203636],[12.397611536926409,51.346847275654255],[12.397606306460624,51.34684277905196],[12.397606306462286,51.34683722094643],[12.397611536929098,51.34683272434512],[12.39762,51.34683100679635],[12.397628463070905,51.34683272434512],[12.397633693537717,51.34683722094643],[12.397633693539378,51.34684277905196],[12.397628463073593,51.346847275654255],[12.39762,51.346848993203636]]]}},{"type":"Feature","properties":{"wassersumme":446},"geometry":{"type":"Polygon","coordinates":[[[12.32109,51.32194899320364],[12.321081541521636,51.32194727565426],[12.321076313895853,51.32194277905196],[12.321076313897512,51.32193722094644],[12.321081541524318,51.32193272434512],[12.32109,51.32193100679635],[12.321098458475682,51.32193272434512],[12.321103686102488,51.32193722094644],[12.321103686104149,51.32194277905196],[12.321098458478366,51.32194727565426],[12.32109,51.32194899320364]]]}},{"type":"Feature","properties":{"wassersumme":400},"geometry":{"type":"Polygon","coordinates":[[[12.30755,51.329058993203624],[12.307541540210178,51.329057275654264],[12.307536311773871,51.32905277905194],[12.30753631177553,51.329047220946435],[12.307541540212862,51.329042724345115],[12.30755,51.32904100679635],[12.30755845978714,51.329042724345115],[12.307563688224473,51.329047220946435],[12.30756368822613,51.32905277905194],[12.307558459789824,51.329057275654264],[12.30755,51.329058993203624]]]}},{"type":"Feature","properties":{"wassersumme":1150},"geometry":{"type":"Polygon","coordinates":[[[12.38411,51.300968993203625],[12.384101545388326,51.30096727565427],[12.38409632015229,51.300962779051964],[12.384096320153946,51.30095722094644],[12.384101545391006,51.300952724345116],[12.38411,51.30095100679637],[12.384118454608997,51.300952724345116],[12.384123679846056,51.30095722094644],[12.384123679847711,51.300962779051964],[12.384118454611675,51.30096727565427],[12.38411,51.300968993203625]]]}},{"type":"Feature","properties":{"wassersumme":550},"geometry":{"type":"Polygon","coordinates":[[[12.36852,51.329528993203645],[12.368511540123464,51.32952727565428],[12.368506311633569,51.329522779051956],[12.368506311635226,51.32951722094645],[12.368511540126152,51.32951272434512],[12.36852,51.32951100679636],[12.36852845987385,51.32951272434512],[12.368533688364774,51.32951722094645],[12.368533688366433,51.329522779051956],[12.368528459876538,51.32952727565428],[12.36852,51.329528993203645]]]}},{"type":"Feature","properties":{"wassersumme":495},"geometry":{"type":"Polygon","coordinates":[[[12.30821,51.329178993203634],[12.308201540188037,51.329177275654274],[12.308196311738048,51.32917277905196],[12.308196311739707,51.329167220946445],[12.308201540190721,51.32916272434512],[12.30821,51.32916100679636],[12.308218459809279,51.32916272434512],[12.308223688260291,51.329167220946445],[12.308223688261952,51.32917277905196],[12.308218459811965,51.329177275654274],[12.30821,51.329178993203634]]]}},{"type":"Feature","properties":{"wassersumme":21},"geometry":{"type":"Polygon","coordinates":[[[12.45626,51.35653899320364],[12.456251535136364,51.35653727565427],[12.45624630356427,51.35653277905196],[12.456246303565933,51.35652722094643],[12.456251535139053,51.356522724345126],[12.45626,51.35652100679636],[12.456268464860948,51.356522724345126],[12.456273696434067,51.35652722094643],[12.45627369643573,51.35653277905196],[12.456268464863637,51.35653727565427],[12.45626,51.35653899320364]]]}},{"type":"Feature","properties":{"wassersumme":60},"geometry":{"type":"Polygon","coordinates":[[[12.40738,51.34655899320363],[12.407371536979966,51.34655727565426],[12.40736630654728,51.34655277905195],[12.407366306548939,51.34654722094644],[12.407371536982652,51.34654272434511],[12.40738,51.34654100679636],[12.407388463017345,51.34654272434511],[12.407393693451057,51.34654722094644],[12.407393693452718,51.34655277905195],[12.407388463020034,51.34655727565426],[12.40738,51.34655899320363]]]}},{"type":"Feature","properties":{"wassersumme":32},"geometry":{"type":"Polygon","coordinates":[[[12.483739999999997,51.339388993203634],[12.48373153830382,51.339387275654275],[12.483726308689324,51.33938277905196],[12.483726308690983,51.33937722094645],[12.483731538306506,51.33937272434512],[12.483739999999997,51.33937100679636],[12.48374846169349,51.33937272434512],[12.483753691309012,51.33937722094645],[12.483753691310673,51.33938277905196],[12.483748461696175,51.339387275654275],[12.483739999999997,51.339388993203634]]]}},{"type":"Feature","properties":{"wassersumme":470},"geometry":{"type":"Polygon","coordinates":[[[12.30817,51.329148993203624],[12.308161540193572,51.32914727565427],[12.308156311747004,51.329142779051956],[12.308156311748663,51.329137220946436],[12.308161540196258,51.329132724345115],[12.30817,51.329131006796366],[12.308178459803743,51.329132724345115],[12.308183688251338,51.329137220946436],[12.308183688252997,51.329142779051956],[12.30817845980643,51.32914727565427],[12.30817,51.329148993203624]]]}},{"type":"Feature","properties":{"wassersumme":1160},"geometry":{"type":"Polygon","coordinates":[[[12.38404,51.30118899320365],[12.384031545347804,51.301187275654286],[12.384026320086722,51.30118277905197],[12.384026320088378,51.30117722094645],[12.384031545350483,51.30117272434512],[12.38404,51.30117100679636],[12.384048454649518,51.30117272434512],[12.384053679911624,51.30117722094645],[12.38405367991328,51.30118277905197],[12.384048454652199,51.301187275654286],[12.38404,51.30118899320365]]]}},{"type":"Feature","properties":{"wassersumme":500},"geometry":{"type":"Polygon","coordinates":[[[12.3088,51.329258993203624],[12.308791540173276,51.329257275654264],[12.308786311714165,51.32925277905196],[12.308786311715824,51.329247220946435],[12.308791540175962,51.329242724345114],[12.3088,51.32924100679635],[12.308808459824037,51.329242724345114],[12.308813688284173,51.329247220946435],[12.308813688285833,51.32925277905196],[12.308808459826722,51.329257275654264],[12.3088,51.329258993203624]]]}},{"type":"Feature","properties":{"wassersumme":20},"geometry":{"type":"Polygon","coordinates":[[[12.37917,51.36631899320364],[12.37916153332868,51.366317275654275],[12.379156300639377,51.36631277905196],[12.37915630064104,51.366307220946446],[12.379161533331372,51.36630272434512],[12.37917,51.36630100679636],[12.37917846666863,51.36630272434512],[12.379183699358961,51.366307220946446],[12.379183699360622,51.36631277905196],[12.37917846667132,51.366317275654275],[12.37917,51.36631899320364]]]}},{"type":"Feature","properties":{"wassersumme":21},"geometry":{"type":"Polygon","coordinates":[[[12.45598,51.35650899320363],[12.455971535141908,51.35650727565428],[12.455966303573241,51.35650277905195],[12.455966303574902,51.35649722094645],[12.455971535144597,51.35649272434512],[12.45598,51.35649100679636],[12.455988464855405,51.35649272434512],[12.455993696425098,51.35649722094645],[12.455993696426761,51.35650277905195],[12.455988464858095,51.35650727565428],[12.45598,51.35650899320363]]]}},{"type":"Feature","properties":{"wassersumme":40},"geometry":{"type":"Polygon","coordinates":[[[12.4146,51.35428899320363],[12.414591535552098,51.35428727565427],[12.414586304236943,51.35428277905195],[12.414586304238606,51.35427722094644],[12.414591535554786,51.35427272434511],[12.4146,51.35427100679636],[12.414608464445214,51.35427272434511],[12.414613695761394,51.35427722094644],[12.414613695763057,51.35428277905195],[12.414608464447902,51.35428727565427],[12.4146,51.35428899320363]]]}},{"type":"Feature","properties":{"wassersumme":155},"geometry":{"type":"Polygon","coordinates":[[[12.30444,51.33019899320364],[12.304431539999849,51.330197275654264],[12.304426311433554,51.33019277905195],[12.304426311435211,51.330187220946435],[12.304431540002534,51.330182724345114],[12.30444,51.33018100679635],[12.304448459997465,51.330182724345114],[12.304453688564784,51.330187220946435],[12.304453688566444,51.33019277905195],[12.30444846000015,51.330197275654264],[12.30444,51.33019899320364]]]}},{"type":"Feature","properties":{"wassersumme":300},"geometry":{"type":"Polygon","coordinates":[[[12.27655,51.327238993203636],[12.276541540545931,51.32723727565428],[12.276536312317134,51.32723277905196],[12.276536312318791,51.32722722094645],[12.276541540548616,51.32722272434512],[12.27655,51.327221006796364],[12.276558459451387,51.32722272434512],[12.276563687681211,51.32722722094645],[12.276563687682868,51.32723277905196],[12.27655845945407,51.32723727565428],[12.27655,51.327238993203636]]]}},{"type":"Feature","properties":{"wassersumme":10},"geometry":{"type":"Polygon","coordinates":[[[12.41009,51.30969899320363],[12.410081543779922,51.30969727565427],[12.410076317549839,51.309692779051964],[12.410076317551496,51.30968722094645],[12.410081543782603,51.30968272434512],[12.41009,51.30968100679637],[12.410098456217398,51.30968272434512],[12.410103682448506,51.30968722094645],[12.410103682450162,51.309692779051964],[12.41009845622008,51.30969727565427],[12.41009,51.30969899320363]]]}},{"type":"Feature","properties":{"wassersumme":160},"geometry":{"type":"Polygon","coordinates":[[[12.39882,51.306298993203626],[12.398811544406428,51.306297275654266],[12.398806318563548,51.30629277905195],[12.398806318565205,51.306287220946444],[12.39881154440911,51.30628272434512],[12.39882,51.30628100679636],[12.39882845559089,51.30628272434512],[12.398833681434795,51.306287220946444],[12.398833681436454,51.30629277905195],[12.398828455593572,51.306297275654266],[12.39882,51.306298993203626]]]}},{"type":"Feature","properties":{"wassersumme":20},"geometry":{"type":"Polygon","coordinates":[[[12.37927,51.36629899320364],[12.379261533332377,51.36629727565428],[12.379256300645359,51.36629277905197],[12.379256300647022,51.36628722094645],[12.379261533335066,51.36628272434512],[12.37927,51.36628100679638],[12.379278466664934,51.36628272434512],[12.379283699352978,51.36628722094645],[12.379283699354641,51.36629277905197],[12.379278466667621,51.36629727565428],[12.37927,51.36629899320364]]]}},{"type":"Feature","properties":{"wassersumme":50},"geometry":{"type":"Polygon","coordinates":[[[12.3216,51.33451899320364],[12.3215915392027,51.33451727565427],[12.32158631014374,51.33451277905196],[12.321586310145399,51.334507220946435],[12.321591539205386,51.33450272434511],[12.3216,51.334501006796366],[12.321608460794614,51.33450272434511],[12.321613689854603,51.334507220946435],[12.321613689856262,51.33451277905196],[12.321608460797302,51.33451727565427],[12.3216,51.33451899320364]]]}},{"type":"Feature","properties":{"wassersumme":52},"geometry":{"type":"Polygon","coordinates":[[[12.31825,51.34400899320364],[12.318241537450856,51.34400727565427],[12.318236307309197,51.344002779051955],[12.318236307310858,51.343997220946434],[12.318241537453543,51.343992724345114],[12.31825,51.343991006796365],[12.318258462546458,51.343992724345114],[12.318263692689143,51.343997220946434],[12.318263692690804,51.344002779051955],[12.318258462549144,51.34400727565427],[12.31825,51.34400899320364]]]}},{"type":"Feature","properties":{"wassersumme":40},"geometry":{"type":"Polygon","coordinates":[[[12.32352,51.32337899320363],[12.323511541257911,51.32337727565425],[12.323506313469139,51.32337277905195],[12.323506313470796,51.32336722094644],[12.323511541260595,51.32336272434511],[12.32352,51.32336100679636],[12.323528458739405,51.32336272434511],[12.323533686529203,51.32336722094644],[12.323533686530862,51.32337277905195],[12.32352845874209,51.32337727565425],[12.32352,51.32337899320363]]]}},{"type":"Feature","properties":{"wassersumme":215},"geometry":{"type":"Polygon","coordinates":[[[12.31918,51.34351899320364],[12.31917153754133,51.34351727565427],[12.31916630745559,51.343512779051956],[12.31916630745725,51.34350722094644],[12.319171537544019,51.34350272434511],[12.31918,51.34350100679635],[12.31918846245598,51.34350272434511],[12.319193692542747,51.34350722094644],[12.319193692544408,51.343512779051956],[12.319188462458666,51.34351727565427],[12.31918,51.34351899320364]]]}},{"type":"Feature","properties":{"wassersumme":270},"geometry":{"type":"Polygon","coordinates":[[[12.399119999999998,51.30630899320365],[12.399111544404585,51.30630727565428],[12.399106318560566,51.306302779051975],[12.399106318562222,51.30629722094645],[12.399111544407265,51.30629272434512],[12.399119999999998,51.30629100679636],[12.399128455592733,51.30629272434512],[12.399133681437775,51.30629722094645],[12.399133681439432,51.306302779051975],[12.399128455595413,51.30630727565428],[12.399119999999998,51.30630899320365]]]}},{"type":"Feature","properties":{"wassersumme":60},"geometry":{"type":"Polygon","coordinates":[[[12.324480000000001,51.323268993203634],[12.324471541278196,51.323267275654274],[12.324466313501963,51.32326277905196],[12.324466313503622,51.323257220946445],[12.32447154128088,51.32325272434512],[12.324480000000001,51.32325100679636],[12.324488458719118,51.32325272434512],[12.324493686496377,51.323257220946445],[12.324493686498037,51.32326277905196],[12.324488458721802,51.323267275654274],[12.324480000000001,51.323268993203634]]]}},{"type":"Feature","properties":{"wassersumme":1500},"geometry":{"type":"Polygon","coordinates":[[[12.388060000000001,51.37465899320364],[12.38805153178635,51.37465727565427],[12.38804629814384,51.37465277905196],[12.388046298145504,51.37464722094645],[12.388051531789046,51.374642724345115],[12.388060000000001,51.37464100679636],[12.388068468210955,51.374642724345115],[12.388073701854497,51.37464722094645],[12.38807370185616,51.37465277905196],[12.388068468213648,51.37465727565427],[12.388060000000001,51.37465899320364]]]}},{"type":"Feature","properties":{"wassersumme":305},"geometry":{"type":"Polygon","coordinates":[[[12.4657,51.31210899320363],[12.465691543335762,51.31210727565426],[12.465686316831174,51.31210277905195],[12.465686316832834,51.31209722094643],[12.465691543338446,51.312092724345106],[12.4657,51.31209100679635],[12.465708456661554,51.312092724345106],[12.465713683167166,51.31209722094643],[12.465713683168824,51.31210277905195],[12.465708456664236,51.31210727565426],[12.4657,51.31210899320363]]]}},{"type":"Feature","properties":{"wassersumme":40},"geometry":{"type":"Polygon","coordinates":[[[12.3181,51.339888993203616],[12.318091538211519,51.339887275654256],[12.318086308539979,51.33988277905194],[12.318086308541638,51.339877220946434],[12.318091538214205,51.339872724345106],[12.3181,51.33987100679635],[12.31810846178579,51.339872724345106],[12.31811369145836,51.339877220946434],[12.31811369146002,51.33988277905194],[12.318108461788478,51.339887275654256],[12.3181,51.339888993203616]]]}},{"type":"Feature","properties":{"wassersumme":316},"geometry":{"type":"Polygon","coordinates":[[[12.32122,51.32226899320363],[12.321211541462622,51.32226727565427],[12.321206313800369,51.32226277905196],[12.321206313802026,51.32225722094644],[12.321211541465306,51.32225272434512],[12.32122,51.322251006796364],[12.321228458534696,51.32225272434512],[12.321233686197973,51.32225722094644],[12.321233686199633,51.32226277905196],[12.321228458537378,51.32226727565427],[12.32122,51.32226899320363]]]}},{"type":"Feature","properties":{"wassersumme":670},"geometry":{"type":"Polygon","coordinates":[[[12.33862,51.32209899320364],[12.338611541493972,51.322097275654265],[12.338606313851095,51.322092779051964],[12.338606313852752,51.32208722094644],[12.338611541496656,51.32208272434512],[12.33862,51.32208100679637],[12.338628458503344,51.32208272434512],[12.338633686147247,51.32208722094644],[12.338633686148905,51.322092779051964],[12.33862845850603,51.322097275654265],[12.33862,51.32209899320364]]]}},{"type":"Feature","properties":{"wassersumme":400},"geometry":{"type":"Polygon","coordinates":[[[12.32777,51.33395899320363],[12.327761539306044,51.33395727565427],[12.327756310310953,51.33395277905196],[12.327756310312614,51.33394722094644],[12.32776153930873,51.33394272434513],[12.32777,51.333941006796366],[12.327778460691267,51.33394272434513],[12.327783689687383,51.33394722094644],[12.327783689689044,51.33395277905196],[12.327778460693954,51.33395727565427],[12.32777,51.33395899320363]]]}},{"type":"Feature","properties":{"wassersumme":600},"geometry":{"type":"Polygon","coordinates":[[[12.280049999999997,51.311228993203635],[12.280041543497951,51.31122727565427],[12.2800363170936,51.31122277905195],[12.28003631709526,51.31121722094644],[12.280041543500634,51.31121272434511],[12.280049999999997,51.31121100679635],[12.280058456499363,51.31121272434511],[12.280063682904737,51.31121722094644],[12.280063682906395,51.31122277905195],[12.280058456502045,51.31122727565427],[12.280049999999997,51.311228993203635]]]}},{"type":"Feature","properties":{"wassersumme":100},"geometry":{"type":"Polygon","coordinates":[[[12.324169999999999,51.344648993203634],[12.324161537332676,51.34464727565427],[12.324156307117981,51.34464277905196],[12.32415630711964,51.34463722094643],[12.324161537335364,51.34463272434511],[12.324169999999999,51.344631006796355],[12.324178462664634,51.34463272434511],[12.324183692880359,51.34463722094643],[12.324183692882018,51.34464277905196],[12.32417846266732,51.34464727565427],[12.324169999999999,51.344648993203634]]]}},{"type":"Feature","properties":{"wassersumme":306},"geometry":{"type":"Polygon","coordinates":[[[12.32119,51.322998993203626],[12.321181541327993,51.32299727565427],[12.321176313582535,51.32299277905195],[12.321176313584193,51.32298722094644],[12.321181541330677,51.32298272434511],[12.32119,51.322981006796354],[12.321198458669324,51.32298272434511],[12.321203686415807,51.32298722094644],[12.321203686417466,51.32299277905195],[12.321198458672006,51.32299727565427],[12.32119,51.322998993203626]]]}},{"type":"Feature","properties":{"wassersumme":620},"geometry":{"type":"Polygon","coordinates":[[[12.30729,51.33022899320363],[12.307281539994312,51.330227275654266],[12.307276311424598,51.33022277905195],[12.307276311426257,51.33021722094643],[12.307281539997,51.3302127243451],[12.30729,51.33021100679636],[12.307298460003,51.3302127243451],[12.307303688573741,51.33021722094643],[12.307303688575402,51.33022277905195],[12.307298460005685,51.330227275654266],[12.30729,51.33022899320363]]]}},{"type":"Feature","properties":{"wassersumme":60},"geometry":{"type":"Polygon","coordinates":[[[12.38608,51.298868993203634],[12.386071545775104,51.298867275654274],[12.386066320778113,51.29886277905195],[12.386066320779769,51.298857220946445],[12.386071545777785,51.29885272434511],[12.38608,51.29885100679636],[12.386088454222214,51.29885272434511],[12.386093679220233,51.298857220946445],[12.386093679221888,51.29886277905195],[12.386088454224893,51.298867275654274],[12.38608,51.298868993203634]]]}},{"type":"Feature","properties":{"wassersumme":190},"geometry":{"type":"Polygon","coordinates":[[[12.40681,51.36856899320364],[12.406801532912658,51.36856727565427],[12.40679629996624,51.36856277905196],[12.406796299967901,51.368557220946435],[12.406801532915347,51.368552724345115],[12.40681,51.368551006796366],[12.406818467084653,51.368552724345115],[12.406823700032097,51.368557220946435],[12.406823700033762,51.36856277905196],[12.406818467087344,51.36856727565427],[12.40681,51.36856899320364]]]}},{"type":"Feature","properties":{"wassersumme":10},"geometry":{"type":"Polygon","coordinates":[[[12.426860000000001,51.30927899320365],[12.426851543857321,51.30927727565427],[12.426846317675071,51.309272779051966],[12.426846317676729,51.309267220946445],[12.426851543860002,51.309262724345125],[12.426860000000001,51.30926100679637],[12.42686845614,51.309262724345125],[12.426873682323272,51.309267220946445],[12.42687368232493,51.309272779051966],[12.426868456142682,51.30927727565427],[12.426860000000001,51.30927899320365]]]}},{"type":"Feature","properties":{"wassersumme":600},"geometry":{"type":"Polygon","coordinates":[[[12.28043,51.31131899320363],[12.280421543481367,51.31131727565427],[12.280416317066766,51.31131277905195],[12.280416317068422,51.311307220946446],[12.28042154348405,51.31130272434511],[12.28043,51.311301006796356],[12.280438456515954,51.31130272434511],[12.28044368293158,51.311307220946446],[12.280443682933235,51.31131277905195],[12.280438456518636,51.31131727565427],[12.28043,51.31131899320363]]]}},{"type":"Feature","properties":{"wassersumme":500},"geometry":{"type":"Polygon","coordinates":[[[12.44644,51.37777899320363],[12.446431531209177,51.37777727565427],[12.44642629720995,51.37777277905195],[12.446426297211614,51.37776722094644],[12.446431531211868,51.37776272434512],[12.44644,51.377761006796355],[12.446448468788134,51.37776272434512],[12.446453702788387,51.37776722094644],[12.446453702790052,51.37777277905195],[12.446448468790825,51.37777727565427],[12.44644,51.37777899320363]]]}},{"type":"Feature","properties":{"wassersumme":340},"geometry":{"type":"Polygon","coordinates":[[[12.31849,51.344608993203636],[12.318481537340064,51.34460727565427],[12.318476307129933,51.34460277905196],[12.318476307131592,51.34459722094643],[12.31848153734275,51.34459272434511],[12.31849,51.34459100679635],[12.31849846265725,51.34459272434511],[12.318503692868408,51.34459722094643],[12.318503692870067,51.34460277905196],[12.318498462659935,51.34460727565427],[12.31849,51.344608993203636]]]}},{"type":"Feature","properties":{"wassersumme":60},"geometry":{"type":"Polygon","coordinates":[[[12.3238,51.323348993203645],[12.323791541263443,51.32334727565428],[12.323786313478092,51.323342779051956],[12.323786313479749,51.32333722094644],[12.323791541266129,51.32333272434512],[12.3238,51.32333100679637],[12.323808458733874,51.32333272434512],[12.323813686520252,51.32333722094644],[12.323813686521907,51.323342779051956],[12.323808458736558,51.32334727565428],[12.3238,51.323348993203645]]]}},{"type":"Feature","properties":{"wassersumme":170},"geometry":{"type":"Polygon","coordinates":[[[12.399519999999999,51.30628899320364],[12.39951154440827,51.30628727565426],[12.399506318566528,51.30628277905196],[12.399506318568186,51.306277220946434],[12.399511544410954,51.306272724345106],[12.399519999999999,51.306271006796365],[12.399528455589046,51.306272724345106],[12.399533681431814,51.306277220946434],[12.39953368143347,51.30628277905196],[12.399528455591728,51.30628727565426],[12.399519999999999,51.30628899320364]]]}},{"type":"Feature","properties":{"wassersumme":20},"geometry":{"type":"Polygon","coordinates":[[[12.3938,51.303348993203635],[12.393791544949917,51.30334727565427],[12.39378631944293,51.30334277905195],[12.393786319444585,51.30333722094644],[12.393791544952597,51.30333272434512],[12.3938,51.30333100679635],[12.3938084550474,51.30333272434512],[12.393813680555413,51.30333722094644],[12.39381368055707,51.30334277905195],[12.393808455050081,51.30334727565427],[12.3938,51.303348993203635]]]}},{"type":"Feature","properties":{"wassersumme":612},"geometry":{"type":"Polygon","coordinates":[[[12.364970000000001,51.37053899320364],[12.364961532548364,51.37053727565427],[12.364956299376798,51.370532779051956],[12.364956299378461,51.37052722094645],[12.364961532551053,51.370522724345115],[12.364970000000001,51.37052100679636],[12.364978467448948,51.370522724345115],[12.364983700621542,51.37052722094645],[12.364983700623203,51.370532779051956],[12.364978467451639,51.37053727565427],[12.364970000000001,51.37053899320364]]]}},{"type":"Feature","properties":{"wassersumme":110},"geometry":{"type":"Polygon","coordinates":[[[12.41906,51.32880899320364],[12.419051540256298,51.32880727565426],[12.419046311848495,51.32880277905196],[12.419046311850156,51.328797220946434],[12.419051540258982,51.328792724345114],[12.41906,51.328791006796365],[12.419068459741018,51.328792724345114],[12.419073688149844,51.328797220946434],[12.419073688151503,51.32880277905196],[12.419068459743702,51.32880727565426],[12.41906,51.32880899320364]]]}},{"type":"Feature","properties":{"wassersumme":60},"geometry":{"type":"Polygon","coordinates":[[[12.44031,51.302838993203636],[12.440301545043868,51.30283727565427],[12.440296319594943,51.302832779051954],[12.440296319596602,51.30282722094645],[12.440301545046548,51.302822724345106],[12.44031,51.302821006796364],[12.440318454953454,51.302822724345106],[12.4403236804034,51.30282722094645],[12.440323680405058,51.302832779051954],[12.440318454956135,51.30283727565427],[12.44031,51.302838993203636]]]}},{"type":"Feature","properties":{"wassersumme":395},"geometry":{"type":"Polygon","coordinates":[[[12.294530000000002,51.30723899320364],[12.29452154423323,51.307237275654266],[12.294516318283307,51.30723277905195],[12.294516318284964,51.307227220946444],[12.294521544235913,51.30722272434512],[12.294530000000002,51.30722100679637],[12.294538455764089,51.30722272434512],[12.294543681715037,51.307227220946444],[12.294543681716695,51.30723277905195],[12.294538455766771,51.307237275654266],[12.294530000000002,51.30723899320364]]]}},{"type":"Feature","properties":{"wassersumme":260},"geometry":{"type":"Polygon","coordinates":[[[12.30532,51.33037899320364],[12.305311539966642,51.33037727565427],[12.30530631137982,51.33037277905196],[12.305306311381479,51.33036722094645],[12.305311539969326,51.33036272434512],[12.30532,51.330361006796366],[12.305328460030676,51.33036272434512],[12.305333688618523,51.33036722094645],[12.305333688620182,51.33037277905196],[12.30532846003336,51.33037727565427],[12.30532,51.33037899320364]]]}},{"type":"Feature","properties":{"wassersumme":45},"geometry":{"type":"Polygon","coordinates":[[[12.343,51.33035899320363],[12.34299153997033,51.330357275654265],[12.34298631138579,51.33035277905195],[12.34298631138745,51.33034722094644],[12.342991539973015,51.330342724345115],[12.343,51.33034100679636],[12.343008460026986,51.330342724345115],[12.343013688612551,51.33034722094644],[12.343013688614212,51.33035277905195],[12.343008460029672,51.330357275654265],[12.343,51.33035899320363]]]}},{"type":"Feature","properties":{"wassersumme":140},"geometry":{"type":"Polygon","coordinates":[[[12.397680000000001,51.34744899320363],[12.397671536815599,51.34744727565426],[12.397666306281332,51.34744277905196],[12.397666306282993,51.34743722094643],[12.397671536818288,51.347432724345104],[12.397680000000001,51.34743100679636],[12.397688463181714,51.347432724345104],[12.397693693717011,51.34743722094643],[12.39769369371867,51.34744277905196],[12.397688463184402,51.34744727565426],[12.397680000000001,51.34744899320363]]]}},{"type":"Feature","properties":{"wassersumme":700},"geometry":{"type":"Polygon","coordinates":[[[12.30809,51.329118993203636],[12.308081540199108,51.32911727565428],[12.30807631175596,51.32911277905197],[12.308076311757619,51.32910722094646],[12.308081540201792,51.32910272434513],[12.30809,51.32910100679637],[12.308098459798211,51.32910272434513],[12.308103688242383,51.32910722094646],[12.308103688244042,51.32911277905197],[12.308098459800894,51.32911727565428],[12.30809,51.329118993203636]]]}},{"type":"Feature","properties":{"wassersumme":410},"geometry":{"type":"Polygon","coordinates":[[[12.30644,51.32970899320363],[12.306431540090255,51.32970727565426],[12.306426311579834,51.32970277905195],[12.306426311581493,51.329697220946436],[12.306431540092941,51.329692724345115],[12.30644,51.32969100679635],[12.306448459907061,51.329692724345115],[12.30645368841851,51.329697220946436],[12.306453688420167,51.32970277905195],[12.306448459909745,51.32970727565426],[12.30644,51.32970899320363]]]}},{"type":"Feature","properties":{"wassersumme":1180},"geometry":{"type":"Polygon","coordinates":[[[12.38409,51.30103899320362],[12.384081545375432,51.30103727565427],[12.384076320131426,51.30103277905195],[12.384076320133083,51.30102722094644],[12.384081545378113,51.3010227243451],[12.38409,51.301021006796354],[12.384098454621887,51.3010227243451],[12.384103679866916,51.30102722094644],[12.384103679868574,51.30103277905195],[12.384098454624569,51.30103727565427],[12.38409,51.30103899320362]]]}},{"type":"Feature","properties":{"wassersumme":160},"geometry":{"type":"Polygon","coordinates":[[[12.36755,51.34022899320364],[12.367541538148753,51.34022727565427],[12.367536308438421,51.34022277905196],[12.36753630844008,51.340217220946435],[12.36754153815144,51.340212724345115],[12.36755,51.340211006796366],[12.367558461848558,51.340212724345115],[12.36756369155992,51.340217220946435],[12.367563691561578,51.34022277905196],[12.367558461851246,51.34022727565427],[12.36755,51.34022899320364]]]}},{"type":"Feature","properties":{"wassersumme":200},"geometry":{"type":"Polygon","coordinates":[[[12.31152,51.34698899320364],[12.311511536900555,51.34698727565427],[12.31150630641879,51.346982779051956],[12.311506306420451,51.346977220946435],[12.311511536903241,51.346972724345115],[12.31152,51.346971006796366],[12.31152846309676,51.346972724345115],[12.311533693579552,51.346977220946435],[12.311533693581213,51.346982779051956],[12.31152846309945,51.34698727565427],[12.31152,51.34698899320364]]]}},{"type":"Feature","properties":{"wassersumme":50},"geometry":{"type":"Polygon","coordinates":[[[12.32324,51.323408993203635],[12.32323154125238,51.32340727565427],[12.323226313460188,51.32340277905195],[12.323226313461848,51.32339722094644],[12.323231541255064,51.32339272434511],[12.32324,51.32339100679636],[12.32324845874494,51.32339272434511],[12.323253686538155,51.32339722094644],[12.323253686539815,51.32340277905195],[12.323248458747624,51.32340727565427],[12.32324,51.323408993203635]]]}},{"type":"Feature","properties":{"wassersumme":100},"geometry":{"type":"Polygon","coordinates":[[[12.33802,51.31887899320363],[12.338011542087738,51.31887727565426],[12.33800631481183,51.31887277905196],[12.338006314813487,51.318867220946444],[12.338011542090424,51.31886272434512],[12.33802,51.31886100679636],[12.33802845790958,51.31886272434512],[12.338033685186515,51.318867220946444],[12.33803368518817,51.31887277905196],[12.338028457912262,51.31887727565426],[12.33802,51.31887899320363]]]}},{"type":"Feature","properties":{"wassersumme":25},"geometry":{"type":"Polygon","coordinates":[[[12.37138,51.31820899320362],[12.371371542211271,51.31820727565425],[12.37136631501171,51.31820277905195],[12.371366315013367,51.31819722094643],[12.371371542213954,51.31819272434511],[12.37138,51.31819100679635],[12.371388457786043,51.31819272434511],[12.37139368498663,51.31819722094643],[12.371393684988288,51.31820277905195],[12.371388457788727,51.31820727565425],[12.37138,51.31820899320362]]]}},{"type":"Feature","properties":{"wassersumme":30},"geometry":{"type":"Polygon","coordinates":[[[12.3977,51.34739899320362],[12.397691536824833,51.34739727565426],[12.39768630629627,51.347392779051944],[12.397686306297933,51.34738722094643],[12.397691536827521,51.34738272434511],[12.3977,51.347381006796354],[12.39770846317248,51.34738272434511],[12.397713693702068,51.34738722094643],[12.39771369370373,51.347392779051944],[12.397708463175169,51.34739727565426],[12.3977,51.34739899320362]]]}},{"type":"Feature","properties":{"wassersumme":60},"geometry":{"type":"Polygon","coordinates":[[[12.323659999999999,51.32335899320363],[12.323651541261599,51.32335727565426],[12.323646313475107,51.323352779051945],[12.323646313476765,51.32334722094644],[12.323651541264281,51.32334272434512],[12.323659999999999,51.323341006796355],[12.323668458735716,51.32334272434512],[12.323673686523234,51.32334722094644],[12.323673686524891,51.323352779051945],[12.3236684587384,51.32335727565426],[12.323659999999999,51.32335899320363]]]}},{"type":"Feature","properties":{"wassersumme":150},"geometry":{"type":"Polygon","coordinates":[[[12.40565,51.29838899320363],[12.405641545863505,51.298387275654264],[12.405636320921147,51.29838277905196],[12.405636320922802,51.298377220946435],[12.405641545866185,51.298372724345114],[12.40565,51.29837100679635],[12.405658454133814,51.298372724345114],[12.405663679077197,51.298377220946435],[12.405663679078852,51.29838277905196],[12.405658454136494,51.298387275654264],[12.40565,51.29838899320363]]]}},{"type":"Feature","properties":{"wassersumme":82},"geometry":{"type":"Polygon","coordinates":[[[12.40739,51.34660899320363],[12.40738153697073,51.346607275654264],[12.40737630653234,51.34660277905195],[12.407376306534001,51.346597220946435],[12.40738153697342,51.34659272434511],[12.40739,51.346591006796345],[12.407398463026581,51.34659272434511],[12.407403693466001,51.346597220946435],[12.40740369346766,51.34660277905195],[12.407398463029269,51.346607275654264],[12.40739,51.34660899320363]]]}},{"type":"Feature","properties":{"wassersumme":110},"geometry":{"type":"Polygon","coordinates":[[[12.33134,51.33835899320364],[12.331331538493957,51.33835727565427],[12.331326308996966,51.33835277905197],[12.331326308998626,51.338347220946446],[12.331331538496642,51.338342724345125],[12.33134,51.338341006796355],[12.331348461503358,51.338342724345125],[12.331353691001373,51.338347220946446],[12.331353691003034,51.33835277905197],[12.331348461506046,51.33835727565427],[12.33134,51.33835899320364]]]}},{"type":"Feature","properties":{"wassersumme":330},"geometry":{"type":"Polygon","coordinates":[[[12.30634,51.329768993203636],[12.306331540079187,51.32976727565427],[12.306326311561921,51.32976277905197],[12.306326311563582,51.32975722094644],[12.30633154008187,51.32975272434512],[12.30634,51.329751006796364],[12.30634845991813,51.32975272434512],[12.30635368843642,51.32975722094644],[12.30635368843808,51.32976277905197],[12.306348459920814,51.32976727565427],[12.30634,51.329768993203636]]]}},{"type":"Feature","properties":{"wassersumme":70},"geometry":{"type":"Polygon","coordinates":[[[12.3669,51.34517899320363],[12.366891537234807,51.34517727565427],[12.366886306959623,51.34517277905196],[12.366886306961284,51.34516722094644],[12.366891537237494,51.345162724345116],[12.3669,51.34516100679636],[12.366908462762504,51.345162724345116],[12.366913693038713,51.34516722094644],[12.366913693040374,51.34517277905196],[12.36690846276519,51.34517727565427],[12.3669,51.34517899320363]]]}},{"type":"Feature","properties":{"wassersumme":105},"geometry":{"type":"Polygon","coordinates":[[[12.371830000000001,51.347998993203625],[12.37182153671402,51.347997275654265],[12.371816306116973,51.347992779051964],[12.371816306118632,51.347987220946436],[12.371821536716707,51.347982724345115],[12.371830000000001,51.34798100679637],[12.371838463283293,51.347982724345115],[12.371843693881369,51.347987220946436],[12.371843693883028,51.347992779051964],[12.37183846328598,51.347997275654265],[12.371830000000001,51.347998993203625]]]}},{"type":"Feature","properties":{"wassersumme":70},"geometry":{"type":"Polygon","coordinates":[[[12.3381,51.32028899320363],[12.338091541827751,51.320287275654266],[12.338086314391157,51.32028277905196],[12.338086314392815,51.320277220946444],[12.338091541830433,51.32027272434512],[12.3381,51.32027100679636],[12.338108458169566,51.32027272434512],[12.338113685607185,51.320277220946444],[12.338113685608846,51.32028277905196],[12.338108458172252,51.320287275654266],[12.3381,51.32028899320363]]]}},{"type":"Feature","properties":{"wassersumme":180},"geometry":{"type":"Polygon","coordinates":[[[12.38608,51.363308993203624],[12.386071533885142,51.363307275654265],[12.386066301539751,51.36330277905196],[12.38606630154141,51.36329722094644],[12.386071533887831,51.36329272434512],[12.38608,51.363291006796366],[12.386088466112168,51.36329272434512],[12.38609369845859,51.36329722094644],[12.38609369846025,51.36330277905196],[12.386088466114858,51.363307275654265],[12.38608,51.363308993203624]]]}},{"type":"Feature","properties":{"wassersumme":763},"geometry":{"type":"Polygon","coordinates":[[[12.37132,51.319178993203636],[12.371311542032423,51.31917727565427],[12.371306314722325,51.319172779051954],[12.371306314723986,51.31916722094645],[12.371311542035105,51.31916272434512],[12.37132,51.319161006796364],[12.371328457964895,51.31916272434512],[12.371333685276015,51.31916722094645],[12.371333685277675,51.319172779051954],[12.371328457967577,51.31917727565427],[12.37132,51.319178993203636]]]}},{"type":"Feature","properties":{"wassersumme":20},"geometry":{"type":"Polygon","coordinates":[[[12.394259999999997,51.30338899320363],[12.394251544942547,51.303387275654266],[12.394246319431007,51.30338277905195],[12.394246319432662,51.303377220946444],[12.394251544945229,51.3033727243451],[12.394259999999997,51.303371006796354],[12.394268455054771,51.3033727243451],[12.394273680567338,51.303377220946444],[12.394273680568993,51.30338277905195],[12.39426845505745,51.303387275654266],[12.394259999999997,51.30338899320363]]]}},{"type":"Feature","properties":{"wassersumme":440},"geometry":{"type":"Polygon","coordinates":[[[12.32097,51.32174899320362],[12.320961541558518,51.32174727565426],[12.320956313955534,51.321742779051945],[12.320956313957192,51.32173722094643],[12.320961541561202,51.32173272434511],[12.32097,51.32173100679635],[12.3209784584388,51.32173272434511],[12.32098368604281,51.32173722094643],[12.320983686044471,51.321742779051945],[12.320978458441484,51.32174727565426],[12.32097,51.32174899320362]]]}},{"type":"Feature","properties":{"wassersumme":220},"geometry":{"type":"Polygon","coordinates":[[[12.32383,51.33328899320363],[12.323821539429684,51.33328727565426],[12.323816310511008,51.33328277905196],[12.323816310512669,51.333277220946435],[12.323821539432371,51.333272724345115],[12.32383,51.33327100679635],[12.323838460567625,51.333272724345115],[12.32384368948733,51.333277220946435],[12.323843689488989,51.33328277905196],[12.323838460570313,51.33328727565426],[12.32383,51.33328899320363]]]}},{"type":"Feature","properties":{"wassersumme":60},"geometry":{"type":"Polygon","coordinates":[[[12.33813,51.31884899320363],[12.33812154209327,51.31884727565427],[12.338116314820779,51.31884277905195],[12.338116314822436,51.31883722094645],[12.338121542095953,51.31883272434512],[12.33813,51.31883100679636],[12.338138457904046,51.31883272434512],[12.338143685177563,51.31883722094645],[12.33814368517922,51.31884277905195],[12.33813845790673,51.31884727565427],[12.33813,51.31884899320363]]]}},{"type":"Feature","properties":{"wassersumme":364},"geometry":{"type":"Polygon","coordinates":[[[12.40223,51.33415899320364],[12.402221539269135,51.33415727565427],[12.402216310251234,51.33415277905196],[12.402216310252895,51.33414722094644],[12.402221539271823,51.33414272434512],[12.40223,51.334141006796365],[12.402238460728176,51.33414272434512],[12.402243689747104,51.33414722094644],[12.402243689748763,51.33415277905196],[12.402238460730864,51.33415727565427],[12.40223,51.33415899320364]]]}},{"type":"Feature","properties":{"wassersumme":132},"geometry":{"type":"Polygon","coordinates":[[[12.43597,51.34638899320364],[12.43596153701136,51.34638727565427],[12.43595630659808,51.346382779051964],[12.43595630659974,51.346377220946444],[12.435961537014048,51.34637272434512],[12.43597,51.34637100679636],[12.435978462985956,51.34637272434512],[12.435983693400262,51.346377220946444],[12.435983693401923,51.346382779051964],[12.435978462988642,51.34638727565427],[12.43597,51.34638899320364]]]}},{"type":"Feature","properties":{"wassersumme":600},"geometry":{"type":"Polygon","coordinates":[[[12.41251,51.30740899320364],[12.412501544201906,51.30740727565428],[12.412496318232622,51.30740277905196],[12.412496318234277,51.30739722094645],[12.412501544204586,51.30739272434512],[12.41251,51.30739100679636],[12.41251845579541,51.30739272434512],[12.41252368176572,51.30739722094645],[12.412523681767377,51.30740277905196],[12.412518455798093,51.30740727565428],[12.41251,51.30740899320364]]]}},{"type":"Feature","properties":{"wassersumme":116},"geometry":{"type":"Polygon","coordinates":[[[12.321183400000002,51.32299369320363],[12.321174941328971,51.32299197565427],[12.321169713584117,51.32298747905196],[12.321169713585777,51.32298192094644],[12.321174941331655,51.32297742434512],[12.321183400000002,51.32297570679636],[12.321191858668348,51.32297742434512],[12.321197086414228,51.32298192094644],[12.321197086415886,51.32298747905196],[12.321191858671032,51.32299197565427],[12.321183400000002,51.32299369320363]]]}},{"type":"Feature","properties":{"wassersumme":220},"geometry":{"type":"Polygon","coordinates":[[[12.27596,51.32588899320363],[12.275951540794955,51.32588727565427],[12.275946312720064,51.32588277905195],[12.275946312721723,51.32587722094644],[12.275951540797639,51.32587272434511],[12.27596,51.325871006796355],[12.275968459202357,51.32587272434511],[12.275973687278272,51.32587722094644],[12.275973687279933,51.32588277905195],[12.27596845920504,51.32588727565427],[12.27596,51.32588899320363]]]}},{"type":"Feature","properties":{"wassersumme":280},"geometry":{"type":"Polygon","coordinates":[[[12.30809,51.32939899320363],[12.308081540147448,51.32939727565427],[12.308076311672373,51.32939277905194],[12.308076311674036,51.32938722094644],[12.308081540150132,51.32938272434511],[12.30809,51.32938100679636],[12.30809845984987,51.32938272434511],[12.308103688325968,51.32938722094644],[12.308103688327629,51.32939277905194],[12.308098459852554,51.32939727565427],[12.30809,51.32939899320363]]]}},{"type":"Feature","properties":{"wassersumme":90},"geometry":{"type":"Polygon","coordinates":[[[12.33138,51.32823899320363],[12.331371540361454,51.32823727565426],[12.331366312018643,51.32823277905195],[12.331366312020304,51.328227220946445],[12.331371540364138,51.32822272434512],[12.33138,51.32822100679636],[12.33138845963586,51.32822272434512],[12.331393687979697,51.328227220946445],[12.331393687981357,51.32823277905195],[12.331388459638546,51.32823727565426],[12.33138,51.32823899320363]]]}},{"type":"Feature","properties":{"wassersumme":400},"geometry":{"type":"Polygon","coordinates":[[[12.27588,51.32716899320363],[12.275871540558846,51.32716727565426],[12.275866312338028,51.327162779051946],[12.275866312339685,51.32715722094643],[12.275871540561528,51.327152724345105],[12.27588,51.32715100679634],[12.275888459438475,51.327152724345105],[12.275893687660318,51.32715722094643],[12.275893687661975,51.327162779051946],[12.275888459441157,51.32716727565426],[12.27588,51.32716899320363]]]}},{"type":"Feature","properties":{"wassersumme":50},"geometry":{"type":"Polygon","coordinates":[[[12.37134,51.31936899320363],[12.371331541997389,51.319367275654265],[12.371326314665641,51.31936277905195],[12.3713263146673,51.31935722094644],[12.371331542000073,51.31935272434512],[12.37134,51.31935100679637],[12.371348457999925,51.31935272434512],[12.3713536853327,51.31935722094644],[12.371353685334359,51.31936277905195],[12.371348458002611,51.319367275654265],[12.37134,51.31936899320363]]]}},{"type":"Feature","properties":{"wassersumme":190},"geometry":{"type":"Polygon","coordinates":[[[12.40667,51.36849899320364],[12.406661532925602,51.36849727565427],[12.406656299987183,51.36849277905196],[12.406656299988844,51.36848722094644],[12.406661532928291,51.36848272434512],[12.40667,51.36848100679636],[12.406678467071707,51.36848272434512],[12.406683700011154,51.36848722094644],[12.406683700012817,51.36849277905196],[12.406678467074398,51.36849727565427],[12.40667,51.36849899320364]]]}},{"type":"Feature","properties":{"wassersumme":67},"geometry":{"type":"Polygon","coordinates":[[[12.35594,51.334308993203635],[12.355931539241455,51.33430727565427],[12.355926310206446,51.33430277905196],[12.355926310208106,51.334297220946446],[12.355931539244141,51.33429272434511],[12.35594,51.334291006796356],[12.35594846075586,51.33429272434511],[12.355953689791896,51.334297220946446],[12.355953689793555,51.33430277905196],[12.355948460758546,51.33430727565427],[12.35594,51.334308993203635]]]}},{"type":"Feature","properties":{"wassersumme":130},"geometry":{"type":"Polygon","coordinates":[[[12.34464,51.325338993203644],[12.344631540896406,51.32533727565427],[12.344626312884214,51.325332779051955],[12.344626312885872,51.32532722094644],[12.34463154089909,51.32532272434512],[12.34464,51.32532100679637],[12.34464845910091,51.32532272434512],[12.344653687114128,51.32532722094644],[12.344653687115786,51.325332779051955],[12.344648459103594,51.32533727565427],[12.34464,51.325338993203644]]]}},{"type":"Feature","properties":{"wassersumme":100},"geometry":{"type":"Polygon","coordinates":[[[12.33716,51.319088993203636],[12.33715154204902,51.31908727565427],[12.337146314749178,51.31908277905196],[12.337146314750838,51.31907722094645],[12.337151542051702,51.31907272434512],[12.33716,51.319071006796364],[12.337168457948302,51.31907272434512],[12.337173685249166,51.31907722094645],[12.337173685250825,51.31908277905196],[12.337168457950984,51.31908727565427],[12.33716,51.319088993203636]]]}},{"type":"Feature","properties":{"wassersumme":100},"geometry":{"type":"Polygon","coordinates":[[[12.28871,51.31293899320364],[12.28870154318278,51.31293727565427],[12.288696316583646,51.31293277905196],[12.288696316585304,51.312927220946435],[12.288701543185466,51.31292272434511],[12.28871,51.312921006796365],[12.288718456814536,51.31292272434511],[12.288723683414695,51.312927220946435],[12.288723683416354,51.31293277905196],[12.288718456817218,51.31293727565427],[12.28871,51.31293899320364]]]}},{"type":"Feature","properties":{"wassersumme":20},"geometry":{"type":"Polygon","coordinates":[[[12.358469999999999,51.35777899320364],[12.358461534907224,51.35777727565427],[12.358456303193517,51.357772779051956],[12.35845630319518,51.357767220946435],[12.358461534909914,51.357762724345115],[12.358469999999999,51.35776100679636],[12.358478465090085,51.357762724345115],[12.35848369680482,51.357767220946435],[12.358483696806482,51.357772779051956],[12.358478465092775,51.35777727565427],[12.358469999999999,51.35777899320364]]]}},{"type":"Feature","properties":{"wassersumme":40},"geometry":{"type":"Polygon","coordinates":[[[12.32053,51.37525899320363],[12.320521531675364,51.37525727565426],[12.320516297964259,51.375252779051955],[12.320516297965924,51.37524722094644],[12.320521531678057,51.375242724345114],[12.32053,51.37524100679636],[12.320538468321944,51.375242724345114],[12.320543702034078,51.37524722094644],[12.32054370203574,51.375252779051955],[12.320538468324635,51.37525727565426],[12.32053,51.37525899320363]]]}},{"type":"Feature","properties":{"wassersumme":460},"geometry":{"type":"Polygon","coordinates":[[[12.30566,51.33102899320364],[12.305651539846709,51.33102727565427],[12.305646311185768,51.331022779051956],[12.305646311187425,51.33101722094645],[12.305651539849395,51.33101272434512],[12.30566,51.33101100679636],[12.305668460150606,51.33101272434512],[12.305673688812572,51.33101722094645],[12.305673688814233,51.331022779051956],[12.305668460153289,51.33102727565427],[12.30566,51.33102899320364]]]}},{"type":"Feature","properties":{"wassersumme":260},"geometry":{"type":"Polygon","coordinates":[[[12.30538,51.33033899320363],[12.30537153997402,51.330337275654266],[12.30536631139176,51.33033277905195],[12.30536631139342,51.33032722094644],[12.305371539976706,51.33032272434511],[12.30538,51.330321006796346],[12.305388460023295,51.33032272434511],[12.30539368860658,51.33032722094644],[12.305393688608241,51.33033277905195],[12.305388460025982,51.330337275654266],[12.30538,51.33033899320363]]]}},{"type":"Feature","properties":{"wassersumme":80},"geometry":{"type":"Polygon","coordinates":[[[12.40922,51.34656899320362],[12.409211536978116,51.346567275654266],[12.409206306544291,51.34656277905195],[12.40920630654595,51.34655722094644],[12.409211536980804,51.34655272434511],[12.40922,51.34655100679635],[12.409228463019195,51.34655272434511],[12.409233693454047,51.34655722094644],[12.409233693455707,51.34656277905195],[12.409228463021881,51.346567275654266],[12.40922,51.34656899320362]]]}},{"type":"Feature","properties":{"wassersumme":140},"geometry":{"type":"Polygon","coordinates":[[[12.30638,51.32974899320364],[12.306371540082877,51.32974727565427],[12.306366311567894,51.32974277905196],[12.306366311569553,51.329737220946434],[12.30637154008556,51.329732724345114],[12.30638,51.329731006796365],[12.30638845991444,51.329732724345114],[12.30639368843045,51.329737220946434],[12.30639368843211,51.32974277905196],[12.306388459917127,51.32974727565427],[12.30638,51.32974899320364]]]}},{"type":"Feature","properties":{"wassersumme":100},"geometry":{"type":"Polygon","coordinates":[[[12.28891,51.312978993203636],[12.28890154317541,51.31297727565427],[12.288896316571718,51.312972779051954],[12.288896316573373,51.31296722094645],[12.288901543178092,51.31296272434512],[12.28891,51.312961006796364],[12.288918456821905,51.31296272434512],[12.288923683426624,51.31296722094645],[12.28892368342828,51.312972779051954],[12.28891845682459,51.31297727565427],[12.28891,51.312978993203636]]]}},{"type":"Feature","properties":{"wassersumme":680},"geometry":{"type":"Polygon","coordinates":[[[12.40599,51.34174899320363],[12.405981537868133,51.34174727565427],[12.405976307984371,51.34174277905195],[12.40597630798603,51.34173722094645],[12.405981537870822,51.341732724345114],[12.40599,51.34173100679636],[12.405998462129176,51.341732724345114],[12.406003692013968,51.34173722094645],[12.406003692015629,51.34174277905195],[12.405998462131864,51.34174727565427],[12.40599,51.34174899320363]]]}},{"type":"Feature","properties":{"wassersumme":200},"geometry":{"type":"Polygon","coordinates":[[[12.399060000000002,51.34722899320363],[12.39905153685623,51.34722727565426],[12.399046306347072,51.34722277905196],[12.399046306348733,51.34721722094644],[12.399051536858916,51.34721272434512],[12.399060000000002,51.347211006796364],[12.399068463141084,51.34721272434512],[12.399073693651268,51.34721722094644],[12.39907369365293,51.34722277905196],[12.399068463143772,51.34722727565426],[12.399060000000002,51.34722899320363]]]}},{"type":"Feature","properties":{"wassersumme":98},"geometry":{"type":"Polygon","coordinates":[[[12.408330000000001,51.35448899320364],[12.408321535515146,51.35448727565428],[12.408316304177154,51.354482779051956],[12.408316304178816,51.35447722094645],[12.408321535517835,51.35447272434511],[12.408330000000001,51.35447100679636],[12.408338464482167,51.35447272434511],[12.408343695821186,51.35447722094645],[12.408343695822847,51.354482779051956],[12.408338464484856,51.35448727565428],[12.408330000000001,51.35448899320364]]]}},{"type":"Feature","properties":{"wassersumme":280},"geometry":{"type":"Polygon","coordinates":[[[12.30819,51.32945899320362],[12.30818154013638,51.32945727565426],[12.308176311654465,51.32945277905195],[12.308176311656123,51.329447220946435],[12.308181540139064,51.329442724345114],[12.30819,51.32944100679635],[12.308198459860938,51.329442724345114],[12.308203688343879,51.329447220946435],[12.308203688345536,51.32945277905195],[12.308198459863622,51.32945727565426],[12.30819,51.32945899320362]]]}},{"type":"Feature","properties":{"wassersumme":80},"geometry":{"type":"Polygon","coordinates":[[[12.40938,51.34655899320363],[12.409371536979966,51.34655727565426],[12.40936630654728,51.34655277905195],[12.40936630654894,51.34654722094644],[12.409371536982654,51.34654272434511],[12.40938,51.34654100679636],[12.409388463017345,51.34654272434511],[12.40939369345106,51.34654722094644],[12.409393693452719,51.34655277905195],[12.409388463020035,51.34655727565426],[12.40938,51.34655899320363]]]}},{"type":"Feature","properties":{"wassersumme":230},"geometry":{"type":"Polygon","coordinates":[[[12.412520000000002,51.30734899320363],[12.412511544212963,51.30734727565427],[12.412506318250513,51.30734277905196],[12.41250631825217,51.307337220946444],[12.412511544215645,51.30733272434512],[12.412520000000002,51.30733100679636],[12.41252845578436,51.30733272434512],[12.412533681747833,51.307337220946444],[12.41253368174949,51.30734277905196],[12.41252845578704,51.30734727565427],[12.412520000000002,51.30734899320363]]]}},{"type":"Feature","properties":{"wassersumme":63},"geometry":{"type":"Polygon","coordinates":[[[12.40736,51.346328993203635],[12.407351537022441,51.34632727565427],[12.407346306616004,51.34632277905196],[12.407346306617667,51.346317220946446],[12.407351537025127,51.34631272434512],[12.40736,51.34631100679636],[12.407368462974873,51.34631272434512],[12.40737369338233,51.346317220946446],[12.407373693383994,51.34632277905196],[12.407368462977558,51.34632727565427],[12.40736,51.346328993203635]]]}},{"type":"Feature","properties":{"wassersumme":75},"geometry":{"type":"Polygon","coordinates":[[[12.39437,51.33187899320364],[12.39436153968987,51.33187727565427],[12.394356310931999,51.331872779051956],[12.394356310933658,51.33186722094645],[12.394361539692555,51.33186272434513],[12.39437,51.331861006796366],[12.394378460307445,51.33186272434513],[12.394383689066341,51.33186722094645],[12.394383689068002,51.331872779051956],[12.39437846031013,51.33187727565427],[12.39437,51.33187899320364]]]}},{"type":"Feature","properties":{"wassersumme":20},"geometry":{"type":"Polygon","coordinates":[[[12.34411,51.33106899320363],[12.344101539839329,51.33106727565426],[12.344096311173827,51.33106277905195],[12.344096311175486,51.33105722094644],[12.344101539842013,51.33105272434512],[12.34411,51.33105100679635],[12.344118460157988,51.33105272434512],[12.344123688824515,51.33105722094644],[12.344123688826175,51.33106277905195],[12.34411846016067,51.33106727565426],[12.34411,51.33106899320363]]]}},{"type":"Feature","properties":{"wassersumme":10},"geometry":{"type":"Polygon","coordinates":[[[12.40503,51.316078993203625],[12.405021542603967,51.31607727565427],[12.405016315647106,51.316072779051964],[12.405016315648762,51.31606722094645],[12.40502154260665,51.31606272434513],[12.40503,51.31606100679637],[12.405038457393351,51.31606272434513],[12.405043684351238,51.31606722094645],[12.405043684352897,51.316072779051964],[12.405038457396033,51.31607727565427],[12.40503,51.316078993203625]]]}},{"type":"Feature","properties":{"wassersumme":190},"geometry":{"type":"Polygon","coordinates":[[[12.40801,51.31112899320364],[12.408001543516386,51.31112727565427],[12.407996317123425,51.311122779051956],[12.407996317125082,51.31111722094644],[12.408001543519065,51.31111272434512],[12.40801,51.31111100679635],[12.408018456480935,51.31111272434512],[12.40802368287492,51.31111722094644],[12.408023682876578,51.311122779051956],[12.408018456483617,51.31112727565427],[12.40801,51.31112899320364]]]}},{"type":"Feature","properties":{"wassersumme":420},"geometry":{"type":"Polygon","coordinates":[[[12.29456,51.307178993203635],[12.294551544244285,51.30717727565426],[12.294546318301194,51.30717277905196],[12.294546318302853,51.30716722094643],[12.294551544246968,51.30716272434511],[12.29456,51.30716100679636],[12.294568455753033,51.30716272434511],[12.294573681697146,51.30716722094643],[12.294573681698806,51.30717277905196],[12.294568455755714,51.30717727565426],[12.29456,51.307178993203635]]]}},{"type":"Feature","properties":{"wassersumme":750},"geometry":{"type":"Polygon","coordinates":[[[12.37135,51.31951899320362],[12.37134154196973,51.31951727565426],[12.371336314620889,51.31951277905195],[12.371336314622548,51.31950722094644],[12.371341541972415,51.319502724345114],[12.37135,51.31950100679635],[12.371358458027585,51.319502724345114],[12.371363685377451,51.31950722094644],[12.37136368537911,51.31951277905195],[12.371358458030269,51.31951727565426],[12.37135,51.31951899320362]]]}},{"type":"Feature","properties":{"wassersumme":310},"geometry":{"type":"Polygon","coordinates":[[[12.2626,51.35693899320362],[12.26259153506245,51.35693727565425],[12.262586303444676,51.356932779051945],[12.262586303446337,51.35692722094643],[12.262591535065138,51.35692272434511],[12.2626,51.35692100679635],[12.26260846493486,51.35692272434511],[12.262613696553663,51.35692722094643],[12.262613696555324,51.356932779051945],[12.26260846493755,51.35693727565425],[12.2626,51.35693899320362]]]}},{"type":"Feature","properties":{"wassersumme":500},"geometry":{"type":"Polygon","coordinates":[[[12.274159999999998,51.32704899320363],[12.274151540580979,51.32704727565427],[12.274146312373842,51.32704277905196],[12.2741463123755,51.327037220946444],[12.274151540583665,51.32703272434511],[12.274159999999998,51.32703100679636],[12.274168459416334,51.32703272434511],[12.274173687624497,51.327037220946444],[12.274173687626156,51.32704277905196],[12.27416845941902,51.32704727565427],[12.274159999999998,51.32704899320363]]]}},{"type":"Feature","properties":{"wassersumme":104},"geometry":{"type":"Polygon","coordinates":[[[12.39895,51.33890899320363],[12.398941538392428,51.338907275654265],[12.398936308832694,51.33890277905195],[12.398936308834351,51.338897220946436],[12.398941538395114,51.338892724345115],[12.39895,51.33889100679635],[12.398958461604884,51.338892724345115],[12.398963691165646,51.338897220946436],[12.398963691167303,51.33890277905195],[12.398958461607569,51.338907275654265],[12.39895,51.33890899320363]]]}},{"type":"Feature","properties":{"wassersumme":135},"geometry":{"type":"Polygon","coordinates":[[[12.4727,51.35688899320363],[12.472691535071686,51.35688727565426],[12.472686303459625,51.35688277905194],[12.472686303461284,51.35687722094644],[12.472691535074375,51.35687272434511],[12.4727,51.35687100679635],[12.47270846492562,51.35687272434511],[12.472713696538712,51.35687722094644],[12.472713696540374,51.35688277905194],[12.47270846492831,51.35688727565426],[12.4727,51.35688899320363]]]}},{"type":"Feature","properties":{"wassersumme":320},"geometry":{"type":"Polygon","coordinates":[[[12.36299,51.32899899320363],[12.362981540221245,51.32899727565427],[12.36297631179178,51.32899277905196],[12.36297631179344,51.32898722094643],[12.36298154022393,51.32898272434512],[12.36299,51.32898100679636],[12.362998459776069,51.32898272434512],[12.36300368820656,51.32898722094643],[12.363003688208222,51.32899277905196],[12.362998459778755,51.32899727565427],[12.36299,51.32899899320363]]]}},{"type":"Feature","properties":{"wassersumme":140},"geometry":{"type":"Polygon","coordinates":[[[12.305120000000002,51.33048899320364],[12.305111539946346,51.33048727565427],[12.305106311346982,51.330482779051955],[12.305106311348641,51.33047722094645],[12.305111539949031,51.330472724345114],[12.305120000000002,51.33047100679636],[12.305128460050973,51.330472724345114],[12.305133688651363,51.33047722094645],[12.305133688653022,51.330482779051955],[12.305128460053657,51.33048727565427],[12.305120000000002,51.33048899320364]]]}},{"type":"Feature","properties":{"wassersumme":100},"geometry":{"type":"Polygon","coordinates":[[[12.34197,51.32036899320363],[12.341961541812998,51.32036727565427],[12.34195631436729,51.32036277905197],[12.341956314368947,51.32035722094644],[12.341961541815682,51.32035272434512],[12.34197,51.32035100679636],[12.34197845818432,51.32035272434512],[12.341983685631053,51.32035722094644],[12.341983685632714,51.32036277905197],[12.341978458187006,51.32036727565427],[12.34197,51.32036899320363]]]}},{"type":"Feature","properties":{"wassersumme":635},"geometry":{"type":"Polygon","coordinates":[[[12.325609999999998,51.31677899320363],[12.325601542474915,51.31677727565426],[12.325596315438297,51.31677277905196],[12.325596315439954,51.31676722094643],[12.325601542477598,51.31676272434512],[12.325609999999998,51.316761006796355],[12.325618457522397,51.31676272434512],[12.325623684560043,51.31676722094643],[12.3256236845617,51.31677277905196],[12.32561845752508,51.31677727565426],[12.325609999999998,51.31677899320363]]]}},{"type":"Feature","properties":{"wassersumme":150},"geometry":{"type":"Polygon","coordinates":[[[12.293709999999999,51.32427899320362],[12.293701541091918,51.324277275654254],[12.293696313200558,51.324272779051945],[12.293696313202217,51.32426722094643],[12.293701541094602,51.32426272434511],[12.293709999999999,51.32426100679635],[12.293718458905397,51.32426272434511],[12.293723686797783,51.32426722094643],[12.29372368679944,51.324272779051945],[12.293718458908081,51.324277275654254],[12.293709999999999,51.32427899320362]]]}},{"type":"Feature","properties":{"wassersumme":434},"geometry":{"type":"Polygon","coordinates":[[[12.40235,51.33379899320364],[12.402341539335573,51.33379727565427],[12.402336310358729,51.333792779051954],[12.40233631036039,51.33378722094644],[12.402341539338257,51.33378272434511],[12.40235,51.33378100679636],[12.402358460661741,51.33378272434511],[12.40236368963961,51.33378722094644],[12.40236368964127,51.333792779051954],[12.402358460664429,51.33379727565427],[12.40235,51.33379899320364]]]}},{"type":"Feature","properties":{"wassersumme":466},"geometry":{"type":"Polygon","coordinates":[[[12.32116,51.321968993203626],[12.321151541517946,51.321967275654266],[12.321146313889885,51.32196277905196],[12.321146313891544,51.32195722094644],[12.321151541520631,51.32195272434512],[12.32116,51.32195100679636],[12.32116845847937,51.32195272434512],[12.321173686108457,51.32195722094644],[12.321173686110114,51.32196277905196],[12.321168458482054,51.321967275654266],[12.32116,51.321968993203626]]]}},{"type":"Feature","properties":{"wassersumme":20},"geometry":{"type":"Polygon","coordinates":[[[12.365789999999999,51.32190899320363],[12.36578154152901,51.32190727565426],[12.365776313907789,51.32190277905195],[12.365776313909446,51.32189722094644],[12.365781541531694,51.32189272434512],[12.365789999999999,51.321891006796356],[12.365798458468305,51.32189272434512],[12.365803686090553,51.32189722094644],[12.36580368609221,51.32190277905195],[12.365798458470989,51.32190727565426],[12.365789999999999,51.32190899320363]]]}},{"type":"Feature","properties":{"wassersumme":40},"geometry":{"type":"Polygon","coordinates":[[[12.31865,51.33966899320363],[12.318641538252132,51.339667275654264],[12.31863630860569,51.33966277905195],[12.318636308607351,51.33965722094644],[12.31864153825482,51.33965272434512],[12.31865,51.33965100679636],[12.318658461745178,51.33965272434512],[12.318663691392647,51.33965722094644],[12.318663691394308,51.33966277905195],[12.318658461747866,51.339667275654264],[12.31865,51.33966899320363]]]}},{"type":"Feature","properties":{"wassersumme":290},"geometry":{"type":"Polygon","coordinates":[[[12.30525,51.33040899320363],[12.305241539961102,51.33040727565427],[12.305236311370862,51.330402779051965],[12.30523631137252,51.33039722094644],[12.305241539963786,51.33039272434512],[12.30525,51.33039100679636],[12.30525846003621,51.33039272434512],[12.305263688627477,51.33039722094644],[12.305263688629134,51.330402779051965],[12.305258460038894,51.33040727565427],[12.30525,51.33040899320363]]]}},{"type":"Feature","properties":{"wassersumme":346},"geometry":{"type":"Polygon","coordinates":[[[12.321100000000001,51.322738993203636],[12.321091541375944,51.322737275654255],[12.32108631366012,51.32273277905195],[12.32108631366178,51.32272722094643],[12.321091541378626,51.32272272434511],[12.321100000000001,51.32272100679634],[12.321108458621373,51.32272272434511],[12.32111368633822,51.32272722094643],[12.32111368633988,51.32273277905195],[12.321108458624057,51.322737275654255],[12.321100000000001,51.322738993203636]]]}},{"type":"Feature","properties":{"wassersumme":100},"geometry":{"type":"Polygon","coordinates":[[[12.36209,51.335828993203634],[12.362081538960933,51.33582727565427],[12.36207630975255,51.33582277905195],[12.362076309754208,51.33581722094644],[12.362081538963617,51.33581272434511],[12.36209,51.335811006796355],[12.362098461036382,51.33581272434511],[12.36210369024579,51.33581722094644],[12.362103690247448,51.33582277905195],[12.36209846103907,51.33582727565427],[12.36209,51.335828993203634]]]}},{"type":"Feature","properties":{"wassersumme":400},"geometry":{"type":"Polygon","coordinates":[[[12.27637,51.32721899320363],[12.276361540549619,51.32721727565426],[12.2763563123231,51.32721277905196],[12.276356312324761,51.327207220946455],[12.276361540552303,51.32720272434512],[12.27637,51.327201006796365],[12.276378459447693,51.32720272434512],[12.276383687675239,51.327207220946455],[12.276383687676896,51.32721277905196],[12.276378459450378,51.32721727565426],[12.27637,51.32721899320363]]]}},{"type":"Feature","properties":{"wassersumme":184},"geometry":{"type":"Polygon","coordinates":[[[12.35787,51.34175899320364],[12.357861537866288,51.341757275654274],[12.357856307981383,51.34175277905196],[12.357856307983042,51.341747220946445],[12.357861537868976,51.34174272434512],[12.35787,51.341741006796354],[12.357878462131024,51.34174272434512],[12.357883692016957,51.341747220946445],[12.357883692018618,51.34175277905196],[12.35787846213371,51.341757275654274],[12.35787,51.34175899320364]]]}},{"type":"Feature","properties":{"wassersumme":440},"geometry":{"type":"Polygon","coordinates":[[[12.27614,51.32581899320362],[12.27613154080787,51.32581727565426],[12.276126312740958,51.325812779051944],[12.276126312742615,51.32580722094644],[12.276131540810555,51.32580272434511],[12.27614,51.32580100679636],[12.276148459189447,51.32580272434511],[12.276153687257384,51.32580722094644],[12.276153687259043,51.325812779051944],[12.27614845919213,51.32581727565426],[12.27614,51.32581899320362]]]}},{"type":"Feature","properties":{"wassersumme":511},"geometry":{"type":"Polygon","coordinates":[[[12.40866,51.37060899320364],[12.408651532535416,51.37060727565427],[12.40864629935585,51.37060277905196],[12.408646299357512,51.37059722094646],[12.408651532538109,51.37059272434513],[12.40866,51.37059100679637],[12.408668467461892,51.37059272434513],[12.408673700642485,51.37059722094646],[12.40867370064415,51.37060277905196],[12.408668467464581,51.37060727565427],[12.40866,51.37060899320364]]]}},{"type":"Feature","properties":{"wassersumme":100},"geometry":{"type":"Polygon","coordinates":[[[12.28794,51.31279899320364],[12.287931543208588,51.312797275654276],[12.287926316625398,51.31279277905197],[12.28792631662706,51.31278722094644],[12.28793154321127,51.31278272434512],[12.28794,51.312781006796364],[12.287948456788733,51.31278272434512],[12.287953683372942,51.31278722094644],[12.287953683374603,51.31279277905197],[12.287948456791414,51.312797275654276],[12.28794,51.31279899320364]]]}},{"type":"Feature","properties":{"wassersumme":340},"geometry":{"type":"Polygon","coordinates":[[[12.31852,51.34454899320364],[12.318511537351142,51.34454727565427],[12.318506307147857,51.34454277905196],[12.318506307149518,51.34453722094645],[12.318511537353828,51.34453272434512],[12.31852,51.344531006796366],[12.318528462646169,51.34453272434512],[12.318533692850478,51.34453722094645],[12.31853369285214,51.34454277905196],[12.318528462648855,51.34454727565427],[12.31852,51.34454899320364]]]}},{"type":"Feature","properties":{"wassersumme":290},"geometry":{"type":"Polygon","coordinates":[[[12.32508,51.34411899320362],[12.325071537430542,51.34411727565426],[12.325066307276332,51.34411277905197],[12.325066307277991,51.344107220946434],[12.325071537433232,51.34410272434512],[12.32508,51.34410100679637],[12.325088462566768,51.34410272434512],[12.325093692722008,51.344107220946434],[12.32509369272367,51.34411277905197],[12.325088462569456,51.34411727565426],[12.32508,51.34411899320362]]]}},{"type":"Feature","properties":{"wassersumme":460},"geometry":{"type":"Polygon","coordinates":[[[12.30826,51.32915899320363],[12.308251540191728,51.329157275654254],[12.30824631174402,51.32915277905194],[12.308246311745677,51.32914722094643],[12.30825154019441,51.32914272434511],[12.30826,51.32914100679634],[12.308268459805591,51.32914272434511],[12.308273688254323,51.32914722094643],[12.308273688255984,51.32915277905194],[12.308268459808275,51.329157275654254],[12.30826,51.32915899320363]]]}},{"type":"Feature","properties":{"wassersumme":80},"geometry":{"type":"Polygon","coordinates":[[[12.34428,51.325108993203635],[12.34427154093883,51.32510727565427],[12.344266312952856,51.32510277905195],[12.344266312954515,51.32509722094644],[12.344271540941515,51.32509272434512],[12.34428,51.325091006796356],[12.344288459058484,51.32509272434512],[12.344293687045484,51.32509722094644],[12.344293687047143,51.32510277905195],[12.34428845906117,51.32510727565427],[12.34428,51.325108993203635]]]}},{"type":"Feature","properties":{"wassersumme":110},"geometry":{"type":"Polygon","coordinates":[[[12.338910000000002,51.322828993203636],[12.338901541359348,51.32282727565427],[12.338896313633265,51.322822779051954],[12.338896313634924,51.322817220946455],[12.33890154136203,51.32281272434511],[12.338910000000002,51.32281100679636],[12.338918458637972,51.32281272434511],[12.33892368636508,51.322817220946455],[12.338923686366737,51.322822779051954],[12.338918458640658,51.32282727565427],[12.338910000000002,51.322828993203636]]]}},{"type":"Feature","properties":{"wassersumme":55},"geometry":{"type":"Polygon","coordinates":[[[12.32093,51.32213899320364],[12.320921541486594,51.32213727565427],[12.320916313839161,51.32213277905196],[12.320916313840819,51.32212722094645],[12.32092154148928,51.322122724345114],[12.32093,51.32212100679636],[12.320938458510721,51.322122724345114],[12.32094368615918,51.32212722094645],[12.320943686160842,51.32213277905196],[12.320938458513405,51.32213727565427],[12.32093,51.32213899320364]]]}},{"type":"Feature","properties":{"wassersumme":10},"geometry":{"type":"Polygon","coordinates":[[[12.397529999999998,51.34700899320363],[12.397521536896857,51.34700727565426],[12.397516306412811,51.34700277905196],[12.397516306414472,51.346997220946434],[12.397521536899545,51.346992724345114],[12.397529999999998,51.34699100679636],[12.397538463100451,51.346992724345114],[12.397543693585526,51.346997220946434],[12.397543693587187,51.34700277905196],[12.397538463103139,51.34700727565426],[12.397529999999998,51.34700899320363]]]}},{"type":"Feature","properties":{"wassersumme":100},"geometry":{"type":"Polygon","coordinates":[[[12.33838,51.32002899320363],[12.338371541875691,51.32002727565427],[12.33836631446873,51.32002277905195],[12.338366314470388,51.32001722094644],[12.338371541878375,51.32001272434512],[12.33838,51.32001100679636],[12.338388458121626,51.32001272434512],[12.338393685529612,51.32001722094644],[12.33839368553127,51.32002277905195],[12.338388458124308,51.32002727565427],[12.33838,51.32002899320363]]]}},{"type":"Feature","properties":{"wassersumme":13},"geometry":{"type":"Polygon","coordinates":[[[12.37687,51.36307899320364],[12.376861533927658,51.36307727565427],[12.376856301608544,51.363072779051954],[12.376856301610205,51.36306722094644],[12.376861533930347,51.36306272434511],[12.37687,51.36306100679635],[12.376878466069654,51.36306272434511],[12.376883698389795,51.36306722094644],[12.37688369839146,51.363072779051954],[12.376878466072343,51.36307727565427],[12.37687,51.36307899320364]]]}},{"type":"Feature","properties":{"wassersumme":100},"geometry":{"type":"Polygon","coordinates":[[[12.29382,51.32404899320363],[12.293811541134339,51.324047275654266],[12.293806313269197,51.32404277905195],[12.293806313270855,51.32403722094644],[12.293811541137023,51.32403272434511],[12.29382,51.324031006796346],[12.293828458862976,51.32403272434511],[12.293833686729142,51.32403722094644],[12.293833686730801,51.32404277905195],[12.293828458865658,51.324047275654266],[12.29382,51.32404899320363]]]}},{"type":"Feature","properties":{"wassersumme":2},"geometry":{"type":"Polygon","coordinates":[[[12.35324,51.332358993203634],[12.3532315396013,51.33235727565427],[12.353226310788687,51.33235277905195],[12.353226310790346,51.332347220946446],[12.353231539603984,51.33234272434512],[12.35324,51.33234100679636],[12.353248460396014,51.33234272434512],[12.353253689209652,51.332347220946446],[12.353253689211314,51.33235277905195],[12.353248460398701,51.33235727565427],[12.35324,51.332358993203634]]]}},{"type":"Feature","properties":{"wassersumme":540},"geometry":{"type":"Polygon","coordinates":[[[12.30832,51.32918899320364],[12.30831154018619,51.32918727565427],[12.30830631173506,51.32918277905196],[12.308306311736722,51.329177220946434],[12.308311540188875,51.32917272434512],[12.30832,51.32917100679636],[12.308328459811122,51.32917272434512],[12.308333688263277,51.329177220946434],[12.308333688264936,51.32918277905196],[12.308328459813806,51.32918727565427],[12.30832,51.32918899320364]]]}},{"type":"Feature","properties":{"wassersumme":40},"geometry":{"type":"Polygon","coordinates":[[[12.39709,51.33372899320364],[12.39708153934849,51.33372727565426],[12.397076310379633,51.33372277905196],[12.397076310381292,51.33371722094644],[12.397081539351177,51.33371272434512],[12.39709,51.33371100679635],[12.397098460648825,51.33371272434512],[12.39710368961871,51.33371722094644],[12.397103689620367,51.33372277905196],[12.397098460651511,51.33372727565426],[12.39709,51.33372899320364]]]}},{"type":"Feature","properties":{"wassersumme":20},"geometry":{"type":"Polygon","coordinates":[[[12.39362,51.303488993203636],[12.393611544924127,51.30348727565427],[12.393606319401199,51.303482779051954],[12.393606319402856,51.303477220946434],[12.393611544926808,51.303472724345106],[12.39362,51.30347100679636],[12.393628455073193,51.303472724345106],[12.393633680597144,51.303477220946434],[12.3936336805988,51.303482779051954],[12.393628455075875,51.30348727565427],[12.39362,51.303488993203636]]]}},{"type":"Feature","properties":{"wassersumme":100},"geometry":{"type":"Polygon","coordinates":[[[12.32449,51.34445899320364],[12.324481537367761,51.34445727565427],[12.324476307174749,51.344452779051956],[12.32447630717641,51.34444722094645],[12.324481537370449,51.344442724345114],[12.32449,51.34444100679636],[12.324498462629553,51.344442724345114],[12.32450369282359,51.34444722094645],[12.324503692825251,51.344452779051956],[12.324498462632237,51.34445727565427],[12.32449,51.34445899320364]]]}},{"type":"Feature","properties":{"wassersumme":460},"geometry":{"type":"Polygon","coordinates":[[[12.30833,51.32930899320364],[12.308321540164053,51.32930727565428],[12.308316311699242,51.32930277905195],[12.3083163117009,51.329297220946444],[12.30832154016674,51.329292724345116],[12.30833,51.32929100679635],[12.308338459833262,51.329292724345116],[12.3083436882991,51.329297220946444],[12.308343688300761,51.32930277905195],[12.30833845983595,51.32930727565428],[12.30833,51.32930899320364]]]}},{"type":"Feature","properties":{"wassersumme":140},"geometry":{"type":"Polygon","coordinates":[[[12.30495,51.330588993203634],[12.304941539927894,51.33058727565427],[12.304936311317128,51.33058277905195],[12.304936311318786,51.33057722094643],[12.304941539930576,51.3305727243451],[12.30495,51.33057100679636],[12.304958460069424,51.3305727243451],[12.304963688681216,51.33057722094643],[12.304963688682875,51.33058277905195],[12.304958460072108,51.33058727565427],[12.30495,51.330588993203634]]]}},{"type":"Feature","properties":{"wassersumme":340},"geometry":{"type":"Polygon","coordinates":[[[12.305799999999998,51.33008899320364],[12.305791540020143,51.33008727565427],[12.305786311466392,51.33008277905196],[12.305786311468049,51.330077220946436],[12.305791540022827,51.33007272434511],[12.305799999999998,51.33007100679636],[12.305808459977168,51.33007272434511],[12.305813688531947,51.330077220946436],[12.305813688533606,51.33008277905196],[12.305808459979852,51.33008727565427],[12.305799999999998,51.33008899320364]]]}},{"type":"Feature","properties":{"wassersumme":21},"geometry":{"type":"Polygon","coordinates":[[[12.45602,51.35653899320364],[12.456011535136364,51.35653727565427],[12.456006303564271,51.35653277905196],[12.456006303565934,51.35652722094643],[12.456011535139053,51.356522724345126],[12.45602,51.35652100679636],[12.456028464860948,51.356522724345126],[12.456033696434067,51.35652722094643],[12.45603369643573,51.35653277905196],[12.456028464863637,51.35653727565427],[12.45602,51.35653899320364]]]}},{"type":"Feature","properties":{"wassersumme":26},"geometry":{"type":"Polygon","coordinates":[[[12.30531,51.33045899320365],[12.305301539951879,51.33045727565428],[12.305296311355937,51.33045277905197],[12.305296311357598,51.330447220946446],[12.305301539954563,51.33044272434512],[12.30531,51.33044100679637],[12.305318460045438,51.33044272434512],[12.305323688642407,51.330447220946446],[12.305323688644066,51.33045277905197],[12.305318460048122,51.33045727565428],[12.30531,51.33045899320365]]]}},{"type":"Feature","properties":{"wassersumme":10},"geometry":{"type":"Polygon","coordinates":[[[12.40605,51.33606899320364],[12.406041538916638,51.336067275654266],[12.406036309680879,51.33606277905195],[12.40603630968254,51.336057220946444],[12.406041538919323,51.33605272434511],[12.40605,51.33605100679635],[12.406058461080681,51.33605272434511],[12.406063690317461,51.336057220946444],[12.406063690319122,51.33606277905195],[12.406058461083363,51.336067275654266],[12.40605,51.33606899320364]]]}},{"type":"Feature","properties":{"wassersumme":10},"geometry":{"type":"Polygon","coordinates":[[[12.36806,51.353228993203636],[12.368051535747936,51.35322727565427],[12.368046304553815,51.35322277905197],[12.368046304555477,51.35321722094645],[12.368051535750624,51.35321272434512],[12.36806,51.35321100679637],[12.368068464249376,51.35321272434512],[12.368073695444522,51.35321722094645],[12.368073695446185,51.35322277905197],[12.368068464252064,51.35322727565427],[12.36806,51.353228993203636]]]}},{"type":"Feature","properties":{"wassersumme":320},"geometry":{"type":"Polygon","coordinates":[[[12.3065,51.329678993203636],[12.30649154009579,51.32967727565428],[12.306486311588788,51.329672779051954],[12.306486311590449,51.32966722094645],[12.306491540098476,51.32966272434512],[12.3065,51.32966100679636],[12.306508459901526,51.32966272434512],[12.306513688409552,51.32966722094645],[12.306513688411211,51.329672779051954],[12.306508459904212,51.32967727565428],[12.3065,51.329678993203636]]]}},{"type":"Feature","properties":{"wassersumme":296},"geometry":{"type":"Polygon","coordinates":[[[12.321350000000002,51.322668993203635],[12.321341541388856,51.32266727565427],[12.32133631368101,51.32266277905196],[12.321336313682668,51.32265722094644],[12.321341541391538,51.32265272434512],[12.321350000000002,51.32265100679636],[12.321358458608463,51.32265272434512],[12.321363686317333,51.32265722094644],[12.321363686318993,51.32266277905196],[12.321358458611149,51.32266727565427],[12.321350000000002,51.322668993203635]]]}},{"type":"Feature","properties":{"wassersumme":120},"geometry":{"type":"Polygon","coordinates":[[[12.41249,51.30732899320362],[12.412481544216647,51.30732727565425],[12.412476318256473,51.307322779051944],[12.412476318258133,51.30731722094643],[12.412481544219329,51.30731272434511],[12.41249,51.30731100679636],[12.412498455780671,51.30731272434511],[12.412503681741867,51.30731722094643],[12.412503681743525,51.307322779051944],[12.412498455783354,51.30732727565425],[12.41249,51.30732899320362]]]}},{"type":"Feature","properties":{"wassersumme":100},"geometry":{"type":"Polygon","coordinates":[[[12.33883,51.32260899320364],[12.338821541399916,51.32260727565426],[12.338816313698912,51.322602779051955],[12.338816313700573,51.32259722094644],[12.338821541402599,51.32259272434512],[12.33883,51.32259100679636],[12.338838458597397,51.32259272434512],[12.338843686299427,51.32259722094644],[12.338843686301084,51.322602779051955],[12.33883845860008,51.32260727565426],[12.33883,51.32260899320364]]]}},{"type":"Feature","properties":{"wassersumme":220},"geometry":{"type":"Polygon","coordinates":[[[12.357140000000001,51.334848993203636],[12.3571315391418,51.33484727565427],[12.3571263100452,51.33484277905196],[12.357126310046858,51.33483722094645],[12.357131539144484,51.33483272434512],[12.357140000000001,51.334831006796364],[12.357148460855516,51.33483272434512],[12.357153689953142,51.33483722094645],[12.357153689954803,51.33484277905196],[12.357148460858204,51.33484727565427],[12.357140000000001,51.334848993203636]]]}},{"type":"Feature","properties":{"wassersumme":300},"geometry":{"type":"Polygon","coordinates":[[[12.401470000000002,51.34839899320363],[12.401461536640143,51.348397275654264],[12.401456305997437,51.34839277905195],[12.401456305999096,51.348387220946435],[12.401461536642831,51.348382724345115],[12.401470000000002,51.348381006796366],[12.40147846335717,51.348382724345115],[12.401483694000905,51.348387220946435],[12.401483694002566,51.34839277905195],[12.40147846335986,51.348397275654264],[12.401470000000002,51.34839899320363]]]}},{"type":"Feature","properties":{"wassersumme":150},"geometry":{"type":"Polygon","coordinates":[[[12.2924,51.32391899320364],[12.292391541158317,51.323917275654274],[12.292386313307993,51.32391277905196],[12.29238631330965,51.323907220946445],[12.292391541161,51.32390272434511],[12.2924,51.323901006796355],[12.292408458839,51.32390272434511],[12.292413686690349,51.323907220946445],[12.292413686692008,51.32391277905196],[12.292408458841685,51.323917275654274],[12.2924,51.32391899320364]]]}},{"type":"Feature","properties":{"wassersumme":40},"geometry":{"type":"Polygon","coordinates":[[[12.318339999999997,51.34480899320362],[12.31833153730313,51.344807275654254],[12.318326307070173,51.34480277905195],[12.318326307071835,51.34479722094643],[12.318331537305818,51.344792724345105],[12.318339999999997,51.34479100679635],[12.318348462694178,51.344792724345105],[12.318353692928161,51.34479722094643],[12.318353692929824,51.34480277905195],[12.318348462696866,51.344807275654254],[12.318339999999997,51.34480899320362]]]}},{"type":"Feature","properties":{"wassersumme":40},"geometry":{"type":"Polygon","coordinates":[[[12.4125,51.30734899320363],[12.412491544212962,51.30734727565427],[12.41248631825051,51.30734277905196],[12.412486318252167,51.307337220946444],[12.41249154421564,51.30733272434512],[12.4125,51.30733100679636],[12.412508455784355,51.30733272434512],[12.41251368174783,51.307337220946444],[12.41251368174949,51.30734277905196],[12.412508455787037,51.30734727565427],[12.4125,51.30734899320363]]]}},{"type":"Feature","properties":{"wassersumme":50},"geometry":{"type":"Polygon","coordinates":[[[12.42189,51.31408899320363],[12.42188154297081,51.31408727565426],[12.421876316240665,51.314082779051944],[12.421876316242326,51.31407722094643],[12.42188154297349,51.3140727243451],[12.42189,51.31407100679636],[12.42189845702651,51.3140727243451],[12.421903683757678,51.31407722094643],[12.421903683759336,51.314082779051944],[12.421898457029192,51.31408727565426],[12.42189,51.31408899320363]]]}},{"type":"Feature","properties":{"wassersumme":30},"geometry":{"type":"Polygon","coordinates":[[[12.42227,51.31394899320363],[12.422261542996612,51.313947275654265],[12.42225631628242,51.31394277905195],[12.422256316284077,51.313937220946436],[12.422261542999298,51.31393272434511],[12.42227,51.31393100679635],[12.422278457000703,51.31393272434511],[12.42228368371592,51.313937220946436],[12.422283683717579,51.31394277905195],[12.422278457003385,51.313947275654265],[12.42227,51.31394899320363]]]}},{"type":"Feature","properties":{"wassersumme":650},"geometry":{"type":"Polygon","coordinates":[[[12.28375,51.311968993203635],[12.283741543361568,51.31196727565427],[12.283736316872927,51.31196277905197],[12.283736316874583,51.31195722094645],[12.28374154336425,51.311952724345126],[12.28375,51.31195100679636],[12.283758456635749,51.311952724345126],[12.283763683125414,51.31195722094645],[12.283763683127074,51.31196277905197],[12.283758456638433,51.31196727565427],[12.28375,51.311968993203635]]]}},{"type":"Feature","properties":{"wassersumme":26},"geometry":{"type":"Polygon","coordinates":[[[12.30464,51.33025899320364],[12.30463153998878,51.33025727565427],[12.304626311415642,51.33025277905197],[12.304626311417303,51.33024722094644],[12.304631539991464,51.33024272434512],[12.30464,51.330241006796356],[12.304648460008536,51.33024272434512],[12.304653688582697,51.33024722094644],[12.304653688584358,51.33025277905197],[12.30464846001122,51.33025727565427],[12.30464,51.33025899320364]]]}},{"type":"Feature","properties":{"wassersumme":150},"geometry":{"type":"Polygon","coordinates":[[[12.32506,51.38875899320362],[12.325051529177134,51.388757275654264],[12.325046293922037,51.38875277905195],[12.325046293923702,51.388747220946435],[12.325051529179827,51.388742724345114],[12.32506,51.388741006796366],[12.32506847082017,51.388742724345114],[12.3250737060763,51.388747220946435],[12.325073706077964,51.38875277905195],[12.325068470822865,51.388757275654264],[12.32506,51.38875899320362]]]}},{"type":"Feature","properties":{"wassersumme":500},"geometry":{"type":"Polygon","coordinates":[[[12.27434,51.327058993203636],[12.274331540579137,51.32705727565427],[12.27432631237086,51.32705277905196],[12.27432631237252,51.32704722094643],[12.274331540581823,51.32704272434511],[12.27434,51.32704100679636],[12.274348459418182,51.32704272434511],[12.274353687627485,51.32704722094643],[12.274353687629143,51.32705277905196],[12.274348459420866,51.32705727565427],[12.27434,51.327058993203636]]]}},{"type":"Feature","properties":{"wassersumme":290},"geometry":{"type":"Polygon","coordinates":[[[12.32537,51.34394899320364],[12.325361537461934,51.34394727565427],[12.325356307327123,51.343942779051964],[12.325356307328784,51.34393722094645],[12.325361537464621,51.34393272434513],[12.32537,51.34393100679637],[12.325378462535378,51.34393272434513],[12.325383692671217,51.34393722094645],[12.325383692672878,51.343942779051964],[12.325378462538067,51.34394727565427],[12.32537,51.34394899320364]]]}},{"type":"Feature","properties":{"wassersumme":500},"geometry":{"type":"Polygon","coordinates":[[[12.30868,51.329178993203634],[12.308671540188037,51.329177275654274],[12.308666311738047,51.32917277905196],[12.308666311739707,51.329167220946445],[12.308671540190721,51.32916272434512],[12.30868,51.32916100679636],[12.30868845980928,51.32916272434512],[12.308693688260295,51.329167220946445],[12.308693688261954,51.32917277905196],[12.308688459811965,51.329177275654274],[12.30868,51.329178993203634]]]}},{"type":"Feature","properties":{"wassersumme":120},"geometry":{"type":"Polygon","coordinates":[[[12.39781,51.34738899320363],[12.397801536826682,51.34738727565427],[12.397796306299258,51.347382779051955],[12.39779630630092,51.347377220946434],[12.397801536829368,51.347372724345114],[12.39781,51.347371006796365],[12.397818463170632,51.347372724345114],[12.39782369369908,51.347377220946434],[12.397823693700742,51.347382779051955],[12.397818463173321,51.34738727565427],[12.39781,51.34738899320363]]]}},{"type":"Feature","properties":{"wassersumme":460},"geometry":{"type":"Polygon","coordinates":[[[12.30844,51.32937899320362],[12.308431540151139,51.32937727565427],[12.308426311678346,51.329372779051944],[12.308426311680003,51.329367220946445],[12.308431540153823,51.3293627243451],[12.30844,51.329361006796354],[12.308448459846176,51.3293627243451],[12.308453688319997,51.329367220946445],[12.308453688321654,51.329372779051944],[12.308448459848861,51.32937727565427],[12.30844,51.32937899320362]]]}},{"type":"Feature","properties":{"wassersumme":450},"geometry":{"type":"Polygon","coordinates":[[[12.27647,51.32106899320364],[12.276461541683915,51.321067275654286],[12.27645631415843,51.32106277905197],[12.27645631416009,51.32105722094645],[12.276461541686599,51.32105272434513],[12.27647,51.321051006796374],[12.2764784583134,51.32105272434513],[12.276483685839912,51.32105722094645],[12.27648368584157,51.32106277905197],[12.276478458316085,51.321067275654286],[12.27647,51.32106899320364]]]}},{"type":"Feature","properties":{"wassersumme":98},"geometry":{"type":"Polygon","coordinates":[[[12.40483,51.32977899320364],[12.404821540077341,51.32977727565427],[12.404816311558937,51.329772779051964],[12.404816311560596,51.32976722094645],[12.404821540080027,51.32976272434513],[12.40483,51.32976100679637],[12.404838459919976,51.32976272434513],[12.404843688439405,51.32976722094645],[12.404843688441066,51.329772779051964],[12.40483845992266,51.32977727565427],[12.40483,51.32977899320364]]]}},{"type":"Feature","properties":{"wassersumme":80},"geometry":{"type":"Polygon","coordinates":[[[12.32864,51.33442899320363],[12.328631539219307,51.33442727565428],[12.328626310170613,51.33442277905195],[12.328626310172272,51.33441722094644],[12.328631539221993,51.334412724345114],[12.32864,51.334411006796365],[12.328648460778004,51.334412724345114],[12.328653689827727,51.33441722094644],[12.328653689829387,51.33442277905195],[12.328648460780691,51.33442727565428],[12.32864,51.33442899320363]]]}},{"type":"Feature","properties":{"wassersumme":150},"geometry":{"type":"Polygon","coordinates":[[[12.32503,51.388688993203644],[12.325021529190094,51.38868727565427],[12.325016293943007,51.388682779051955],[12.325016293944671,51.38867722094645],[12.325021529192787,51.38867272434512],[12.32503,51.388671006796365],[12.325038470807216,51.38867272434512],[12.32504370605533,51.38867722094645],[12.325043706056997,51.388682779051955],[12.32503847080991,51.38868727565427],[12.32503,51.388688993203644]]]}},{"type":"Feature","properties":{"wassersumme":100},"geometry":{"type":"Polygon","coordinates":[[[12.36772,51.34388899320363],[12.367711537473014,51.34388727565427],[12.36770630734505,51.34388277905195],[12.36770630734671,51.34387722094644],[12.367711537475701,51.34387272434512],[12.36772,51.34387100679636],[12.3677284625243,51.34387272434512],[12.36773369265329,51.34387722094644],[12.367733692654951,51.34388277905195],[12.367728462526987,51.34388727565427],[12.36772,51.34388899320363]]]}},{"type":"Feature","properties":{"wassersumme":270},"geometry":{"type":"Polygon","coordinates":[[[12.361229999999999,51.33596899320363],[12.36122153893509,51.33596727565426],[12.361216309710741,51.33596277905196],[12.361216309712402,51.33595722094643],[12.361221538937778,51.33595272434512],[12.361229999999999,51.33595100679636],[12.361238461062221,51.33595272434512],[12.361243690287598,51.33595722094643],[12.361243690289257,51.33596277905196],[12.361238461064906,51.33596727565426],[12.361229999999999,51.33596899320363]]]}},{"type":"Feature","properties":{"wassersumme":450},"geometry":{"type":"Polygon","coordinates":[[[12.276359999999999,51.32122899320363],[12.276351541654408,51.32122727565427],[12.276346314110688,51.32122277905196],[12.276346314112349,51.32121722094643],[12.276351541657094,51.321212724345116],[12.276359999999999,51.321211006796354],[12.276368458342905,51.321212724345116],[12.27637368588765,51.32121722094643],[12.276373685889308,51.32122277905196],[12.276368458345587,51.32122727565427],[12.276359999999999,51.32122899320363]]]}},{"type":"Feature","properties":{"wassersumme":60},"geometry":{"type":"Polygon","coordinates":[[[12.41348,51.35962899320364],[12.413471534565334,51.359627275654276],[12.413466302640328,51.35962277905197],[12.413466302641988,51.35961722094644],[12.413471534568023,51.35961272434511],[12.41348,51.359611006796364],[12.413488465431977,51.35961272434511],[12.413493697358012,51.35961722094644],[12.413493697359675,51.35962277905197],[12.413488465434666,51.359627275654276],[12.41348,51.35962899320364]]]}},{"type":"Feature","properties":{"wassersumme":346},"geometry":{"type":"Polygon","coordinates":[[[12.32112,51.32279899320364],[12.32111154136488,51.32279727565426],[12.321106313642217,51.322792779051966],[12.321106313643876,51.322787220946445],[12.321111541367562,51.322782724345124],[12.32112,51.322781006796355],[12.321128458632439,51.322782724345124],[12.321133686356125,51.322787220946445],[12.321133686357783,51.322792779051966],[12.32112845863512,51.32279727565426],[12.32112,51.32279899320364]]]}},{"type":"Feature","properties":{"wassersumme":100},"geometry":{"type":"Polygon","coordinates":[[[12.33815,51.32051899320365],[12.338141541785337,51.32051727565427],[12.338136314322531,51.32051277905197],[12.33813631432419,51.320507220946446],[12.338141541788021,51.32050272434512],[12.33815,51.320501006796356],[12.338158458211979,51.32050272434512],[12.338163685675807,51.320507220946446],[12.338163685677467,51.32051277905197],[12.338158458214663,51.32051727565427],[12.33815,51.32051899320365]]]}},{"type":"Feature","properties":{"wassersumme":10},"geometry":{"type":"Polygon","coordinates":[[[12.37803,51.36255899320362],[12.378021534023778,51.36255727565426],[12.378016301764072,51.362552779051946],[12.378016301765731,51.36254722094643],[12.378021534026468,51.36254272434511],[12.37803,51.36254100679635],[12.37803846597353,51.36254272434511],[12.378043698234267,51.36254722094643],[12.37804369823593,51.362552779051946],[12.378038465976221,51.36255727565426],[12.37803,51.36255899320362]]]}},{"type":"Feature","properties":{"wassersumme":150},"geometry":{"type":"Polygon","coordinates":[[[12.29349,51.32410899320364],[12.293481541123276,51.32410727565427],[12.293476313251292,51.324102779051955],[12.293476313252953,51.32409722094644],[12.293481541125958,51.324092724345114],[12.29349,51.32409100679636],[12.293498458874044,51.324092724345114],[12.293503686747052,51.32409722094644],[12.293503686748709,51.324102779051955],[12.293498458876726,51.32410727565427],[12.29349,51.32410899320364]]]}},{"type":"Feature","properties":{"wassersumme":450},"geometry":{"type":"Polygon","coordinates":[[[12.27689,51.320388993203636],[12.276881541809308,51.32038727565427],[12.276876314361322,51.32038277905196],[12.276876314362978,51.32037722094645],[12.276881541811992,51.32037272434512],[12.27689,51.320371006796364],[12.276898458188006,51.32037272434512],[12.276903685637022,51.32037722094645],[12.276903685638679,51.32038277905196],[12.276898458190692,51.32038727565427],[12.27689,51.320388993203636]]]}},{"type":"Feature","properties":{"wassersumme":290},"geometry":{"type":"Polygon","coordinates":[[[12.31187,51.34682899320363],[12.311861536930104,51.34682727565426],[12.3118563064666,51.34682277905196],[12.311856306468263,51.34681722094644],[12.311861536932792,51.34681272434512],[12.31187,51.34681100679636],[12.311878463067211,51.34681272434512],[12.31188369353174,51.34681722094644],[12.311883693533403,51.34682277905196],[12.3118784630699,51.34682727565426],[12.31187,51.34682899320363]]]}},{"type":"Feature","properties":{"wassersumme":260},"geometry":{"type":"Polygon","coordinates":[[[12.30562,51.33019899320364],[12.305611539999848,51.330197275654264],[12.305606311433554,51.33019277905195],[12.305606311435211,51.330187220946435],[12.305611540002534,51.330182724345114],[12.30562,51.33018100679635],[12.305628459997465,51.330182724345114],[12.305633688564784,51.330187220946435],[12.305633688566443,51.33019277905195],[12.30562846000015,51.330197275654264],[12.30562,51.33019899320364]]]}},{"type":"Feature","properties":{"wassersumme":600},"geometry":{"type":"Polygon","coordinates":[[[12.28024,51.31126899320363],[12.280231543490581,51.31126727565428],[12.280226317081674,51.311262779051965],[12.280226317083333,51.311257220946445],[12.280231543493262,51.31125272434512],[12.28024,51.31125100679636],[12.280248456506735,51.31125272434512],[12.280253682916667,51.311257220946445],[12.280253682918325,51.311262779051965],[12.280248456509417,51.31126727565428],[12.28024,51.31126899320363]]]}},{"type":"Feature","properties":{"wassersumme":30},"geometry":{"type":"Polygon","coordinates":[[[12.39778,51.34729899320362],[12.397771536843303,51.34729727565426],[12.397766306326155,51.34729277905195],[12.397766306327815,51.347287220946434],[12.39777153684599,51.34728272434511],[12.39778,51.347281006796365],[12.39778846315401,51.34728272434511],[12.397793693672186,51.347287220946434],[12.397793693673847,51.34729277905195],[12.397788463156699,51.34729727565426],[12.39778,51.34729899320362]]]}},{"type":"Feature","properties":{"wassersumme":30},"geometry":{"type":"Polygon","coordinates":[[[12.41302,51.34100899320363],[12.413011538004756,51.34100727565426],[12.413006308205423,51.341002779051955],[12.413006308207084,51.340997220946434],[12.41301153800744,51.340992724345114],[12.41302,51.34099100679636],[12.413028461992557,51.340992724345114],[12.413033691792913,51.340997220946434],[12.413033691794572,51.341002779051955],[12.413028461995243,51.34100727565426],[12.41302,51.34100899320363]]]}},{"type":"Feature","properties":{"wassersumme":460},"geometry":{"type":"Polygon","coordinates":[[[12.30846,51.32932899320364],[12.30845154016036,51.32932727565427],[12.308446311693269,51.32932277905196],[12.308446311694931,51.32931722094644],[12.308451540163047,51.32931272434512],[12.30846,51.32931100679636],[12.308468459836952,51.32931272434512],[12.30847368830507,51.32931722094644],[12.308473688306728,51.32932277905196],[12.308468459839638,51.32932727565427],[12.30846,51.32932899320364]]]}},{"type":"Feature","properties":{"wassersumme":670},"geometry":{"type":"Polygon","coordinates":[[[12.39843,51.33908899320364],[12.3984215383592,51.33908727565427],[12.39841630877893,51.33908277905196],[12.39841630878059,51.33907722094645],[12.398421538361887,51.339072724345115],[12.39843,51.339071006796374],[12.398438461638111,51.339072724345115],[12.39844369121941,51.33907722094645],[12.398443691221068,51.33908277905196],[12.398438461640795,51.33908727565427],[12.39843,51.33908899320364]]]}},{"type":"Feature","properties":{"wassersumme":260},"geometry":{"type":"Polygon","coordinates":[[[12.41248,51.307428993203644],[12.412471544198223,51.30742727565427],[12.41246631822666,51.30742277905196],[12.412466318228319,51.30741722094644],[12.412471544200901,51.30741272434511],[12.41248,51.30741100679635],[12.412488455799098,51.30741272434511],[12.412493681771684,51.30741722094644],[12.41249368177334,51.30742277905196],[12.412488455801777,51.30742727565427],[12.41248,51.307428993203644]]]}},{"type":"Feature","properties":{"wassersumme":90},"geometry":{"type":"Polygon","coordinates":[[[12.32097,51.32156899320364],[12.320961541591712,51.32156727565427],[12.32095631400924,51.32156277905196],[12.320956314010902,51.321557220946445],[12.320961541594398,51.32155272434512],[12.32097,51.321551006796355],[12.320978458405607,51.32155272434512],[12.320983685989104,51.321557220946445],[12.320983685990761,51.32156277905196],[12.320978458408291,51.32156727565427],[12.32097,51.32156899320364]]]}},{"type":"Feature","properties":{"wassersumme":346},"geometry":{"type":"Polygon","coordinates":[[[12.32126,51.32252899320363],[12.321251541414671,51.32252727565427],[12.321246313722785,51.32252277905195],[12.321246313724442,51.322517220946445],[12.321251541417356,51.32251272434511],[12.32126,51.322511006796354],[12.321268458582644,51.32251272434511],[12.321273686275557,51.322517220946445],[12.321273686277214,51.32252277905195],[12.32126845858533,51.32252727565427],[12.32126,51.32252899320363]]]}},{"type":"Feature","properties":{"wassersumme":70},"geometry":{"type":"Polygon","coordinates":[[[12.39218,51.303358993203624],[12.392171544948075,51.30335727565426],[12.392166319439948,51.30335277905195],[12.392166319441603,51.303347220946435],[12.392171544950756,51.303342724345114],[12.39218,51.30334100679635],[12.392188455049244,51.303342724345114],[12.392193680558396,51.303347220946435],[12.392193680560048,51.30335277905195],[12.392188455051924,51.30335727565426],[12.39218,51.303358993203624]]]}},{"type":"Feature","properties":{"wassersumme":100},"geometry":{"type":"Polygon","coordinates":[[[12.324329999999998,51.34454899320364],[12.32432153735114,51.34454727565427],[12.324316307147857,51.34454277905196],[12.324316307149518,51.34453722094645],[12.324321537353828,51.34453272434512],[12.324329999999998,51.344531006796366],[12.324338462646168,51.34453272434512],[12.324343692850478,51.34453722094645],[12.32434369285214,51.34454277905196],[12.324338462648857,51.34454727565427],[12.324329999999998,51.34454899320364]]]}},{"type":"Feature","properties":{"wassersumme":40},"geometry":{"type":"Polygon","coordinates":[[[12.39923,51.347828993203635],[12.399221536745417,51.347827275654275],[12.399216306167773,51.34782277905196],[12.399216306169434,51.347817220946446],[12.399221536748103,51.34781272434511],[12.39923,51.34781100679636],[12.399238463251894,51.34781272434511],[12.399243693830563,51.347817220946446],[12.399243693832226,51.34782277905196],[12.399238463254582,51.347827275654275],[12.39923,51.347828993203635]]]}},{"type":"Feature","properties":{"wassersumme":240},"geometry":{"type":"Polygon","coordinates":[[[12.41245,51.307428993203644],[12.412441544198222,51.30742727565427],[12.41243631822666,51.30742277905196],[12.412436318228318,51.30741722094644],[12.412441544200904,51.30741272434511],[12.41245,51.30741100679635],[12.412458455799097,51.30741272434511],[12.412463681771683,51.30741722094644],[12.412463681773339,51.30742277905196],[12.41245845580178,51.30742727565427],[12.41245,51.307428993203644]]]}},{"type":"Feature","properties":{"wassersumme":100},"geometry":{"type":"Polygon","coordinates":[[[12.33503,51.319398993203635],[12.335021541991855,51.31939727565427],[12.33501631465669,51.31939277905196],[12.335016314658347,51.31938722094643],[12.335021541994541,51.31938272434511],[12.33503,51.319381006796355],[12.335038458005457,51.31938272434511],[12.335043685341647,51.31938722094643],[12.335043685343308,51.31939277905196],[12.335038458008139,51.31939727565427],[12.33503,51.319398993203635]]]}},{"type":"Feature","properties":{"wassersumme":10},"geometry":{"type":"Polygon","coordinates":[[[12.320929599999998,51.32145139320364],[12.320921141613397,51.32144967565427],[12.32091591404433,51.32144517905196],[12.320915914045987,51.32143962094644],[12.32092114161608,51.32143512434512],[12.320929599999998,51.321433406796366],[12.320938058383916,51.32143512434512],[12.32094328595401,51.32143962094644],[12.320943285955668,51.32144517905196],[12.3209380583866,51.32144967565427],[12.320929599999998,51.32145139320364]]]}},{"type":"Feature","properties":{"wassersumme":150},"geometry":{"type":"Polygon","coordinates":[[[12.29367,51.32437899320364],[12.293661541073476,51.32437727565427],[12.293656313170718,51.32437277905196],[12.293656313172376,51.324367220946435],[12.29366154107616,51.32436272434511],[12.29367,51.324361006796344],[12.293678458923841,51.32436272434511],[12.293683686827624,51.324367220946435],[12.293683686829283,51.32437277905196],[12.293678458926527,51.32437727565427],[12.29367,51.32437899320364]]]}},{"type":"Feature","properties":{"wassersumme":340},"geometry":{"type":"Polygon","coordinates":[[[12.30731,51.32919899320363],[12.307301540184348,51.32919727565426],[12.307296311732077,51.329192779051944],[12.307296311733735,51.32918722094643],[12.307301540187032,51.3291827243451],[12.30731,51.32918100679635],[12.307318459812967,51.3291827243451],[12.307323688266264,51.32918722094643],[12.307323688267921,51.329192779051944],[12.307318459815653,51.32919727565426],[12.30731,51.32919899320363]]]}},{"type":"Feature","properties":{"wassersumme":40},"geometry":{"type":"Polygon","coordinates":[[[12.40844,51.370388993203626],[12.4084315325761,51.37038727565427],[12.408426299421679,51.37038277905195],[12.408426299423343,51.37037722094644],[12.408431532578792,51.37037272434512],[12.40844,51.370371006796354],[12.408448467421207,51.37037272434512],[12.408453700576656,51.37037722094644],[12.408453700578319,51.37038277905195],[12.408448467423899,51.37038727565427],[12.40844,51.370388993203626]]]}},{"type":"Feature","properties":{"wassersumme":220},"geometry":{"type":"Polygon","coordinates":[[[12.4128,51.30733899320364],[12.412791544214805,51.30733727565428],[12.412786318253495,51.30733277905196],[12.41278631825515,51.30732722094644],[12.412791544217486,51.30732272434511],[12.4128,51.30732100679636],[12.412808455782516,51.30732272434511],[12.41281368174485,51.30732722094644],[12.412813681746506,51.30733277905196],[12.412808455785195,51.30733727565428],[12.4128,51.30733899320364]]]}},{"type":"Feature","properties":{"wassersumme":83},"geometry":{"type":"Polygon","coordinates":[[[12.40754,51.34550899320362],[12.407531537173869,51.345507275654256],[12.407526306861023,51.34550277905195],[12.407526306862684,51.345497220946434],[12.407531537176556,51.345492724345114],[12.40754,51.34549100679635],[12.407548462823442,51.345492724345114],[12.407553693137315,51.345497220946434],[12.407553693138976,51.34550277905195],[12.40754846282613,51.345507275654256],[12.40754,51.34550899320362]]]}},{"type":"Feature","properties":{"wassersumme":500},"geometry":{"type":"Polygon","coordinates":[[[12.30868,51.329248993203635],[12.308671540175123,51.32924727565427],[12.30866631171715,51.32924277905195],[12.308666311718811,51.32923722094644],[12.308671540177807,51.32923272434511],[12.30868,51.32923100679636],[12.308688459822195,51.32923272434511],[12.30869368828119,51.32923722094644],[12.308693688282851,51.32924277905195],[12.308688459824879,51.32924727565427],[12.30868,51.329248993203635]]]}},{"type":"Feature","properties":{"wassersumme":300},"geometry":{"type":"Polygon","coordinates":[[[12.276720000000001,51.32726899320364],[12.276711540540395,51.327267275654265],[12.276706312308178,51.32726277905196],[12.276706312309836,51.327257220946436],[12.276711540543081,51.32725272434512],[12.276720000000001,51.32725100679637],[12.27672845945692,51.32725272434512],[12.276733687690164,51.327257220946436],[12.276733687691822,51.32726277905196],[12.276728459459605,51.327267275654265],[12.276720000000001,51.32726899320364]]]}},{"type":"Feature","properties":{"wassersumme":10},"geometry":{"type":"Polygon","coordinates":[[[12.3209,51.32140899320365],[12.320891541621219,51.321407275654266],[12.320886314056981,51.321402779051965],[12.320886314058638,51.321397220946444],[12.3208915416239,51.321392724345124],[12.3209,51.32139100679637],[12.320908458376097,51.321392724345124],[12.32091368594136,51.321397220946444],[12.320913685943019,51.321402779051965],[12.320908458378783,51.321407275654266],[12.3209,51.32140899320365]]]}},{"type":"Feature","properties":{"wassersumme":580},"geometry":{"type":"Polygon","coordinates":[[[12.32085,51.32162899320364],[12.320841541580647,51.32162727565427],[12.320836313991334,51.321622779051964],[12.320836313992995,51.32161722094644],[12.320841541583329,51.32161272434511],[12.32085,51.32161100679636],[12.32085845841667,51.32161272434511],[12.320863686007003,51.32161722094644],[12.320863686008664,51.321622779051964],[12.320858458419352,51.32162727565427],[12.32085,51.32162899320364]]]}},{"type":"Feature","properties":{"wassersumme":100},"geometry":{"type":"Polygon","coordinates":[[[12.405410000000002,51.31725899320364],[12.405401542386423,51.31725727565426],[12.405396315295112,51.31725277905196],[12.40539631529677,51.317247220946435],[12.405401542389107,51.31724272434512],[12.405410000000002,51.31724100679636],[12.405418457610894,51.31724272434512],[12.40542368470323,51.317247220946435],[12.40542368470489,51.31725277905196],[12.405418457613576,51.31725727565426],[12.405410000000002,51.31725899320364]]]}},{"type":"Feature","properties":{"wassersumme":500},"geometry":{"type":"Polygon","coordinates":[[[12.27502,51.32708899320364],[12.275011540573603,51.327087275654264],[12.275006312361903,51.327082779051956],[12.275006312363564,51.32707722094645],[12.275011540576287,51.32707272434513],[12.27502,51.327071006796366],[12.275028459423716,51.32707272434513],[12.275033687636437,51.32707722094645],[12.275033687638096,51.327082779051956],[12.2750284594264,51.327087275654264],[12.27502,51.32708899320364]]]}},{"type":"Feature","properties":{"wassersumme":870},"geometry":{"type":"Polygon","coordinates":[[[12.30634,51.330628993203646],[12.306331539920514,51.33062727565427],[12.306326311305185,51.330622779051964],[12.306326311306844,51.33061722094645],[12.306331539923198,51.33061272434512],[12.30634,51.33061100679636],[12.306348460076801,51.33061272434512],[12.306353688693157,51.33061722094645],[12.306353688694815,51.330622779051964],[12.306348460079489,51.33062727565427],[12.30634,51.330628993203646]]]}},{"type":"Feature","properties":{"wassersumme":45},"geometry":{"type":"Polygon","coordinates":[[[12.32404,51.33253899320363],[12.324031539568086,51.33253727565426],[12.324026310734945,51.33253277905196],[12.324026310736603,51.33252722094643],[12.32403153957077,51.33252272434511],[12.32404,51.332521006796355],[12.324048460429232,51.33252272434511],[12.324053689263398,51.33252722094643],[12.324053689265055,51.33253277905196],[12.324048460431914,51.33253727565426],[12.32404,51.33253899320363]]]}},{"type":"Feature","properties":{"wassersumme":440},"geometry":{"type":"Polygon","coordinates":[[[12.30849,51.32939899320363],[12.308481540147449,51.32939727565427],[12.308476311672376,51.32939277905194],[12.308476311674037,51.32938722094644],[12.308481540150133,51.32938272434511],[12.30849,51.32938100679636],[12.308498459849869,51.32938272434511],[12.308503688325969,51.32938722094644],[12.30850368832763,51.32939277905194],[12.308498459852554,51.32939727565427],[12.30849,51.32939899320363]]]}},{"type":"Feature","properties":{"wassersumme":60},"geometry":{"type":"Polygon","coordinates":[[[12.39776,51.34741899320364],[12.39775153682114,51.34741727565427],[12.397746306290292,51.34741277905197],[12.397746306291955,51.34740722094645],[12.397751536823828,51.34740272434512],[12.39776,51.34740100679637],[12.397768463176172,51.34740272434512],[12.397773693708045,51.34740722094645],[12.397773693709706,51.34741277905197],[12.39776846317886,51.34741727565427],[12.39776,51.34741899320364]]]}},{"type":"Feature","properties":{"wassersumme":10},"geometry":{"type":"Polygon","coordinates":[[[12.365789999999999,51.32174899320362],[12.365781541558515,51.32174727565426],[12.36577631395553,51.321742779051945],[12.36577631395719,51.32173722094643],[12.365781541561201,51.32173272434511],[12.365789999999999,51.32173100679635],[12.365798458438798,51.32173272434511],[12.36580368604281,51.32173722094643],[12.365803686044467,51.321742779051945],[12.365798458441482,51.32174727565426],[12.365789999999999,51.32174899320362]]]}},{"type":"Feature","properties":{"wassersumme":355},"geometry":{"type":"Polygon","coordinates":[[[12.40652,51.33281899320364],[12.406511539516417,51.33281727565427],[12.406506310651343,51.33281277905196],[12.406506310653004,51.33280722094645],[12.406511539519101,51.33280272434512],[12.40652,51.332801006796366],[12.406528460480898,51.33280272434512],[12.406533689346999,51.33280722094645],[12.406533689348656,51.33281277905196],[12.406528460483585,51.33281727565427],[12.40652,51.33281899320364]]]}},{"type":"Feature","properties":{"wassersumme":100},"geometry":{"type":"Polygon","coordinates":[[[12.3751,51.365488993203634],[12.375091533482133,51.365487275654274],[12.375086300887668,51.36548277905196],[12.375086300889333,51.36547722094643],[12.375091533484824,51.36547272434511],[12.3751,51.36547100679636],[12.375108466515178,51.36547272434511],[12.37511369911067,51.36547722094643],[12.375113699112333,51.36548277905196],[12.375108466517869,51.365487275654274],[12.3751,51.365488993203634]]]}},{"type":"Feature","properties":{"wassersumme":380},"geometry":{"type":"Polygon","coordinates":[[[12.30824,51.329258993203624],[12.30823154017328,51.329257275654264],[12.308226311714167,51.32925277905196],[12.308226311715828,51.329247220946435],[12.308231540175964,51.329242724345114],[12.30824,51.32924100679635],[12.30824845982404,51.329242724345114],[12.308253688284175,51.329247220946435],[12.308253688285836,51.32925277905196],[12.308248459826723,51.329257275654264],[12.30824,51.329258993203624]]]}},{"type":"Feature","properties":{"wassersumme":159},"geometry":{"type":"Polygon","coordinates":[[[12.39738,51.347338993203635],[12.397371536835912,51.34733727565427],[12.3973663063142,51.34733277905196],[12.397366306315861,51.34732722094643],[12.3973715368386,51.34732272434511],[12.39738,51.347321006796356],[12.397388463161398,51.34732272434511],[12.397393693684137,51.34732722094643],[12.397393693685798,51.34733277905196],[12.397388463164086,51.34733727565427],[12.39738,51.347338993203635]]]}},{"type":"Feature","properties":{"wassersumme":103},"geometry":{"type":"Polygon","coordinates":[[[12.406484115828533,51.36870172413388],[12.406475648716647,51.3687000065845],[12.40647041575506,51.36869550998218],[12.406470415756724,51.36868995187669],[12.406475648719338,51.368685455275354],[12.406484115828533,51.3686837377266],[12.406492582937728,51.368685455275354],[12.406497815900343,51.36868995187669],[12.406497815902007,51.36869550998218],[12.40649258294042,51.3687000065845],[12.406484115828533,51.36870172413388]]]}},{"type":"Feature","properties":{"wassersumme":110},"geometry":{"type":"Polygon","coordinates":[[[12.4068,51.36902899320363],[12.406791532827599,51.36902727565426],[12.406786299828608,51.369022779051946],[12.406786299830271,51.36901722094643],[12.406791532830287,51.369012724345104],[12.4068,51.369011006796356],[12.406808467169713,51.369012724345104],[12.406813700169728,51.36901722094643],[12.406813700171393,51.369022779051946],[12.406808467172404,51.36902727565426],[12.4068,51.36902899320363]]]}},{"type":"Feature","properties":{"wassersumme":40},"geometry":{"type":"Polygon","coordinates":[[[12.376589999999998,51.363168993203644],[12.37658153391102,51.36316727565427],[12.376576301581622,51.363162779051954],[12.376576301583286,51.36315722094644],[12.37658153391371,51.36315272434512],[12.376589999999998,51.36315100679637],[12.376598466086287,51.36315272434512],[12.376603698416712,51.36315722094644],[12.376603698418375,51.363162779051954],[12.376598466088979,51.36316727565427],[12.376589999999998,51.363168993203644]]]}},{"type":"Feature","properties":{"wassersumme":650},"geometry":{"type":"Polygon","coordinates":[[[12.283930000000002,51.31199899320362],[12.283921543356037,51.31199727565427],[12.28391631686398,51.311992779051955],[12.283916316865637,51.31198722094645],[12.283921543358721,51.311982724345114],[12.283930000000002,51.311981006796366],[12.28393845664128,51.311982724345114],[12.283943683134362,51.31198722094645],[12.28394368313602,51.311992779051955],[12.283938456643963,51.31199727565427],[12.283930000000002,51.31199899320362]]]}},{"type":"Feature","properties":{"wassersumme":200},"geometry":{"type":"Polygon","coordinates":[[[12.35732,51.33494899320364],[12.357311539123344,51.334947275654265],[12.357306310015336,51.334942779051964],[12.357306310016998,51.33493722094643],[12.357311539126028,51.33493272434512],[12.35732,51.33493100679636],[12.35732846087397,51.33493272434512],[12.357333689983005,51.33493722094643],[12.357333689984664,51.334942779051964],[12.357328460876658,51.334947275654265],[12.35732,51.33494899320364]]]}},{"type":"Feature","properties":{"wassersumme":100},"geometry":{"type":"Polygon","coordinates":[[[12.33566,51.319328993203634],[12.335651542004765,51.31932727565427],[12.335646314677577,51.31932277905195],[12.335646314679234,51.319317220946445],[12.33565154200745,51.31931272434511],[12.33566,51.31931100679636],[12.33566845799255,51.31931272434511],[12.335673685320767,51.319317220946445],[12.335673685322424,51.31932277905195],[12.335668457995236,51.31932727565427],[12.33566,51.319328993203634]]]}},{"type":"Feature","properties":{"wassersumme":720},"geometry":{"type":"Polygon","coordinates":[[[12.405970000000002,51.34179899320364],[12.405961537858905,51.34179727565427],[12.405956307969435,51.34179277905197],[12.405956307971094,51.34178722094644],[12.405961537861593,51.34178272434512],[12.405970000000002,51.341781006796374],[12.405978462138409,51.34178272434512],[12.405983692028908,51.34178722094644],[12.405983692030567,51.34179277905197],[12.405978462141096,51.34179727565427],[12.405970000000002,51.34179899320364]]]}},{"type":"Feature","properties":{"wassersumme":180},"geometry":{"type":"Polygon","coordinates":[[[12.33577,51.33388899320363],[12.335761539318963,51.33388727565426],[12.335756310331858,51.333882779051955],[12.335756310333515,51.33387722094645],[12.335761539321648,51.33387272434512],[12.33577,51.33387100679636],[12.33577846067835,51.33387272434512],[12.335783689666485,51.33387722094645],[12.335783689668142,51.333882779051955],[12.335778460681038,51.33388727565426],[12.33577,51.33388899320363]]]}},{"type":"Feature","properties":{"wassersumme":80},"geometry":{"type":"Polygon","coordinates":[[[12.48186,51.33951899320362],[12.481851538279825,51.33951727565426],[12.481846308650494,51.339512779051944],[12.481846308652155,51.339507220946444],[12.481851538282509,51.33950272434512],[12.48186,51.339501006796354],[12.481868461717488,51.33950272434512],[12.481873691347845,51.339507220946444],[12.481873691349504,51.339512779051944],[12.481868461720175,51.33951727565426],[12.48186,51.33951899320362]]]}},{"type":"Feature","properties":{"wassersumme":440},"geometry":{"type":"Polygon","coordinates":[[[12.32103,51.32177899320364],[12.321021541552986,51.32177727565427],[12.32101631394658,51.32177277905197],[12.32101631394824,51.32176722094645],[12.32102154155567,51.32176272434513],[12.32103,51.321761006796365],[12.321038458444331,51.32176272434513],[12.321043686051762,51.32176722094645],[12.32104368605342,51.32177277905197],[12.321038458447017,51.32177727565427],[12.32103,51.32177899320364]]]}},{"type":"Feature","properties":{"wassersumme":96},"geometry":{"type":"Polygon","coordinates":[[[12.48356,51.339308993203645],[12.48355153831859,51.33930727565427],[12.483546308713223,51.33930277905197],[12.483546308714882,51.33929722094644],[12.483551538321278,51.33929272434512],[12.48356,51.33929100679636],[12.483568461678722,51.33929272434512],[12.48357369128512,51.33929722094644],[12.48357369128678,51.33930277905197],[12.48356846168141,51.33930727565427],[12.48356,51.339308993203645]]]}},{"type":"Feature","properties":{"wassersumme":15},"geometry":{"type":"Polygon","coordinates":[[[12.3421,51.32471899320364],[12.342091541010765,51.32471727565427],[12.342086313069249,51.324712779051964],[12.342086313070908,51.324707220946436],[12.342091541013447,51.32470272434512],[12.3421,51.32470100679637],[12.342108458986553,51.32470272434512],[12.342113686929093,51.324707220946436],[12.34211368693075,51.324712779051964],[12.342108458989236,51.32471727565427],[12.3421,51.32471899320364]]]}},{"type":"Feature","properties":{"wassersumme":600},"geometry":{"type":"Polygon","coordinates":[[[12.280610000000001,51.311358993203626],[12.280601543473995,51.31135727565426],[12.280596317054837,51.311352779051944],[12.280596317056496,51.311347220946445],[12.280601543476678,51.31134272434512],[12.280610000000001,51.311341006796354],[12.280618456523325,51.31134272434512],[12.280623682943506,51.311347220946445],[12.280623682945166,51.311352779051944],[12.280618456526007,51.31135727565426],[12.280610000000001,51.311358993203626]]]}},{"type":"Feature","properties":{"wassersumme":340},"geometry":{"type":"Polygon","coordinates":[[[12.30735,51.329178993203634],[12.307341540188036,51.329177275654274],[12.307336311738046,51.32917277905196],[12.307336311739707,51.329167220946445],[12.30734154019072,51.32916272434512],[12.30735,51.32916100679636],[12.307358459809278,51.32916272434512],[12.307363688260292,51.329167220946445],[12.307363688261953,51.32917277905196],[12.307358459811963,51.329177275654274],[12.30735,51.329178993203634]]]}},{"type":"Feature","properties":{"wassersumme":73},"geometry":{"type":"Polygon","coordinates":[[[12.408348512344986,51.37058606109215],[12.408340044884644,51.37058434354279],[12.4083348117077,51.37057984694047],[12.408334811709361,51.370574288834966],[12.408340044887336,51.37056979223364],[12.408348512344986,51.37056807468488],[12.408356979802637,51.37056979223364],[12.40836221298061,51.370574288834966],[12.408362212982276,51.37057984694047],[12.40835697980533,51.37058434354279],[12.408348512344986,51.37058606109215]]]}},{"type":"Feature","properties":{"wassersumme":400},"geometry":{"type":"Polygon","coordinates":[[[12.26475,51.35522899320363],[12.264741535378416,51.35522727565427],[12.264736303955925,51.35522277905196],[12.264736303957584,51.35521722094645],[12.264741535381106,51.35521272434512],[12.26475,51.35521100679637],[12.26475846461889,51.35521272434512],[12.264763696042412,51.35521722094645],[12.26476369604407,51.35522277905196],[12.264758464621579,51.35522727565427],[12.26475,51.35522899320363]]]}},{"type":"Feature","properties":{"wassersumme":416},"geometry":{"type":"Polygon","coordinates":[[[12.32154,51.322668993203635],[12.321531541388856,51.32266727565427],[12.321526313681009,51.32266277905196],[12.32152631368267,51.32265722094644],[12.32153154139154,51.32265272434512],[12.32154,51.32265100679636],[12.321548458608465,51.32265272434512],[12.321553686317335,51.32265722094644],[12.321553686318993,51.32266277905196],[12.321548458611147,51.32266727565427],[12.32154,51.322668993203635]]]}},{"type":"Feature","properties":{"wassersumme":60},"geometry":{"type":"Polygon","coordinates":[[[12.31749,51.331058993203634],[12.317481539841172,51.33105727565426],[12.317476311176812,51.33105277905195],[12.317476311178469,51.33104722094644],[12.317481539843858,51.33104272434512],[12.31749,51.33104100679635],[12.317498460156141,51.33104272434512],[12.31750368882153,51.33104722094644],[12.317503688823187,51.33105277905195],[12.317498460158825,51.33105727565426],[12.31749,51.331058993203634]]]}},{"type":"Feature","properties":{"wassersumme":160},"geometry":{"type":"Polygon","coordinates":[[[12.34181,51.32446899320364],[12.341801541056876,51.32446727565427],[12.341796313143858,51.32446277905196],[12.341796313145515,51.32445722094645],[12.34180154105956,51.32445272434512],[12.34181,51.32445100679636],[12.341818458940441,51.32445272434512],[12.341823686854486,51.32445722094645],[12.341823686856143,51.32446277905196],[12.341818458943127,51.32446727565427],[12.34181,51.32446899320364]]]}},{"type":"Feature","properties":{"wassersumme":120},"geometry":{"type":"Polygon","coordinates":[[[12.373820000000002,51.33141899320363],[12.37381153977475,51.33141727565426],[12.373806311069336,51.33141277905195],[12.373806311070995,51.331407220946424],[12.373811539777435,51.331402724345104],[12.373820000000002,51.33140100679635],[12.373828460222567,51.331402724345104],[12.37383368892901,51.331407220946424],[12.373833688930668,51.33141277905195],[12.373828460225253,51.33141727565426],[12.373820000000002,51.33141899320363]]]}},{"type":"Feature","properties":{"wassersumme":460},"geometry":{"type":"Polygon","coordinates":[[[12.308559999999998,51.32942899320363],[12.308551540141911,51.32942727565426],[12.308546311663417,51.32942277905195],[12.308546311665076,51.32941722094644],[12.308551540144597,51.32941272434512],[12.308559999999998,51.329411006796356],[12.308568459855401,51.32941272434512],[12.30857368833492,51.32941722094644],[12.30857368833658,51.32942277905195],[12.308568459858083,51.32942727565426],[12.308559999999998,51.32942899320363]]]}},{"type":"Feature","properties":{"wassersumme":150},"geometry":{"type":"Polygon","coordinates":[[[12.40555,51.298148993203625],[12.405541545907704,51.298147275654266],[12.405536320992663,51.29814277905195],[12.40553632099432,51.29813722094644],[12.405541545910387,51.29813272434511],[12.40555,51.29813100679636],[12.405558454089613,51.29813272434511],[12.405563679005681,51.29813722094644],[12.405563679007336,51.29814277905195],[12.405558454092297,51.298147275654266],[12.40555,51.298148993203625]]]}},{"type":"Feature","properties":{"wassersumme":14},"geometry":{"type":"Polygon","coordinates":[[[12.4563,51.35644899320362],[12.456291535152994,51.356447275654254],[12.456286303591178,51.35644277905196],[12.45628630359284,51.35643722094643],[12.456291535155684,51.35643272434511],[12.4563,51.356431006796356],[12.45630846484432,51.35643272434511],[12.45631369640716,51.35643722094643],[12.456313696408822,51.35644277905196],[12.456308464847005,51.356447275654254],[12.4563,51.35644899320362]]]}},{"type":"Feature","properties":{"wassersumme":30},"geometry":{"type":"Polygon","coordinates":[[[12.39789,51.347528993203625],[12.397881536800824,51.347527275654265],[12.397876306257423,51.34752277905195],[12.397876306259082,51.34751722094644],[12.397881536803512,51.34751272434512],[12.39789,51.34751100679636],[12.397898463196487,51.34751272434512],[12.397903693740917,51.34751722094644],[12.397903693742576,51.34752277905195],[12.397898463199176,51.347527275654265],[12.39789,51.347528993203625]]]}},{"type":"Feature","properties":{"wassersumme":440},"geometry":{"type":"Polygon","coordinates":[[[12.30586,51.33004899320364],[12.305851540027525,51.33004727565426],[12.305846311478334,51.33004277905196],[12.305846311479991,51.33003722094644],[12.30585154003021,51.330032724345116],[12.30586,51.33003100679635],[12.305868459969787,51.330032724345116],[12.305873688520006,51.33003722094644],[12.305873688521665,51.33004277905196],[12.305868459972473,51.33004727565426],[12.30586,51.33004899320364]]]}},{"type":"Feature","properties":{"wassersumme":460},"geometry":{"type":"Polygon","coordinates":[[[12.30838,51.32934899320362],[12.308371540156672,51.32934727565426],[12.3083663116873,51.329342779051956],[12.308366311688957,51.329337220946435],[12.308371540159357,51.329332724345115],[12.30838,51.32933100679636],[12.308388459840643,51.329332724345115],[12.308393688311043,51.329337220946435],[12.3083936883127,51.329342779051956],[12.308388459843327,51.32934727565426],[12.30838,51.32934899320362]]]}},{"type":"Feature","properties":{"wassersumme":400},"geometry":{"type":"Polygon","coordinates":[[[12.30854,51.32934899320362],[12.308531540156674,51.32934727565426],[12.3085263116873,51.329342779051956],[12.30852631168896,51.329337220946435],[12.30853154015936,51.329332724345115],[12.30854,51.32933100679636],[12.308548459840644,51.329332724345115],[12.308553688311042,51.329337220946435],[12.308553688312701,51.329342779051956],[12.308548459843328,51.32934727565426],[12.30854,51.32934899320362]]]}},{"type":"Feature","properties":{"wassersumme":450},"geometry":{"type":"Polygon","coordinates":[[[12.27678,51.32054899320362],[12.276771541779805,51.32054727565427],[12.276766314313582,51.32054277905194],[12.27676631431524,51.320537220946434],[12.27677154178249,51.32053272434511],[12.27678,51.32053100679636],[12.276788458217512,51.32053272434511],[12.276793685684758,51.320537220946434],[12.276793685686417,51.32054277905194],[12.276788458220194,51.32054727565427],[12.27678,51.32054899320362]]]}},{"type":"Feature","properties":{"wassersumme":280},"geometry":{"type":"Polygon","coordinates":[[[12.3083,51.329508993203646],[12.308291540127156,51.329507275654265],[12.308286311639536,51.32950277905195],[12.308286311641195,51.32949722094646],[12.308291540129838,51.32949272434512],[12.3083,51.32949100679637],[12.30830845987016,51.32949272434512],[12.308313688358803,51.32949722094646],[12.308313688360464,51.32950277905195],[12.308308459872844,51.329507275654265],[12.3083,51.329508993203646]]]}},{"type":"Feature","properties":{"wassersumme":60},"geometry":{"type":"Polygon","coordinates":[[[12.36959,51.34590899320362],[12.369581537100002,51.34590727565428],[12.369576306741504,51.34590277905195],[12.369576306743166,51.34589722094644],[12.36958153710269,51.34589272434511],[12.36959,51.345891006796364],[12.369598462897308,51.34589272434511],[12.369603693256835,51.34589722094644],[12.369603693258496,51.34590277905195],[12.369598462899997,51.34590727565428],[12.36959,51.34590899320362]]]}},{"type":"Feature","properties":{"wassersumme":30},"geometry":{"type":"Polygon","coordinates":[[[12.34226,51.324908993203636],[12.342251540975719,51.32490727565427],[12.342246313012545,51.32490277905196],[12.342246313014202,51.32489722094644],[12.342251540978403,51.32489272434512],[12.34226,51.324891006796356],[12.342268459021595,51.32489272434512],[12.342273686985795,51.32489722094644],[12.342273686987456,51.32490277905196],[12.34226845902428,51.32490727565427],[12.34226,51.324908993203636]]]}},{"type":"Feature","properties":{"wassersumme":120},"geometry":{"type":"Polygon","coordinates":[[[12.29313,51.26832899320363],[12.293121551394721,51.26832727565427],[12.293116329870838,51.26832277905196],[12.293116329872493,51.26831722094644],[12.293121551397396,51.268312724345115],[12.29313,51.26831100679636],[12.293138448602603,51.268312724345115],[12.293143670127506,51.26831722094644],[12.29314367012916,51.26832277905196],[12.293138448605278,51.26832727565427],[12.29313,51.26832899320363]]]}},{"type":"Feature","properties":{"wassersumme":650},"geometry":{"type":"Polygon","coordinates":[[[12.28358,51.31192899320364],[12.28357154336894,51.31192727565428],[12.283566316884857,51.31192277905196],[12.283566316886512,51.31191722094644],[12.283571543371622,51.31191272434511],[12.28358,51.311911006796365],[12.283588456628378,51.31191272434511],[12.283593683113487,51.31191722094644],[12.283593683115143,51.31192277905196],[12.28358845663106,51.31192727565428],[12.28358,51.31192899320364]]]}},{"type":"Feature","properties":{"wassersumme":90},"geometry":{"type":"Polygon","coordinates":[[[12.4082,51.37036899320363],[12.4081915325798,51.37036727565426],[12.408186299427667,51.370362779051945],[12.408186299429328,51.37035722094643],[12.408191532582492,51.37035272434511],[12.4082,51.37035100679635],[12.408208467417511,51.37035272434511],[12.408213700570673,51.37035722094643],[12.408213700572336,51.370362779051945],[12.4082084674202,51.37036727565426],[12.4082,51.37036899320363]]]}},{"type":"Feature","properties":{"wassersumme":40},"geometry":{"type":"Polygon","coordinates":[[[12.39795,51.34735899320363],[12.397941536832223,51.34735727565428],[12.397936306308223,51.34735277905197],[12.397936306309886,51.34734722094644],[12.397941536834908,51.34734272434512],[12.39795,51.34734100679637],[12.397958463165091,51.34734272434512],[12.397963693690116,51.34734722094644],[12.397963693691779,51.34735277905197],[12.397958463167779,51.34735727565428],[12.39795,51.34735899320363]]]}},{"type":"Feature","properties":{"wassersumme":20},"geometry":{"type":"Polygon","coordinates":[[[12.35844,51.35780899320364],[12.358431534901682,51.35780727565427],[12.358426303184547,51.35780277905196],[12.358426303186208,51.357797220946445],[12.358431534904371,51.357792724345124],[12.35844,51.35779100679636],[12.358448465095629,51.357792724345124],[12.35845369681379,51.357797220946445],[12.358453696815452,51.35780277905196],[12.358448465098318,51.35780727565427],[12.35844,51.35780899320364]]]}},{"type":"Feature","properties":{"wassersumme":170},"geometry":{"type":"Polygon","coordinates":[[[12.32316,51.31862899320365],[12.323151542133832,51.31862727565427],[12.323146314886412,51.31862277905197],[12.323146314888069,51.31861722094645],[12.323151542136515,51.31861272434513],[12.32316,51.318611006796374],[12.323168457863481,51.31861272434513],[12.323173685111929,51.31861722094645],[12.323173685113584,51.31862277905197],[12.323168457866164,51.31862727565427],[12.32316,51.31862899320365]]]}},{"type":"Feature","properties":{"wassersumme":410},"geometry":{"type":"Polygon","coordinates":[[[12.32118,51.32216899320363],[12.321171541481062,51.32216727565427],[12.321166313830208,51.32216277905195],[12.321166313831865,51.322157220946444],[12.321171541483746,51.3221527243451],[12.32118,51.32215100679636],[12.321188458516254,51.3221527243451],[12.321193686168135,51.322157220946444],[12.321193686169792,51.32216277905195],[12.321188458518936,51.32216727565427],[12.32118,51.32216899320363]]]}},{"type":"Feature","properties":{"wassersumme":70},"geometry":{"type":"Polygon","coordinates":[[[12.39239,51.30323899320363],[12.392381544970183,51.30323727565427],[12.392376319475717,51.30323277905195],[12.392376319477375,51.30322722094643],[12.392381544972864,51.30322272434512],[12.39239,51.30322100679636],[12.39239845502714,51.30322272434512],[12.392403680522628,51.30322722094643],[12.392403680524286,51.30323277905195],[12.392398455029822,51.30323727565427],[12.39239,51.30323899320363]]]}},{"type":"Feature","properties":{"wassersumme":40},"geometry":{"type":"Polygon","coordinates":[[[12.3933,51.30345899320361],[12.393291544929653,51.30345727565425],[12.39328631941014,51.303452779051945],[12.393286319411796,51.303447220946424],[12.393291544932334,51.30344272434511],[12.3933,51.30344100679635],[12.393308455067666,51.30344272434511],[12.3933136805882,51.303447220946424],[12.39331368058986,51.303452779051945],[12.393308455070347,51.30345727565425],[12.3933,51.30345899320361]]]}},{"type":"Feature","properties":{"wassersumme":90},"geometry":{"type":"Polygon","coordinates":[[[12.39746,51.34735899320363],[12.397451536832222,51.34735727565428],[12.397446306308225,51.34735277905197],[12.397446306309888,51.34734722094644],[12.39745153683491,51.34734272434512],[12.39746,51.34734100679637],[12.397468463165092,51.34734272434512],[12.397473693690115,51.34734722094644],[12.397473693691778,51.34735277905197],[12.397468463167781,51.34735727565428],[12.39746,51.34735899320363]]]}},{"type":"Feature","properties":{"wassersumme":100},"geometry":{"type":"Polygon","coordinates":[[[12.33607,51.31927899320364],[12.336061542013985,51.31927727565427],[12.336056314692494,51.31927277905197],[12.33605631469415,51.31926722094645],[12.336061542016667,51.31926272434513],[12.33607,51.319261006796374],[12.336078457983332,51.31926272434513],[12.33608368530585,51.31926722094645],[12.336083685307507,51.31927277905197],[12.336078457986016,51.31927727565427],[12.33607,51.31927899320364]]]}},{"type":"Feature","properties":{"wassersumme":1080},"geometry":{"type":"Polygon","coordinates":[[[12.46176,51.353898993203636],[12.461751535624153,51.353897275654255],[12.461746304353532,51.35389277905196],[12.461746304355193,51.35388722094645],[12.461751535626842,51.35388272434513],[12.46176,51.35388100679636],[12.46176846437316,51.35388272434513],[12.46177369564481,51.35388722094645],[12.461773695646471,51.35389277905196],[12.461768464375847,51.353897275654255],[12.46176,51.353898993203636]]]}},{"type":"Feature","properties":{"wassersumme":300},"geometry":{"type":"Polygon","coordinates":[[[12.26483,51.35532899320363],[12.264821535359944,51.35532727565427],[12.26481630392603,51.35532277905195],[12.264816303927693,51.35531722094644],[12.264821535362632,51.355312724345104],[12.26483,51.355311006796356],[12.26483846463737,51.355312724345104],[12.264843696072312,51.35531722094644],[12.26484369607397,51.35532277905195],[12.264838464640057,51.35532727565427],[12.26483,51.35532899320363]]]}},{"type":"Feature","properties":{"wassersumme":466},"geometry":{"type":"Polygon","coordinates":[[[12.32142,51.32219899320362],[12.321411541475529,51.322197275654254],[12.321406313821255,51.322192779051946],[12.321406313822914,51.322187220946425],[12.321411541478213,51.322182724345105],[12.32142,51.32218100679635],[12.321428458521785,51.322182724345105],[12.321433686177086,51.322187220946425],[12.321433686178743,51.322192779051946],[12.321428458524469,51.322197275654254],[12.32142,51.32219899320362]]]}},{"type":"Feature","properties":{"wassersumme":80},"geometry":{"type":"Polygon","coordinates":[[[12.3365167,51.28480899320362],[12.33650824836349,51.28480727565425],[12.336503024966206,51.284802779051944],[12.336503024967861,51.28479722094643],[12.336508248366169,51.28479272434511],[12.3365167,51.28479100679635],[12.336525151633833,51.28479272434511],[12.33653037503214,51.28479722094643],[12.336530375033796,51.284802779051944],[12.33652515163651,51.28480727565425],[12.3365167,51.28480899320362]]]}},{"type":"Feature","properties":{"wassersumme":420},"geometry":{"type":"Polygon","coordinates":[[[12.30829,51.32912899320364],[12.308281540197262,51.329127275654265],[12.308276311752973,51.32912277905196],[12.308276311754632,51.32911722094644],[12.308281540199946,51.32911272434512],[12.30829,51.32911100679636],[12.308298459800053,51.32911272434512],[12.308303688245369,51.32911722094644],[12.308303688247026,51.32912277905196],[12.308298459802739,51.329127275654265],[12.30829,51.32912899320364]]]}},{"type":"Feature","properties":{"wassersumme":450},"geometry":{"type":"Polygon","coordinates":[[[12.27683,51.32046899320363],[12.276821541794558,51.320467275654266],[12.27681631433745,51.320462779051965],[12.27681631433911,51.32045722094644],[12.27682154179724,51.320452724345124],[12.27683,51.320451006796354],[12.27683845820276,51.320452724345124],[12.27684368566089,51.32045722094644],[12.27684368566255,51.320462779051965],[12.276838458205443,51.320467275654266],[12.27683,51.32046899320363]]]}},{"type":"Feature","properties":{"wassersumme":295},"geometry":{"type":"Polygon","coordinates":[[[12.31872,51.343878993203624],[12.31871153747486,51.343877275654265],[12.318706307348036,51.34387277905195],[12.318706307349698,51.343867220946436],[12.318711537477549,51.34386272434511],[12.31872,51.34386100679635],[12.318728462522452,51.34386272434511],[12.318733692650303,51.343867220946436],[12.318733692651966,51.34387277905195],[12.31872846252514,51.343877275654265],[12.31872,51.343878993203624]]]}},{"type":"Feature","properties":{"wassersumme":450},"geometry":{"type":"Polygon","coordinates":[[[12.27642,51.32114899320362],[12.276411541669164,51.321147275654255],[12.276406314134558,51.32114277905196],[12.276406314136219,51.32113722094643],[12.276411541671846,51.32113272434511],[12.27642,51.321131006796364],[12.276428458328152,51.32113272434511],[12.276433685863779,51.32113722094643],[12.27643368586544,51.32114277905196],[12.276428458330836,51.321147275654255],[12.27642,51.32114899320362]]]}},{"type":"Feature","properties":{"wassersumme":120},"geometry":{"type":"Polygon","coordinates":[[[12.40631,51.298848993203634],[12.40630154577879,51.29884727565426],[12.406296320784072,51.29884277905195],[12.406296320785728,51.298837220946446],[12.406301545781467,51.298832724345125],[12.40631,51.298831006796355],[12.406318454218532,51.298832724345125],[12.406323679214271,51.298837220946446],[12.406323679215927,51.29884277905195],[12.406318454221212,51.29884727565426],[12.40631,51.298848993203634]]]}},{"type":"Feature","properties":{"wassersumme":306},"geometry":{"type":"Polygon","coordinates":[[[12.32117,51.32292899320364],[12.321161541340905,51.32292727565427],[12.321156313603424,51.322922779051964],[12.321156313605083,51.322917220946444],[12.321161541343587,51.32291272434512],[12.32117,51.32291100679636],[12.321178458656414,51.32291272434512],[12.321183686394917,51.322917220946444],[12.321183686396576,51.322922779051964],[12.321178458659096,51.32292727565427],[12.32117,51.32292899320364]]]}},{"type":"Feature","properties":{"wassersumme":30},"geometry":{"type":"Polygon","coordinates":[[[12.371113,51.32236299320363],[12.371104541445286,51.32236127565426],[12.37109931377232,51.32235677905195],[12.371099313773977,51.32235122094644],[12.371104541447968,51.32234672434512],[12.371113,51.32234500679635],[12.371121458552029,51.32234672434512],[12.371126686226022,51.32235122094644],[12.371126686227681,51.32235677905195],[12.371121458554715,51.32236127565426],[12.371113,51.32236299320363]]]}},{"type":"Feature","properties":{"wassersumme":301},"geometry":{"type":"Polygon","coordinates":[[[12.32147,51.322588993203624],[12.321461541403606,51.32258727565427],[12.321456313704878,51.322582779051956],[12.321456313706538,51.32257722094645],[12.32146154140629,51.322572724345115],[12.32147,51.322571006796366],[12.321478458593708,51.322572724345115],[12.32148368629346,51.32257722094645],[12.321483686295117,51.322582779051956],[12.321478458596392,51.32258727565427],[12.32147,51.322588993203624]]]}},{"type":"Feature","properties":{"wassersumme":500},"geometry":{"type":"Polygon","coordinates":[[[12.27537,51.32711899320364],[12.275361540568069,51.327117275654274],[12.275356312352953,51.32711277905196],[12.27535631235461,51.32710722094643],[12.275361540570753,51.32710272434511],[12.27537,51.327101006796354],[12.275378459429252,51.32710272434511],[12.275383687645393,51.32710722094643],[12.275383687647052,51.32711277905196],[12.275378459431934,51.327117275654274],[12.27537,51.32711899320364]]]}},{"type":"Feature","properties":{"wassersumme":200},"geometry":{"type":"Polygon","coordinates":[[[12.3701,51.31978899320364],[12.370091541919946,51.31978727565427],[12.370086314540334,51.31978277905196],[12.370086314541995,51.31977722094645],[12.370091541922628,51.31977272434513],[12.3701,51.319771006796365],[12.37010845807737,51.31977272434513],[12.370113685458007,51.31977722094645],[12.370113685459664,51.31978277905196],[12.370108458080056,51.31978727565427],[12.3701,51.31978899320364]]]}},{"type":"Feature","properties":{"wassersumme":460},"geometry":{"type":"Polygon","coordinates":[[[12.308399999999999,51.32930899320364],[12.30839154016405,51.32930727565428],[12.30838631169924,51.32930277905195],[12.308386311700898,51.329297220946444],[12.308391540166737,51.329292724345116],[12.308399999999999,51.32929100679635],[12.308408459833261,51.329292724345116],[12.3084136882991,51.329297220946444],[12.308413688300758,51.32930277905195],[12.308408459835947,51.32930727565428],[12.308399999999999,51.32930899320364]]]}},{"type":"Feature","properties":{"wassersumme":15},"geometry":{"type":"Polygon","coordinates":[[[12.42608,51.34902899320364],[12.426071536523784,51.34902727565427],[12.426066305809162,51.34902277905196],[12.426066305810824,51.349017220946436],[12.426071536526473,51.34901272434511],[12.42608,51.34901100679637],[12.426088463473533,51.34901272434511],[12.42609369418918,51.349017220946436],[12.426093694190843,51.34902277905196],[12.42608846347622,51.34902727565427],[12.42608,51.34902899320364]]]}},{"type":"Feature","properties":{"wassersumme":629},"geometry":{"type":"Polygon","coordinates":[[[12.39188,51.36077899320363],[12.391871534352791,51.360777275654264],[12.391866302296421,51.36077277905196],[12.391866302298084,51.360767220946435],[12.39187153435548,51.360762724345115],[12.39188,51.36076100679636],[12.391888465644522,51.360762724345115],[12.391893697701917,51.360767220946435],[12.39189369770358,51.36077277905196],[12.391888465647211,51.360777275654264],[12.39188,51.36077899320363]]]}},{"type":"Feature","properties":{"wassersumme":1021},"geometry":{"type":"Polygon","coordinates":[[[12.41582,51.321818993203635],[12.415811541545608,51.32181727565427],[12.415806313934645,51.32181277905196],[12.415806313936303,51.32180722094644],[12.41581154154829,51.32180272434512],[12.41582,51.321801006796356],[12.415828458451708,51.32180272434512],[12.4158336860637,51.32180722094644],[12.415833686065357,51.32181277905196],[12.41582845845439,51.32181727565427],[12.41582,51.321818993203635]]]}},{"type":"Feature","properties":{"wassersumme":50},"geometry":{"type":"Polygon","coordinates":[[[12.4146,51.35293899320364],[12.414591535801513,51.35293727565428],[12.414586304640505,51.35293277905196],[12.414586304642166,51.35292722094644],[12.414591535804199,51.35292272434512],[12.4146,51.35292100679636],[12.414608464195801,51.35292272434512],[12.414613695357835,51.35292722094644],[12.414613695359495,51.35293277905196],[12.414608464198487,51.35293727565428],[12.4146,51.35293899320364]]]}},{"type":"Feature","properties":{"wassersumme":276},"geometry":{"type":"Polygon","coordinates":[[[12.32134,51.32278899320364],[12.321331541366721,51.32278727565427],[12.3213263136452,51.322782779051956],[12.321326313646859,51.32277722094644],[12.321331541369407,51.322772724345114],[12.32134,51.32277100679635],[12.321348458630593,51.322772724345114],[12.321353686353142,51.32277722094644],[12.321353686354799,51.322782779051956],[12.321348458633278,51.32278727565427],[12.32134,51.32278899320364]]]}},{"type":"Feature","properties":{"wassersumme":480},"geometry":{"type":"Polygon","coordinates":[[[12.30653,51.33050899320365],[12.306521539942652,51.33050727565427],[12.30651631134101,51.33050277905197],[12.306516311342667,51.33049722094645],[12.306521539945338,51.33049272434513],[12.30653,51.33049100679637],[12.30653846005466,51.33049272434513],[12.306543688657332,51.33049722094645],[12.30654368865899,51.33050277905197],[12.306538460057345,51.33050727565427],[12.30653,51.33050899320365]]]}},{"type":"Feature","properties":{"wassersumme":70},"geometry":{"type":"Polygon","coordinates":[[[12.3396,51.32130899320362],[12.33959154163966,51.32130727565426],[12.339586314086823,51.32130277905194],[12.339586314088479,51.32129722094644],[12.339591541642344,51.32129272434511],[12.3396,51.32129100679635],[12.33960845835766,51.32129272434511],[12.339613685911525,51.32129722094644],[12.339613685913182,51.32130277905194],[12.339608458360345,51.32130727565426],[12.3396,51.32130899320362]]]}},{"type":"Feature","properties":{"wassersumme":80},"geometry":{"type":"Polygon","coordinates":[[[12.3364,51.28485899320362],[12.336391548354289,51.284857275654254],[12.336386324951318,51.28485277905194],[12.336386324952974,51.28484722094644],[12.336391548356968,51.28484272434511],[12.3364,51.28484100679635],[12.336408451643033,51.28484272434511],[12.336413675047028,51.28484722094644],[12.336413675048682,51.28485277905194],[12.33640845164571,51.284857275654254],[12.3364,51.28485899320362]]]}},{"type":"Feature","properties":{"wassersumme":460},"geometry":{"type":"Polygon","coordinates":[[[12.308710000000001,51.32933899320363],[12.30870154015852,51.329337275654254],[12.308696311690285,51.32933277905195],[12.308696311691946,51.329327220946425],[12.308701540161202,51.329322724345104],[12.308710000000001,51.329321006796356],[12.308718459838797,51.329322724345104],[12.308723688308055,51.329327220946425],[12.308723688309716,51.32933277905195],[12.308718459841481,51.329337275654254],[12.308710000000001,51.32933899320363]]]}},{"type":"Feature","properties":{"wassersumme":90},"geometry":{"type":"Polygon","coordinates":[[[12.37204,51.32680899320362],[12.372031540625253,51.326807275654254],[12.372026312445476,51.32680277905195],[12.372026312447137,51.32679722094643],[12.372031540627935,51.326792724345104],[12.37204,51.32679100679634],[12.372048459372063,51.326792724345104],[12.372053687552864,51.32679722094643],[12.372053687554521,51.32680277905195],[12.372048459374746,51.326807275654254],[12.37204,51.32680899320362]]]}},{"type":"Feature","properties":{"wassersumme":520},"geometry":{"type":"Polygon","coordinates":[[[12.30836,51.32921899320365],[12.308351540180658,51.329217275654266],[12.308346311726106,51.32921277905196],[12.308346311727767,51.329207220946444],[12.308351540183343,51.32920272434512],[12.30836,51.32920100679636],[12.308368459816656,51.32920272434512],[12.308373688272233,51.329207220946444],[12.308373688273893,51.32921277905196],[12.308368459819341,51.329217275654266],[12.30836,51.32921899320365]]]}},{"type":"Feature","properties":{"wassersumme":31},"geometry":{"type":"Polygon","coordinates":[[[12.397939999999998,51.34728899320362],[12.397931536845148,51.34728727565427],[12.39792630632914,51.34728277905194],[12.397926306330799,51.347277220946445],[12.397931536847835,51.34727272434511],[12.397939999999998,51.34727100679635],[12.397948463152163,51.34727272434511],[12.397953693669196,51.347277220946445],[12.397953693670857,51.34728277905194],[12.39794846315485,51.34728727565427],[12.397939999999998,51.34728899320362]]]}},{"type":"Feature","properties":{"wassersumme":150},"geometry":{"type":"Polygon","coordinates":[[[12.29256,51.32392899320364],[12.292551541156474,51.32392727565428],[12.292546313305008,51.323922779051955],[12.292546313306667,51.32391722094645],[12.292551541159156,51.323912724345114],[12.29256,51.323911006796365],[12.292568458840845,51.323912724345114],[12.292573686693334,51.32391722094645],[12.292573686694992,51.323922779051955],[12.292568458843528,51.32392727565428],[12.29256,51.32392899320364]]]}},{"type":"Feature","properties":{"wassersumme":195},"geometry":{"type":"Polygon","coordinates":[[[12.40832,51.37079899320363],[12.408311532500282,51.370797275654255],[12.408306299299,51.37079277905195],[12.408306299300664,51.370787220946426],[12.408311532502971,51.370782724345105],[12.40832,51.370781006796356],[12.40832846749703,51.370782724345105],[12.40833370069934,51.370787220946426],[12.408333700701002,51.37079277905195],[12.408328467499722,51.370797275654255],[12.40832,51.37079899320363]]]}},{"type":"Feature","properties":{"wassersumme":225},"geometry":{"type":"Polygon","coordinates":[[[12.32469,51.34433899320363],[12.324681537389921,51.34433727565427],[12.324676307210604,51.34433277905196],[12.324676307212263,51.34432722094644],[12.324681537392609,51.34432272434511],[12.32469,51.34432100679636],[12.324698462607394,51.34432272434511],[12.324703692787738,51.34432722094644],[12.324703692789399,51.34433277905196],[12.324698462610078,51.34433727565427],[12.32469,51.34433899320363]]]}},{"type":"Feature","properties":{"wassersumme":80},"geometry":{"type":"Polygon","coordinates":[[[12.33665,51.28492569320363],[12.336641548342017,51.284923975654266],[12.336636324931458,51.28491947905196],[12.336636324933115,51.28491392094643],[12.336641548344694,51.2849094243451],[12.33665,51.284907706796346],[12.33665845165531,51.2849094243451],[12.336663675066887,51.28491392094643],[12.336663675068543,51.28491947905196],[12.336658451657986,51.284923975654266],[12.33665,51.28492569320363]]]}},{"type":"Feature","properties":{"wassersumme":150},"geometry":{"type":"Polygon","coordinates":[[[12.32512,51.38864899320364],[12.325111529197498,51.38864727565427],[12.325106293954988,51.38864277905196],[12.325106293956651,51.388637220946435],[12.325111529200193,51.388632724345115],[12.32512,51.388631006796366],[12.325128470799807,51.388632724345115],[12.32513370604335,51.388637220946435],[12.325133706045012,51.38864277905196],[12.325128470802502,51.38864727565427],[12.32512,51.38864899320364]]]}},{"type":"Feature","properties":{"wassersumme":730},"geometry":{"type":"Polygon","coordinates":[[[12.3653,51.364528993203635],[12.365291533659608,51.36452727565427],[12.365286301174832,51.36452277905195],[12.365286301176495,51.364517220946446],[12.3652915336623,51.364512724345126],[12.3653,51.36451100679636],[12.3653084663377,51.364512724345126],[12.365313698823504,51.364517220946446],[12.365313698825165,51.36452277905195],[12.365308466340391,51.36452727565427],[12.3653,51.364528993203635]]]}},{"type":"Feature","properties":{"wassersumme":304},"geometry":{"type":"Polygon","coordinates":[[[12.31888,51.34382899320362],[12.318871537484094,51.34382727565426],[12.318866307362976,51.34382277905195],[12.318866307364637,51.34381722094644],[12.31887153748678,51.34381272434512],[12.31888,51.34381100679636],[12.318888462513222,51.34381272434512],[12.318893692635367,51.34381722094644],[12.318893692637026,51.34382277905195],[12.318888462515908,51.34382727565426],[12.31888,51.34382899320362]]]}},{"type":"Feature","properties":{"wassersumme":460},"geometry":{"type":"Polygon","coordinates":[[[12.308550000000002,51.329298993203636],[12.3085415401659,51.329297275654255],[12.308536311702227,51.32929277905196],[12.308536311703884,51.32928722094643],[12.308541540168585,51.32928272434513],[12.308550000000002,51.32928100679635],[12.308558459831419,51.32928272434513],[12.308563688296116,51.32928722094643],[12.308563688297774,51.32929277905196],[12.308558459834103,51.329297275654255],[12.308550000000002,51.329298993203636]]]}},{"type":"Feature","properties":{"wassersumme":60},"geometry":{"type":"Polygon","coordinates":[[[12.30714,51.329298993203636],[12.3071315401659,51.329297275654255],[12.307126311702227,51.32929277905196],[12.307126311703886,51.32928722094643],[12.307131540168584,51.32928272434513],[12.30714,51.32928100679635],[12.307148459831417,51.32928272434513],[12.307153688296117,51.32928722094643],[12.307153688297776,51.32929277905196],[12.307148459834101,51.329297275654255],[12.30714,51.329298993203636]]]}},{"type":"Feature","properties":{"wassersumme":127},"geometry":{"type":"Polygon","coordinates":[[[12.34595,51.32780899320364],[12.345941540440782,51.32780727565427],[12.345936312146996,51.327802779051964],[12.345936312148657,51.32779722094645],[12.345941540443464,51.327792724345116],[12.34595,51.32779100679637],[12.345958459556536,51.327792724345116],[12.345963687851347,51.32779722094645],[12.345963687853006,51.327802779051964],[12.34595845955922,51.32780727565427],[12.34595,51.32780899320364]]]}},{"type":"Feature","properties":{"wassersumme":27},"geometry":{"type":"Polygon","coordinates":[[[12.366609999999998,51.33559899320364],[12.36660153900338,51.33559727565428],[12.366596309821235,51.33559277905198],[12.366596309822892,51.33558722094645],[12.366601539006066,51.33558272434512],[12.366609999999998,51.33558100679637],[12.366618460993932,51.33558272434512],[12.366623690177107,51.33558722094645],[12.366623690178765,51.33559277905198],[12.36661846099662,51.33559727565428],[12.366609999999998,51.33559899320364]]]}},{"type":"Feature","properties":{"wassersumme":200},"geometry":{"type":"Polygon","coordinates":[[[12.27633,51.32584899320363],[12.276321540802336,51.32584727565427],[12.276316312732003,51.32584277905196],[12.276316312733663,51.32583722094645],[12.27632154080502,51.32583272434512],[12.27633,51.32583100679636],[12.27633845919498,51.32583272434512],[12.276343687266337,51.32583722094645],[12.276343687267996,51.32584277905196],[12.276338459197664,51.32584727565427],[12.27633,51.32584899320363]]]}},{"type":"Feature","properties":{"wassersumme":55},"geometry":{"type":"Polygon","coordinates":[[[12.417850000000001,51.358538993203645],[12.417841534766778,51.358537275654264],[12.417836302966268,51.35853277905195],[12.41783630296793,51.358527220946456],[12.417841534769467,51.35852272434512],[12.417850000000001,51.358521006796366],[12.417858465230534,51.35852272434512],[12.417863697032073,51.358527220946456],[12.417863697033734,51.35853277905195],[12.417858465233223,51.358537275654264],[12.417850000000001,51.358538993203645]]]}},{"type":"Feature","properties":{"wassersumme":650},"geometry":{"type":"Polygon","coordinates":[[[12.2834,51.31189899320362],[12.28339154337447,51.31189727565427],[12.283386316893802,51.31189277905195],[12.283386316895461,51.31188722094644],[12.28339154337715,51.31188272434511],[12.2834,51.31188100679636],[12.283408456622851,51.31188272434511],[12.283413683104541,51.31188722094644],[12.283413683106199,51.31189277905195],[12.283408456625532,51.31189727565427],[12.2834,51.31189899320362]]]}},{"type":"Feature","properties":{"wassersumme":100},"geometry":{"type":"Polygon","coordinates":[[[12.28929,51.313038993203634],[12.28928154316435,51.31303727565427],[12.289276316553822,51.31303277905195],[12.289276316555481,51.31302722094645],[12.289281543167034,51.313022724345124],[12.28929,51.31302100679636],[12.289298456832967,51.313022724345124],[12.289303683444519,51.31302722094645],[12.289303683446176,51.31303277905195],[12.289298456835649,51.31303727565427],[12.28929,51.313038993203634]]]}},{"type":"Feature","properties":{"wassersumme":4},"geometry":{"type":"Polygon","coordinates":[[[12.37753,51.362828993203635],[12.37752153397387,51.36282727565427],[12.377516301683317,51.36282277905195],[12.37751630168498,51.36281722094644],[12.377521533976559,51.36281272434512],[12.37753,51.36281100679636],[12.37753846602344,51.36281272434512],[12.377543698315021,51.36281722094644],[12.377543698316682,51.36282277905195],[12.377538466026131,51.36282727565427],[12.37753,51.362828993203635]]]}},{"type":"Feature","properties":{"wassersumme":650},"geometry":{"type":"Polygon","coordinates":[[[12.283219999999998,51.31185899320364],[12.283211543381842,51.31185727565426],[12.28320631690573,51.31185277905195],[12.283206316907387,51.31184722094644],[12.283211543384521,51.31184272434511],[12.283219999999998,51.31184100679635],[12.283228456615477,51.31184272434511],[12.283233683092611,51.31184722094644],[12.283233683094268,51.31185277905195],[12.28322845661816,51.31185727565426],[12.283219999999998,51.31185899320364]]]}},{"type":"Feature","properties":{"wassersumme":286},"geometry":{"type":"Polygon","coordinates":[[[12.33865,51.32216899320363],[12.338641541481062,51.32216727565427],[12.338636313830207,51.32216277905195],[12.338636313831866,51.322157220946444],[12.338641541483746,51.3221527243451],[12.33865,51.32215100679636],[12.338658458516251,51.3221527243451],[12.338663686168134,51.322157220946444],[12.338663686169792,51.32216277905195],[12.338658458518935,51.32216727565427],[12.33865,51.32216899320363]]]}},{"type":"Feature","properties":{"wassersumme":160},"geometry":{"type":"Polygon","coordinates":[[[12.367789999999998,51.34011899320364],[12.36778153816906,51.34011727565427],[12.367776308471274,51.34011277905196],[12.367776308472935,51.34010722094644],[12.367781538171748,51.340102724345115],[12.367789999999998,51.34010100679635],[12.36779846182825,51.340102724345115],[12.367803691527062,51.34010722094644],[12.36780369152872,51.34011277905196],[12.367798461830937,51.34011727565427],[12.367789999999998,51.34011899320364]]]}},{"type":"Feature","properties":{"wassersumme":500},"geometry":{"type":"Polygon","coordinates":[[[12.27384,51.32702899320363],[12.273831540584672,51.32702727565427],[12.273826312379814,51.32702277905195],[12.273826312381471,51.32701722094644],[12.273831540587354,51.32701272434511],[12.27384,51.32701100679635],[12.273848459412648,51.32701272434511],[12.273853687618528,51.32701722094644],[12.27385368762019,51.32702277905195],[12.273848459415332,51.32702727565427],[12.27384,51.32702899320363]]]}},{"type":"Feature","properties":{"wassersumme":200},"geometry":{"type":"Polygon","coordinates":[[[12.3055,51.33026899320364],[12.305491539986935,51.33026727565427],[12.305486311412658,51.33026277905197],[12.305486311414317,51.33025722094645],[12.30549153998962,51.33025272434512],[12.3055,51.33025100679637],[12.30550846001038,51.33025272434512],[12.305513688585684,51.33025722094645],[12.305513688587341,51.33026277905197],[12.305508460013066,51.33026727565427],[12.3055,51.33026899320364]]]}},{"type":"Feature","properties":{"wassersumme":560},"geometry":{"type":"Polygon","coordinates":[[[12.308609999999998,51.329118993203636],[12.308601540199106,51.32911727565428],[12.308596311755958,51.32911277905197],[12.308596311757617,51.32910722094646],[12.30860154020179,51.32910272434513],[12.308609999999998,51.32910100679637],[12.30861845979821,51.32910272434513],[12.308623688242381,51.32910722094646],[12.308623688244042,51.32911277905197],[12.308618459800893,51.32911727565428],[12.308609999999998,51.329118993203636]]]}},{"type":"Feature","properties":{"wassersumme":270},"geometry":{"type":"Polygon","coordinates":[[[12.412739999999998,51.30734899320363],[12.41273154421296,51.30734727565427],[12.41272631825051,51.30734277905196],[12.412726318252167,51.307337220946444],[12.412731544215642,51.30733272434512],[12.412739999999998,51.30733100679636],[12.412748455784357,51.30733272434512],[12.41275368174783,51.307337220946444],[12.412753681749487,51.30734277905196],[12.412748455787037,51.30734727565427],[12.412739999999998,51.30734899320363]]]}},{"type":"Feature","properties":{"wassersumme":466},"geometry":{"type":"Polygon","coordinates":[[[12.32133,51.32220899320363],[12.321321541473688,51.322207275654264],[12.321316313818272,51.322202779051956],[12.32131631381993,51.32219722094644],[12.32132154147637,51.32219272434512],[12.32133,51.32219100679636],[12.32133845852363,51.32219272434512],[12.32134368618007,51.32219722094644],[12.321343686181729,51.322202779051956],[12.321338458526313,51.322207275654264],[12.32133,51.32220899320363]]]}},{"type":"Feature","properties":{"wassersumme":14},"geometry":{"type":"Polygon","coordinates":[[[12.4162,51.32182899320364],[12.416191541543764,51.32182727565427],[12.41618631393166,51.32182277905196],[12.416186313933318,51.32181722094645],[12.416191541546448,51.32181272434512],[12.4162,51.321811006796366],[12.416208458453552,51.32181272434512],[12.416213686066683,51.32181722094645],[12.41621368606834,51.32182277905196],[12.416208458456238,51.32182727565427],[12.4162,51.32182899320364]]]}},{"type":"Feature","properties":{"wassersumme":60},"geometry":{"type":"Polygon","coordinates":[[[12.30485,51.330648993203624],[12.304841539916822,51.33064727565426],[12.304836311299212,51.33064277905196],[12.304836311300873,51.330637220946436],[12.304841539919506,51.33063272434512],[12.30485,51.33063100679637],[12.304858460080492,51.33063272434512],[12.304863688699125,51.330637220946436],[12.304863688700786,51.33064277905196],[12.304858460083176,51.33064727565426],[12.30485,51.330648993203624]]]}},{"type":"Feature","properties":{"wassersumme":500},"geometry":{"type":"Polygon","coordinates":[[[12.274669999999999,51.32706899320364],[12.274661540577291,51.327067275654265],[12.274656312367872,51.32706277905195],[12.274656312369531,51.327057220946436],[12.274661540579974,51.327052724345116],[12.274669999999999,51.32705100679635],[12.274678459420024,51.327052724345116],[12.274683687630468,51.327057220946436],[12.274683687632125,51.32706277905195],[12.274678459422708,51.327067275654265],[12.274669999999999,51.32706899320364]]]}},{"type":"Feature","properties":{"wassersumme":90},"geometry":{"type":"Polygon","coordinates":[[[12.361380000000002,51.33543899320363],[12.361371539032913,51.33543727565427],[12.361366309869018,51.33543277905195],[12.361366309870675,51.33542722094644],[12.361371539035597,51.335422724345115],[12.361380000000002,51.33542100679635],[12.361388460964406,51.335422724345115],[12.361393690129328,51.33542722094644],[12.361393690130987,51.33543277905195],[12.36138846096709,51.33543727565427],[12.361380000000002,51.33543899320363]]]}},{"type":"Feature","properties":{"wassersumme":80},"geometry":{"type":"Polygon","coordinates":[[[12.26482,51.35513899320364],[12.26481153539505,51.355137275654265],[12.264806303982834,51.35513277905196],[12.264806303984496,51.35512722094645],[12.264811535397738,51.35512272434512],[12.26482,51.35512100679636],[12.264828464602264,51.35512272434512],[12.264833696015508,51.35512722094645],[12.26483369601717,51.35513277905196],[12.264828464604951,51.355137275654265],[12.26482,51.35513899320364]]]}},{"type":"Feature","properties":{"wassersumme":110},"geometry":{"type":"Polygon","coordinates":[[[12.40584,51.31763899320364],[12.405831542316362,51.31763727565427],[12.405826315181752,51.317632779051955],[12.40582631518341,51.31762722094644],[12.405831542319044,51.317622724345114],[12.40584,51.317621006796365],[12.405848457680952,51.317622724345114],[12.405853684816588,51.31762722094644],[12.405853684818245,51.317632779051955],[12.405848457683636,51.31763727565427],[12.40584,51.31763899320364]]]}},{"type":"Feature","properties":{"wassersumme":410},"geometry":{"type":"Polygon","coordinates":[[[12.305740000000002,51.33011899320363],[12.30573154001461,51.33011727565427],[12.305726311457438,51.33011277905195],[12.305726311459097,51.33010722094644],[12.305731540017295,51.33010272434512],[12.305740000000002,51.330101006796355],[12.305748459982706,51.33010272434512],[12.305753688540905,51.33010722094644],[12.305753688542564,51.33011277905195],[12.30574845998539,51.33011727565427],[12.305740000000002,51.33011899320363]]]}},{"type":"Feature","properties":{"wassersumme":200},"geometry":{"type":"Polygon","coordinates":[[[12.31597,51.34658899320364],[12.315961536974426,51.34658727565427],[12.315956306538316,51.346582779051964],[12.315956306539977,51.34657722094644],[12.315961536977111,51.34657272434512],[12.31597,51.34657100679637],[12.315978463022887,51.34657272434512],[12.315983693460025,51.34657722094644],[12.315983693461686,51.346582779051964],[12.315978463025575,51.34658727565427],[12.31597,51.34658899320364]]]}},{"type":"Feature","properties":{"wassersumme":500},"geometry":{"type":"Polygon","coordinates":[[[12.27486,51.327078993203635],[12.274851540575446,51.32707727565427],[12.27484631236489,51.32707277905195],[12.274846312366547,51.32706722094644],[12.274851540578132,51.32706272434512],[12.27486,51.32706100679637],[12.27486845942187,51.32706272434512],[12.274873687633454,51.32706722094644],[12.274873687635113,51.32707277905195],[12.274868459424555,51.32707727565427],[12.27486,51.327078993203635]]]}},{"type":"Feature","properties":{"wassersumme":6},"geometry":{"type":"Polygon","coordinates":[[[12.32993,51.331958993203635],[12.329921539675107,51.33195727565427],[12.329916310908114,51.33195277905196],[12.329916310909772,51.33194722094645],[12.329921539677791,51.331942724345126],[12.32993,51.33194100679636],[12.329938460322206,51.331942724345126],[12.329943689090227,51.33194722094645],[12.329943689091888,51.33195277905196],[12.329938460324891,51.33195727565427],[12.32993,51.331958993203635]]]}},{"type":"Feature","properties":{"wassersumme":330},"geometry":{"type":"Polygon","coordinates":[[[12.3072,51.32926899320365],[12.307191540171432,51.32926727565427],[12.307186311711181,51.32926277905195],[12.307186311712842,51.329257220946445],[12.307191540174118,51.32925272434512],[12.3072,51.329251006796355],[12.307208459825882,51.32925272434512],[12.307213688287158,51.329257220946445],[12.307213688288819,51.32926277905195],[12.307208459828567,51.32926727565427],[12.3072,51.32926899320365]]]}},{"type":"Feature","properties":{"wassersumme":70},"geometry":{"type":"Polygon","coordinates":[[[12.37858,51.36740899320364],[12.378571533127147,51.36740727565427],[12.37856630031329,51.36740277905196],[12.378566300314953,51.36739722094645],[12.378571533129838,51.36739272434512],[12.37858,51.36739100679636],[12.378588466870163,51.36739272434512],[12.378593699685048,51.36739722094645],[12.378593699686709,51.36740277905196],[12.378588466872854,51.36740727565427],[12.37858,51.36740899320364]]]}},{"type":"Feature","properties":{"wassersumme":20},"geometry":{"type":"Polygon","coordinates":[[[12.368969999999997,51.321368993203635],[12.368961541628591,51.32136727565427],[12.368956314068916,51.32136277905195],[12.368956314070573,51.32135722094644],[12.368961541631277,51.32135272434511],[12.368969999999997,51.32135100679636],[12.368978458368721,51.32135272434511],[12.368983685929424,51.32135722094644],[12.368983685931083,51.32136277905195],[12.368978458371403,51.32136727565427],[12.368969999999997,51.321368993203635]]]}},{"type":"Feature","properties":{"wassersumme":100},"geometry":{"type":"Polygon","coordinates":[[[12.29377,51.324148993203636],[12.293761541115897,51.32414727565427],[12.293756313239355,51.32414277905197],[12.293756313241014,51.32413722094645],[12.29376154111858,51.32413272434513],[12.29377,51.324131006796364],[12.293778458881421,51.32413272434513],[12.293783686758985,51.32413722094645],[12.293783686760646,51.32414277905197],[12.293778458884104,51.32414727565427],[12.29377,51.324148993203636]]]}},{"type":"Feature","properties":{"wassersumme":346},"geometry":{"type":"Polygon","coordinates":[[[12.321100000000001,51.32267899320364],[12.321091541387009,51.32267727565427],[12.321086313678025,51.322672779051956],[12.321086313679684,51.322667220946435],[12.321091541389693,51.32266272434511],[12.321100000000001,51.32266100679636],[12.321108458610306,51.32266272434511],[12.321113686320317,51.322667220946435],[12.321113686321976,51.322672779051956],[12.32110845861299,51.32267727565427],[12.321100000000001,51.32267899320364]]]}},{"type":"Feature","properties":{"wassersumme":442},"geometry":{"type":"Polygon","coordinates":[[[12.402030000000002,51.33375899320364],[12.402021539342954,51.33375727565427],[12.402016310370675,51.333752779051956],[12.402016310372332,51.33374722094645],[12.402021539345638,51.33374272434512],[12.402030000000002,51.33374100679636],[12.402038460654364,51.33374272434512],[12.402043689627668,51.33374722094645],[12.402043689629327,51.333752779051956],[12.402038460657048,51.33375727565427],[12.402030000000002,51.33375899320364]]]}},{"type":"Feature","properties":{"wassersumme":665},"geometry":{"type":"Polygon","coordinates":[[[12.3368,51.34157899320363],[12.336791537899524,51.341577275654274],[12.336786308035155,51.34157277905196],[12.336786308036816,51.34156722094643],[12.336791537902208,51.34156272434511],[12.3368,51.34156100679636],[12.33680846209779,51.34156272434511],[12.336813691963187,51.34156722094643],[12.336813691964846,51.34157277905196],[12.336808462100478,51.341577275654274],[12.3368,51.34157899320363]]]}},{"type":"Feature","properties":{"wassersumme":100},"geometry":{"type":"Polygon","coordinates":[[[12.3208937,51.32140019320364],[12.32088524162284,51.32139847565428],[12.320880014059604,51.32139397905197],[12.320880014061265,51.32138842094645],[12.320885241625522,51.32138392434511],[12.3208937,51.321382206796365],[12.320902158374476,51.32138392434511],[12.320907385938733,51.32138842094645],[12.32090738594039,51.32139397905197],[12.320902158377159,51.32139847565428],[12.3208937,51.32140019320364]]]}},{"type":"Feature","properties":{"wassersumme":100},"geometry":{"type":"Polygon","coordinates":[[[12.35662,51.33467899320363],[12.35661153917317,51.334677275654265],[12.356606310095962,51.33467277905195],[12.35660631009762,51.33466722094644],[12.356611539175857,51.334662724345115],[12.35662,51.33466100679635],[12.356628460824142,51.334662724345115],[12.356633689902377,51.33466722094644],[12.356633689904038,51.33467277905195],[12.356628460826828,51.334677275654265],[12.35662,51.33467899320363]]]}},{"type":"Feature","properties":{"wassersumme":440},"geometry":{"type":"Polygon","coordinates":[[[12.30863,51.32920899320363],[12.308621540182504,51.32920727565426],[12.308616311729093,51.32920277905195],[12.30861631173075,51.329197220946455],[12.308621540185188,51.32919272434512],[12.30863,51.32919100679636],[12.308638459814814,51.32919272434512],[12.308643688269248,51.329197220946455],[12.308643688270909,51.32920277905195],[12.308638459817496,51.32920727565426],[12.30863,51.32920899320363]]]}},{"type":"Feature","properties":{"wassersumme":214},"geometry":{"type":"Polygon","coordinates":[[[12.3989,51.339168993203636],[12.398891538344435,51.33916727565426],[12.398886308755038,51.339162779051954],[12.398886308756698,51.33915722094644],[12.39889153834712,51.33915272434512],[12.3989,51.33915100679636],[12.398908461652878,51.33915272434512],[12.398913691243303,51.33915722094644],[12.398913691244964,51.339162779051954],[12.398908461655566,51.33916727565426],[12.3989,51.339168993203636]]]}},{"type":"Feature","properties":{"wassersumme":30},"geometry":{"type":"Polygon","coordinates":[[[12.45592,51.35641899320363],[12.45591153515854,51.356417275654266],[12.45590630360015,51.35641277905195],[12.455906303601813,51.356407220946444],[12.455911535161228,51.356402724345116],[12.45592,51.356401006796354],[12.455928464838777,51.356402724345116],[12.455933696398192,51.356407220946444],[12.455933696399855,51.35641277905195],[12.455928464841463,51.356417275654266],[12.45592,51.35641899320363]]]}},{"type":"Feature","properties":{"wassersumme":9},"geometry":{"type":"Polygon","coordinates":[[[12.37713,51.36298899320363],[12.377121533944294,51.36298727565426],[12.377116301635462,51.362982779051954],[12.377116301637123,51.36297722094644],[12.377121533946983,51.36297272434512],[12.37713,51.36297100679636],[12.377138466053015,51.36297272434512],[12.377143698362877,51.36297722094644],[12.37714369836454,51.362982779051954],[12.377138466055706,51.36298727565426],[12.37713,51.36298899320363]]]}},{"type":"Feature","properties":{"wassersumme":140},"geometry":{"type":"Polygon","coordinates":[[[12.30508,51.33051899320363],[12.305071539940808,51.330517275654266],[12.305066311338024,51.33051277905196],[12.305066311339683,51.33050722094644],[12.305071539943492,51.3305027243451],[12.30508,51.33050100679636],[12.305088460056506,51.3305027243451],[12.305093688660316,51.33050722094644],[12.305093688661977,51.33051277905196],[12.30508846005919,51.330517275654266],[12.30508,51.33051899320363]]]}},{"type":"Feature","properties":{"wassersumme":320},"geometry":{"type":"Polygon","coordinates":[[[12.30654,51.329648993203634],[12.306531540101325,51.32964727565426],[12.306526311597745,51.32964277905196],[12.306526311599402,51.32963722094644],[12.30653154010401,51.32963272434512],[12.30654,51.32963100679635],[12.306548459895989,51.32963272434512],[12.306553688400596,51.32963722094644],[12.306553688402255,51.32964277905196],[12.306548459898673,51.32964727565426],[12.30654,51.329648993203634]]]}},{"type":"Feature","properties":{"wassersumme":380},"geometry":{"type":"Polygon","coordinates":[[[12.308609999999998,51.32938899320364],[12.308601540149292,51.32938727565427],[12.308596311675359,51.32938277905196],[12.308596311677016,51.329377220946434],[12.30860154015198,51.32937272434511],[12.308609999999998,51.32937100679636],[12.308618459848022,51.32937272434511],[12.30862368832298,51.329377220946434],[12.308623688324639,51.32938277905196],[12.308618459850706,51.32938727565427],[12.308609999999998,51.32938899320364]]]}},{"type":"Feature","properties":{"wassersumme":500},"geometry":{"type":"Polygon","coordinates":[[[12.30858,51.32918899320364],[12.30857154018619,51.32918727565427],[12.30856631173506,51.32918277905196],[12.308566311736719,51.329177220946434],[12.308571540188874,51.32917272434512],[12.30858,51.32917100679636],[12.308588459811121,51.32917272434512],[12.308593688263276,51.329177220946434],[12.308593688264935,51.32918277905196],[12.308588459813805,51.32918727565427],[12.30858,51.32918899320364]]]}},{"type":"Feature","properties":{"wassersumme":285},"geometry":{"type":"Polygon","coordinates":[[[12.39638,51.33409899320364],[12.39637153928021,51.33409727565427],[12.396366310269153,51.33409277905196],[12.396366310270812,51.33408722094645],[12.396371539282894,51.33408272434512],[12.39638,51.33408100679637],[12.396388460717105,51.33408272434512],[12.396393689729189,51.33408722094645],[12.39639368973085,51.33409277905196],[12.396388460719791,51.33409727565427],[12.39638,51.33409899320364]]]}},{"type":"Feature","properties":{"wassersumme":340},"geometry":{"type":"Polygon","coordinates":[[[12.30726,51.32922899320363],[12.307251540178811,51.32922727565426],[12.307246311723123,51.32922277905195],[12.30724631172478,51.32921722094645],[12.307251540181497,51.329212724345126],[12.30726,51.329211006796356],[12.307268459818502,51.329212724345126],[12.307273688275219,51.32921722094645],[12.307273688276878,51.32922277905195],[12.30726845982119,51.32922727565426],[12.30726,51.32922899320363]]]}},{"type":"Feature","properties":{"wassersumme":500},"geometry":{"type":"Polygon","coordinates":[[[12.275179999999999,51.32710899320364],[12.275171540569911,51.32710727565428],[12.275166312355934,51.32710277905196],[12.275166312357593,51.32709722094645],[12.275171540572595,51.327092724345114],[12.275179999999999,51.327091006796365],[12.275188459427405,51.327092724345114],[12.275193687642405,51.32709722094645],[12.275193687644062,51.32710277905196],[12.275188459430087,51.32710727565428],[12.275179999999999,51.32710899320364]]]}},{"type":"Feature","properties":{"wassersumme":560},"geometry":{"type":"Polygon","coordinates":[[[12.40005,51.344998993203646],[12.400041537268049,51.34499727565427],[12.400036307013409,51.344992779051964],[12.400036307015068,51.34498722094644],[12.400041537270734,51.34498272434512],[12.40005,51.34498100679637],[12.400058462729266,51.34498272434512],[12.400063692984931,51.34498722094644],[12.400063692986594,51.344992779051964],[12.400058462731954,51.34499727565427],[12.40005,51.344998993203646]]]}},{"type":"Feature","properties":{"wassersumme":10},"geometry":{"type":"Polygon","coordinates":[[[12.483639999999998,51.33936899320364],[12.483631538307515,51.339367275654276],[12.483626308695298,51.33936277905195],[12.483626308696959,51.33935722094645],[12.483631538310199,51.33935272434512],[12.483639999999998,51.339351006796356],[12.483648461689798,51.33935272434512],[12.48365369130304,51.33935722094645],[12.4836536913047,51.33936277905195],[12.483648461692484,51.339367275654276],[12.483639999999998,51.33936899320364]]]}},{"type":"Feature","properties":{"wassersumme":50},"geometry":{"type":"Polygon","coordinates":[[[12.36658,51.34506899320363],[12.366571537255124,51.345067275654266],[12.366566306992492,51.34506277905195],[12.366566306994155,51.34505722094644],[12.366571537257808,51.34505272434511],[12.36658,51.34505100679635],[12.366588462742193,51.34505272434511],[12.36659369300585,51.34505722094644],[12.366593693007509,51.34506277905195],[12.36658846274488,51.345067275654266],[12.36658,51.34506899320363]]]}},{"type":"Feature","properties":{"wassersumme":56},"geometry":{"type":"Polygon","coordinates":[[[12.357140000000001,51.34175899320364],[12.35713153786629,51.341757275654274],[12.357126307981385,51.34175277905196],[12.357126307983044,51.341747220946445],[12.357131537868979,51.34174272434512],[12.357140000000001,51.341741006796354],[12.357148462131024,51.34174272434512],[12.357153692016958,51.341747220946445],[12.357153692018619,51.34175277905196],[12.357148462133711,51.341757275654274],[12.357140000000001,51.34175899320364]]]}},{"type":"Feature","properties":{"wassersumme":275},"geometry":{"type":"Polygon","coordinates":[[[12.42212,51.314028993203635],[12.422111542981867,51.314027275654276],[12.422106316258558,51.31402277905196],[12.422106316260216,51.31401722094645],[12.422111542984549,51.314012724345126],[12.42212,51.31401100679636],[12.422128457015447,51.314012724345126],[12.42213368373978,51.31401722094645],[12.42213368374144,51.31402277905196],[12.422128457018133,51.314027275654276],[12.42212,51.314028993203635]]]}},{"type":"Feature","properties":{"wassersumme":400},"geometry":{"type":"Polygon","coordinates":[[[12.30771,51.328968993203645],[12.30770154022678,51.32896727565427],[12.307696311800735,51.32896277905197],[12.307696311802395,51.32895722094645],[12.307701540229464,51.32895272434512],[12.30771,51.32895100679637],[12.307718459770536,51.32895272434512],[12.307723688197605,51.32895722094645],[12.307723688199264,51.32896277905197],[12.307718459773218,51.32896727565427],[12.30771,51.328968993203645]]]}},{"type":"Feature","properties":{"wassersumme":400},"geometry":{"type":"Polygon","coordinates":[[[12.307639999999997,51.32900899320362],[12.307631540219399,51.329007275654256],[12.307626311788793,51.32900277905195],[12.30762631179045,51.32899722094644],[12.307631540222083,51.32899272434511],[12.307639999999997,51.32899100679635],[12.307648459777914,51.32899272434511],[12.307653688209545,51.32899722094644],[12.307653688211204,51.32900277905195],[12.307648459780598,51.329007275654256],[12.307639999999997,51.32900899320362]]]}},{"type":"Feature","properties":{"wassersumme":30},"geometry":{"type":"Polygon","coordinates":[[[12.425120000000001,51.30948899320364],[12.425111543818621,51.30948727565427],[12.425106317612455,51.30948277905196],[12.425106317614112,51.30947722094644],[12.425111543821304,51.30947272434512],[12.425120000000001,51.30947100679636],[12.425128456178697,51.30947272434512],[12.425133682385889,51.30947722094644],[12.425133682387546,51.30948277905196],[12.42512845618138,51.30948727565427],[12.425120000000001,51.30948899320364]]]}},{"type":"Feature","properties":{"wassersumme":670},"geometry":{"type":"Polygon","coordinates":[[[12.39839,51.338958993203626],[12.3983815383832,51.338957275654266],[12.39837630881776,51.33895277905195],[12.39837630881942,51.33894722094645],[12.398381538385884,51.33894272434511],[12.39839,51.33894100679636],[12.398398461614114,51.33894272434511],[12.39840369118058,51.33894722094645],[12.39840369118224,51.33895277905195],[12.398398461616802,51.338957275654266],[12.39839,51.338958993203626]]]}},{"type":"Feature","properties":{"wassersumme":20},"geometry":{"type":"Polygon","coordinates":[[[12.394250000000001,51.303528993203635],[12.39424154491676,51.303527275654275],[12.394236319389277,51.30352277905195],[12.394236319390934,51.303517220946446],[12.394241544919439,51.30351272434512],[12.394250000000001,51.30351100679636],[12.394258455080562,51.30351272434512],[12.394263680609066,51.303517220946446],[12.394263680610724,51.30352277905195],[12.394258455083243,51.303527275654275],[12.394250000000001,51.303528993203635]]]}},{"type":"Feature","properties":{"wassersumme":100},"geometry":{"type":"Polygon","coordinates":[[[12.2938,51.324098993203634],[12.293791541125117,51.32409727565428],[12.293786313254277,51.32409277905195],[12.293786313255934,51.324087220946446],[12.293791541127803,51.32408272434512],[12.2938,51.32408100679636],[12.293808458872197,51.32408272434512],[12.293813686744064,51.324087220946446],[12.293813686745722,51.32409277905195],[12.293808458874881,51.32409727565428],[12.2938,51.324098993203634]]]}},{"type":"Feature","properties":{"wassersumme":60},"geometry":{"type":"Polygon","coordinates":[[[12.32338,51.32338899320362],[12.323371541256066,51.32338727565426],[12.323366313466156,51.32338277905196],[12.323366313467814,51.32337722094643],[12.32337154125875,51.32337272434511],[12.32338,51.323371006796364],[12.32338845874125,51.32337272434511],[12.323393686532187,51.32337722094643],[12.323393686533844,51.32338277905196],[12.323388458743935,51.32338727565426],[12.32338,51.32338899320362]]]}},{"type":"Feature","properties":{"wassersumme":70},"geometry":{"type":"Polygon","coordinates":[[[12.38368,51.361258993203634],[12.383671534264069,51.36125727565427],[12.383666302152871,51.36125277905195],[12.383666302154534,51.36124722094643],[12.383671534266758,51.361242724345104],[12.38368,51.36124100679636],[12.38368846573324,51.361242724345104],[12.383693697845466,51.36124722094643],[12.383693697847129,51.36125277905195],[12.38368846573593,51.36125727565427],[12.38368,51.361258993203634]]]}},{"type":"Feature","properties":{"wassersumme":100},"geometry":{"type":"Polygon","coordinates":[[[12.334619999999997,51.31994899320364],[12.334611541890443,51.31994727565427],[12.334606314492596,51.319942779051964],[12.334606314494255,51.319937220946436],[12.334611541893125,51.319932724345115],[12.334619999999997,51.31993100679637],[12.334628458106872,51.319932724345115],[12.33463368550574,51.319937220946436],[12.3346336855074,51.319942779051964],[12.334628458109554,51.31994727565427],[12.334619999999997,51.31994899320364]]]}},{"type":"Feature","properties":{"wassersumme":10},"geometry":{"type":"Polygon","coordinates":[[[12.41845,51.31181899320363],[12.418441543389214,51.31181727565427],[12.418436316917658,51.31181277905197],[12.418436316919317,51.31180722094644],[12.418441543391896,51.311802724345114],[12.41845,51.31180100679636],[12.418458456608105,51.311802724345114],[12.418463683080684,51.31180722094644],[12.418463683082342,51.31181277905197],[12.418458456610788,51.31181727565427],[12.41845,51.31181899320363]]]}},{"type":"Feature","properties":{"wassersumme":280},"geometry":{"type":"Polygon","coordinates":[[[12.39861,51.33859899320365],[12.398601538449654,51.33859727565427],[12.398596308925281,51.338592779051964],[12.398596308926942,51.338587220946444],[12.398601538452338,51.33858272434513],[12.39861,51.33858100679637],[12.398618461547658,51.33858272434513],[12.398623691073054,51.338587220946444],[12.398623691074715,51.338592779051964],[12.398618461550344,51.33859727565427],[12.39861,51.33859899320365]]]}},{"type":"Feature","properties":{"wassersumme":320},"geometry":{"type":"Polygon","coordinates":[[[12.30566,51.330168993203635],[12.305651540005385,51.33016727565427],[12.30564631144251,51.33016277905195],[12.305646311444171,51.33015722094645],[12.30565154000807,51.33015272434511],[12.30566,51.330151006796356],[12.305668459991928,51.33015272434511],[12.305673688555828,51.33015722094645],[12.30567368855749,51.33016277905195],[12.305668459994614,51.33016727565427],[12.30566,51.330168993203635]]]}},{"type":"Feature","properties":{"wassersumme":215},"geometry":{"type":"Polygon","coordinates":[[[12.325500000000002,51.34369899320363],[12.325491537508098,51.34369727565428],[12.325486307401816,51.343692779051956],[12.325486307403475,51.34368722094645],[12.325491537510782,51.34368272434512],[12.325500000000002,51.343681006796366],[12.325508462489218,51.34368272434512],[12.325513692596527,51.34368722094645],[12.325513692598186,51.343692779051956],[12.325508462491904,51.34369727565428],[12.325500000000002,51.34369899320363]]]}},{"type":"Feature","properties":{"wassersumme":460},"geometry":{"type":"Polygon","coordinates":[[[12.30862,51.32943899320364],[12.308611540140069,51.32943727565427],[12.308606311660432,51.329432779051956],[12.308606311662091,51.32942722094645],[12.308611540142753,51.32942272434513],[12.30862,51.329421006796366],[12.308628459857244,51.32942272434513],[12.308633688337906,51.32942722094645],[12.308633688339565,51.329432779051956],[12.308628459859928,51.32943727565427],[12.30862,51.32943899320364]]]}},{"type":"Feature","properties":{"wassersumme":400},"geometry":{"type":"Polygon","coordinates":[[[12.27603,51.32718899320363],[12.276021540555156,51.32718727565427],[12.276016312332056,51.32718277905196],[12.276016312333716,51.32717722094644],[12.276021540557839,51.32717272434512],[12.27603,51.327171006796355],[12.276038459442162,51.32717272434512],[12.276043687666286,51.32717722094644],[12.276043687667945,51.32718277905196],[12.276038459444848,51.32718727565427],[12.27603,51.32718899320363]]]}},{"type":"Feature","properties":{"wassersumme":135},"geometry":{"type":"Polygon","coordinates":[[[12.322580000000002,51.324908993203636],[12.322571540975723,51.32490727565427],[12.322566313012548,51.32490277905196],[12.322566313014205,51.32489722094644],[12.322571540978405,51.32489272434512],[12.322580000000002,51.324891006796356],[12.322588459021597,51.32489272434512],[12.322593686985797,51.32489722094644],[12.322593686987458,51.32490277905196],[12.322588459024281,51.32490727565427],[12.322580000000002,51.324908993203636]]]}},{"type":"Feature","properties":{"wassersumme":50},"geometry":{"type":"Polygon","coordinates":[[[12.39751,51.346848993203636],[12.39750153692641,51.346847275654255],[12.397496306460624,51.34684277905196],[12.397496306462287,51.34683722094643],[12.397501536929099,51.34683272434512],[12.39751,51.34683100679635],[12.397518463070906,51.34683272434512],[12.397523693537718,51.34683722094643],[12.39752369353938,51.34684277905196],[12.397518463073594,51.346847275654255],[12.39751,51.346848993203636]]]}},{"type":"Feature","properties":{"wassersumme":430},"geometry":{"type":"Polygon","coordinates":[[[12.33701,51.34158899320362],[12.337001537897677,51.34158727565426],[12.336996308032166,51.34158277905195],[12.336996308033827,51.341577220946434],[12.337001537900361,51.34157272434511],[12.33701,51.34157100679636],[12.337018462099637,51.34157272434511],[12.337023691966174,51.341577220946434],[12.337023691967833,51.34158277905195],[12.337018462102325,51.34158727565426],[12.33701,51.34158899320362]]]}},{"type":"Feature","properties":{"wassersumme":60},"geometry":{"type":"Polygon","coordinates":[[[12.41784,51.35862899320364],[12.417831534750144,51.35862727565427],[12.417826302939355,51.35862277905194],[12.417826302941018,51.35861722094645],[12.417831534752834,51.358612724345114],[12.41784,51.35861100679636],[12.417848465247168,51.358612724345114],[12.417853697058982,51.35861722094645],[12.417853697060648,51.35862277905194],[12.417848465249858,51.35862727565427],[12.41784,51.35862899320364]]]}},{"type":"Feature","properties":{"wassersumme":120},"geometry":{"type":"Polygon","coordinates":[[[12.39777,51.334108993203614],[12.397761539278365,51.33410727565426],[12.397756310266166,51.33410277905195],[12.397756310267827,51.334097220946425],[12.39776153928105,51.33409272434512],[12.39777,51.334091006796356],[12.397778460718953,51.33409272434512],[12.397783689732176,51.334097220946425],[12.397783689733833,51.33410277905195],[12.397778460721637,51.33410727565426],[12.39777,51.334108993203614]]]}},{"type":"Feature","properties":{"wassersumme":720},"geometry":{"type":"Polygon","coordinates":[[[12.40584,51.34217899320364],[12.405831537788744,51.34217727565428],[12.405826307855914,51.34217277905196],[12.405826307857573,51.342167220946436],[12.405831537791432,51.34216272434511],[12.40584,51.34216100679635],[12.405848462208567,51.34216272434511],[12.405853692142424,51.342167220946436],[12.405853692144085,51.34217277905196],[12.405848462211253,51.34217727565428],[12.40584,51.34217899320364]]]}},{"type":"Feature","properties":{"wassersumme":680},"geometry":{"type":"Polygon","coordinates":[[[12.40588,51.34176899320363],[12.405871537864442,51.34176727565427],[12.405866307978396,51.34176277905194],[12.405866307980055,51.34175722094645],[12.40587153786713,51.341752724345106],[12.40588,51.34175100679636],[12.405888462132868,51.341752724345106],[12.405893692019943,51.34175722094645],[12.405893692021605,51.34176277905194],[12.405888462135557,51.34176727565427],[12.40588,51.34176899320363]]]}},{"type":"Feature","properties":{"wassersumme":140},"geometry":{"type":"Polygon","coordinates":[[[12.31821,51.34471899320363],[12.318201537319753,51.344717275654276],[12.318196307097068,51.34471277905196],[12.318196307098727,51.34470722094644],[12.31820153732244,51.34470272434511],[12.31821,51.344701006796356],[12.318218462677562,51.34470272434511],[12.318223692901274,51.34470722094644],[12.318223692902935,51.34471277905196],[12.31821846268025,51.344717275654276],[12.31821,51.34471899320363]]]}},{"type":"Feature","properties":{"wassersumme":49},"geometry":{"type":"Polygon","coordinates":[[[12.29969,51.33568899320363],[12.29968153898677,51.33568727565427],[12.299676309794359,51.33568277905196],[12.29967630979602,51.335677220946444],[12.299681538989457,51.335672724345116],[12.29969,51.33567100679636],[12.299698461010545,51.335672724345116],[12.299703690203982,51.335677220946444],[12.299703690205643,51.33568277905196],[12.29969846101323,51.33568727565427],[12.29969,51.33568899320363]]]}},{"type":"Feature","properties":{"wassersumme":100},"geometry":{"type":"Polygon","coordinates":[[[12.36178,51.33565899320363],[12.361771538992308,51.335657275654256],[12.361766309803317,51.335652779051955],[12.36176630980498,51.33564722094645],[12.361771538994994,51.33564272434513],[12.36178,51.33564100679636],[12.361788461005007,51.33564272434513],[12.361793690195023,51.33564722094645],[12.361793690196683,51.335652779051955],[12.361788461007693,51.335657275654256],[12.36178,51.33565899320363]]]}},{"type":"Feature","properties":{"wassersumme":70},"geometry":{"type":"Polygon","coordinates":[[[12.324580000000001,51.323248993203634],[12.324571541281887,51.32324727565427],[12.324566313507932,51.32324277905197],[12.32456631350959,51.323237220946446],[12.32457154128457,51.323232724345125],[12.324580000000001,51.32323100679637],[12.32458845871543,51.323232724345125],[12.324593686490408,51.323237220946446],[12.324593686492069,51.32324277905197],[12.324588458718113,51.32324727565427],[12.324580000000001,51.323248993203634]]]}},{"type":"Feature","properties":{"wassersumme":40},"geometry":{"type":"Polygon","coordinates":[[[12.4146,51.35436899320363],[12.414591535537316,51.35436727565427],[12.414586304213028,51.354362779051954],[12.414586304214687,51.35435722094644],[12.414591535540005,51.35435272434511],[12.4146,51.35435100679637],[12.414608464459993,51.35435272434511],[12.414613695785311,51.35435722094644],[12.414613695786974,51.354362779051954],[12.414608464462683,51.35436727565427],[12.4146,51.35436899320363]]]}},{"type":"Feature","properties":{"wassersumme":400},"geometry":{"type":"Polygon","coordinates":[[[12.27619,51.327208993203634],[12.276181540551464,51.32720727565427],[12.276176312326086,51.32720277905196],[12.276176312327745,51.32719722094644],[12.276181540554148,51.32719272434512],[12.27619,51.32719100679636],[12.276198459445851,51.32719272434512],[12.276203687672254,51.32719722094644],[12.276203687673911,51.32720277905196],[12.276198459448535,51.32720727565427],[12.27619,51.327208993203634]]]}},{"type":"Feature","properties":{"wassersumme":4},"geometry":{"type":"Polygon","coordinates":[[[12.3773,51.36292899320364],[12.377291533955388,51.36292727565427],[12.377286301653408,51.36292277905195],[12.37728630165507,51.36291722094645],[12.377291533958076,51.362912724345115],[12.3773,51.36291100679636],[12.377308466041928,51.362912724345115],[12.377313698344931,51.36291722094645],[12.377313698346594,51.36292277905195],[12.377308466044617,51.36292727565427],[12.3773,51.36292899320364]]]}},{"type":"Feature","properties":{"wassersumme":4},"geometry":{"type":"Polygon","coordinates":[[[12.41035,51.32986899320363],[12.410341540060735,51.32986727565427],[12.41033631153207,51.32986277905195],[12.410336311533728,51.329857220946444],[12.410341540063419,51.32985272434511],[12.41035,51.32985100679636],[12.41035845993658,51.32985272434511],[12.410363688466271,51.329857220946444],[12.41036368846793,51.32986277905195],[12.410358459939264,51.32986727565427],[12.41035,51.32986899320363]]]}},{"type":"Feature","properties":{"wassersumme":625},"geometry":{"type":"Polygon","coordinates":[[[12.36483,51.370358993203624],[12.36482153258165,51.37035727565427],[12.364816299430657,51.370352779051956],[12.36481629943232,51.370347220946435],[12.36482153258434,51.37034272434511],[12.36483,51.37034100679636],[12.364838467415659,51.37034272434511],[12.364843700567679,51.370347220946435],[12.364843700569343,51.370352779051956],[12.36483846741835,51.37035727565427],[12.36483,51.370358993203624]]]}},{"type":"Feature","properties":{"wassersumme":440},"geometry":{"type":"Polygon","coordinates":[[[12.2766,51.32588899320363],[12.276591540794955,51.32588727565427],[12.276586312720067,51.32588277905195],[12.276586312721724,51.32587722094644],[12.276591540797641,51.32587272434511],[12.2766,51.325871006796355],[12.27660845920236,51.32587272434511],[12.276613687278275,51.32587722094644],[12.276613687279935,51.32588277905195],[12.276608459205043,51.32588727565427],[12.2766,51.32588899320363]]]}},{"type":"Feature","properties":{"wassersumme":30},"geometry":{"type":"Polygon","coordinates":[[[12.32425,51.332408993203636],[12.32424153959207,51.33240727565427],[12.324236310773758,51.332402779051954],[12.324236310775415,51.33239722094644],[12.324241539594757,51.33239272434511],[12.32425,51.33239100679636],[12.324258460405241,51.33239272434511],[12.32426368922458,51.33239722094644],[12.32426368922624,51.332402779051954],[12.324258460407925,51.33240727565427],[12.32425,51.332408993203636]]]}},{"type":"Feature","properties":{"wassersumme":4},"geometry":{"type":"Polygon","coordinates":[[[12.4044,51.33339899320364],[12.404391539409387,51.33339727565427],[12.404386310478165,51.33339277905197],[12.404386310479826,51.33338722094644],[12.404391539412073,51.33338272434512],[12.4044,51.333381006796365],[12.404408460587929,51.33338272434512],[12.404413689520174,51.33338722094644],[12.404413689521833,51.33339277905197],[12.404408460590611,51.33339727565427],[12.4044,51.33339899320364]]]}},{"type":"Feature","properties":{"wassersumme":143},"geometry":{"type":"Polygon","coordinates":[[[12.402380000000003,51.33412899320362],[12.402371539274675,51.33412727565426],[12.402366310260195,51.334122779051945],[12.402366310261854,51.334117220946425],[12.402371539277361,51.334112724345104],[12.402380000000003,51.33411100679635],[12.402388460722642,51.334112724345104],[12.40239368973815,51.334117220946425],[12.402393689739808,51.334122779051945],[12.40238846072533,51.33412727565426],[12.402380000000003,51.33412899320362]]]}},{"type":"Feature","properties":{"wassersumme":32},"geometry":{"type":"Polygon","coordinates":[[[12.483689999999998,51.33935899320363],[12.48368153830936,51.339357275654265],[12.483676308698286,51.33935277905197],[12.483676308699945,51.33934722094644],[12.483681538312045,51.33934272434512],[12.483689999999998,51.33934100679636],[12.48369846168795,51.33934272434512],[12.483703691300052,51.33934722094644],[12.483703691301711,51.33935277905197],[12.483698461690636,51.339357275654265],[12.483689999999998,51.33935899320363]]]}},{"type":"Feature","properties":{"wassersumme":360},"geometry":{"type":"Polygon","coordinates":[[[12.32097,51.321808993203625],[12.320961541547453,51.321807275654265],[12.32095631393763,51.321802779051964],[12.320956313939288,51.32179722094644],[12.320961541550139,51.321792724345116],[12.32097,51.32179100679636],[12.320978458449863,51.321792724345116],[12.320983686060714,51.32179722094644],[12.320983686062373,51.321802779051964],[12.320978458452549,51.321807275654265],[12.32097,51.321808993203625]]]}},{"type":"Feature","properties":{"wassersumme":400},"geometry":{"type":"Polygon","coordinates":[[[12.275689999999999,51.327148993203636],[12.27568154056253,51.32714727565427],[12.275676312343995,51.32714277905196],[12.275676312345652,51.32713722094645],[12.275681540565216,51.32713272434513],[12.275689999999999,51.327131006796364],[12.275698459434782,51.32713272434513],[12.275703687654344,51.32713722094645],[12.275703687656005,51.32714277905196],[12.275698459437466,51.32714727565427],[12.275689999999999,51.327148993203636]]]}},{"type":"Feature","properties":{"wassersumme":60},"geometry":{"type":"Polygon","coordinates":[[[12.3973,51.34729899320362],[12.397291536843303,51.34729727565426],[12.397286306326155,51.34729277905195],[12.397286306327814,51.347287220946434],[12.397291536845989,51.34728272434511],[12.3973,51.347281006796365],[12.39730846315401,51.34728272434511],[12.397313693672185,51.347287220946434],[12.397313693673848,51.34729277905195],[12.3973084631567,51.34729727565426],[12.3973,51.34729899320362]]]}},{"type":"Feature","properties":{"wassersumme":100},"geometry":{"type":"Polygon","coordinates":[[[12.288330000000002,51.31286899320364],[12.288321543195687,51.31286727565426],[12.288316316604526,51.312862779051954],[12.288316316606181,51.31285722094644],[12.288321543198368,51.31285272434512],[12.288330000000002,51.31285100679635],[12.288338456801634,51.31285272434512],[12.28834368339382,51.31285722094644],[12.288343683395478,51.312862779051954],[12.288338456804317,51.31286727565426],[12.288330000000002,51.31286899320364]]]}},{"type":"Feature","properties":{"wassersumme":40},"geometry":{"type":"Polygon","coordinates":[[[12.379560000000001,51.36625899320364],[12.379551533339773,51.36625727565427],[12.379546300657328,51.366252779051955],[12.379546300658989,51.36624722094645],[12.379551533342463,51.36624272434513],[12.379560000000001,51.366241006796365],[12.379568466657538,51.36624272434513],[12.379573699341012,51.36624722094645],[12.379573699342677,51.366252779051955],[12.379568466660228,51.36625727565427],[12.379560000000001,51.36625899320364]]]}},{"type":"Feature","properties":{"wassersumme":160},"geometry":{"type":"Polygon","coordinates":[[[12.41574,51.32412899320364],[12.415731541119586,51.32412727565428],[12.415726313245322,51.32412277905196],[12.415726313246983,51.32411722094644],[12.41573154112227,51.32411272434513],[12.41574,51.32411100679637],[12.415748458877733,51.32411272434513],[12.41575368675302,51.32411722094644],[12.415753686754677,51.32412277905196],[12.415748458880417,51.32412727565428],[12.41574,51.32412899320364]]]}},{"type":"Feature","properties":{"wassersumme":180},"geometry":{"type":"Polygon","coordinates":[[[12.32766,51.333988993203626],[12.327651539300508,51.333987275654266],[12.327646310301995,51.33398277905195],[12.327646310303656,51.33397722094644],[12.327651539303194,51.33397272434511],[12.32766,51.333971006796354],[12.327668460696804,51.33397272434511],[12.327673689696343,51.33397722094644],[12.327673689698003,51.33398277905195],[12.32766846069949,51.333987275654266],[12.32766,51.333988993203626]]]}},{"type":"Feature","properties":{"wassersumme":90},"geometry":{"type":"Polygon","coordinates":[[[12.425069999999998,51.31563899320363],[12.42506154268508,51.315637275654275],[12.425056315778349,51.31563277905196],[12.425056315780006,51.31562722094644],[12.425061542687763,51.31562272434511],[12.425069999999998,51.31562100679637],[12.425078457312235,51.31562272434511],[12.425083684219992,51.31562722094644],[12.425083684221649,51.31563277905196],[12.425078457314916,51.315637275654275],[12.425069999999998,51.31563899320363]]]}},{"type":"Feature","properties":{"wassersumme":50},"geometry":{"type":"Polygon","coordinates":[[[12.38561,51.29833899320363],[12.385601545872712,51.29833727565426],[12.385596320936044,51.29833277905195],[12.385596320937703,51.29832722094644],[12.385601545875392,51.29832272434511],[12.38561,51.29832100679635],[12.385618454124605,51.29832272434511],[12.385623679062295,51.29832722094644],[12.385623679063954,51.29833277905195],[12.385618454127284,51.29833727565426],[12.38561,51.29833899320363]]]}},{"type":"Feature","properties":{"wassersumme":17},"geometry":{"type":"Polygon","coordinates":[[[12.365789999999999,51.321838993203635],[12.365781541541919,51.321837275654254],[12.365776313928677,51.32183277905195],[12.365776313930334,51.321827220946425],[12.365781541544603,51.32182272434511],[12.365789999999999,51.32182100679635],[12.365798458455394,51.32182272434511],[12.365803686069665,51.321827220946425],[12.365803686071322,51.32183277905195],[12.36579845845808,51.321837275654254],[12.365789999999999,51.321838993203635]]]}},{"type":"Feature","properties":{"wassersumme":345},"geometry":{"type":"Polygon","coordinates":[[[12.39677,51.30362899320365],[12.396761544898338,51.30362727565428],[12.396756319359469,51.30362277905196],[12.396756319361128,51.30361722094645],[12.396761544901018,51.30361272434512],[12.39677,51.30361100679636],[12.396778455098984,51.30361272434512],[12.396783680638874,51.30361722094645],[12.396783680640532,51.30362277905196],[12.396778455101664,51.30362727565428],[12.39677,51.30362899320365]]]}},{"type":"Feature","properties":{"wassersumme":135},"geometry":{"type":"Polygon","coordinates":[[[12.32123,51.32221899320364],[12.321221541471843,51.32221727565427],[12.32121631381529,51.32221277905195],[12.321216313816947,51.322207220946446],[12.321221541474525,51.322202724345125],[12.32123,51.322201006796355],[12.321238458525475,51.322202724345125],[12.321243686183054,51.322207220946446],[12.321243686184713,51.32221277905195],[12.321238458528159,51.32221727565427],[12.32123,51.32221899320364]]]}},{"type":"Feature","properties":{"wassersumme":20},"geometry":{"type":"Polygon","coordinates":[[[12.38015,51.32040899320363],[12.380141541805623,51.320407275654254],[12.380136314355354,51.320402779051946],[12.380136314357012,51.32039722094643],[12.380141541808305,51.32039272434511],[12.38015,51.32039100679634],[12.3801584581917,51.32039272434511],[12.380163685642989,51.32039722094643],[12.380163685644648,51.320402779051946],[12.380158458194382,51.320407275654254],[12.38015,51.32040899320363]]]}},{"type":"Feature","properties":{"wassersumme":81},"geometry":{"type":"Polygon","coordinates":[[[12.34581,51.32798899320364],[12.345801540407574,51.32798727565427],[12.345796312093267,51.32798277905195],[12.345796312094928,51.327977220946444],[12.345801540410259,51.327972724345116],[12.34581,51.32797100679635],[12.34581845958974,51.327972724345116],[12.345823687905074,51.327977220946444],[12.345823687906732,51.32798277905195],[12.345818459592426,51.32798727565427],[12.34581,51.32798899320364]]]}},{"type":"Feature","properties":{"wassersumme":50},"geometry":{"type":"Polygon","coordinates":[[[12.341679999999998,51.32027899320364],[12.34167154182959,51.32027727565427],[12.34166631439414,51.320272779051955],[12.341666314395797,51.32026722094645],[12.341671541832275,51.32026272434512],[12.341679999999998,51.32026100679636],[12.341688458167724,51.32026272434512],[12.3416936856042,51.32026722094645],[12.34169368560586,51.320272779051955],[12.341688458170406,51.32027727565427],[12.341679999999998,51.32027899320364]]]}},{"type":"Feature","properties":{"wassersumme":30},"geometry":{"type":"Polygon","coordinates":[[[12.38413,51.30089899320363],[12.38412154540122,51.30089727565428],[12.38411632017315,51.30089277905196],[12.384116320174806,51.30088722094645],[12.3841215454039,51.30088272434512],[12.38413,51.30088100679637],[12.384138454596103,51.30088272434512],[12.384143679825193,51.30088722094645],[12.384143679826852,51.30089277905196],[12.384138454598782,51.30089727565428],[12.38413,51.30089899320363]]]}},{"type":"Feature","properties":{"wassersumme":110},"geometry":{"type":"Polygon","coordinates":[[[12.34442,51.324908993203636],[12.34441154097572,51.32490727565427],[12.344406313012545,51.32490277905196],[12.344406313014202,51.32489722094644],[12.344411540978404,51.32489272434512],[12.34442,51.324891006796356],[12.344428459021598,51.32489272434512],[12.344433686985797,51.32489722094644],[12.344433686987456,51.32490277905196],[12.34442845902428,51.32490727565427],[12.34442,51.324908993203636]]]}},{"type":"Feature","properties":{"wassersumme":40},"geometry":{"type":"Polygon","coordinates":[[[12.39835,51.33881899320364],[12.398341538409042,51.33881727565427],[12.398336308859575,51.338812779051956],[12.398336308861234,51.33880722094644],[12.398341538411728,51.338802724345115],[12.39835,51.33880100679635],[12.39835846158827,51.338802724345115],[12.398363691138762,51.33880722094644],[12.398363691140425,51.338812779051956],[12.398358461590957,51.33881727565427],[12.39835,51.33881899320364]]]}},{"type":"Feature","properties":{"wassersumme":21},"geometry":{"type":"Polygon","coordinates":[[[12.45595,51.356458993203645],[12.455941535151146,51.356457275654265],[12.455936303588187,51.356452779051956],[12.45593630358985,51.35644722094644],[12.455941535153833,51.35644272434512],[12.45595,51.35644100679636],[12.455958464846162,51.35644272434512],[12.455963696410148,51.35644722094644],[12.455963696411809,51.356452779051956],[12.45595846484885,51.356457275654265],[12.45595,51.356458993203645]]]}},{"type":"Feature","properties":{"wassersumme":100},"geometry":{"type":"Polygon","coordinates":[[[12.32394,51.32332899320363],[12.323931541267132,51.32332727565427],[12.32392631348406,51.323322779051956],[12.323926313485718,51.323317220946436],[12.323931541269816,51.32331272434511],[12.32394,51.32331100679637],[12.323948458730186,51.32331272434511],[12.323953686514283,51.323317220946436],[12.32395368651594,51.323322779051956],[12.323948458732868,51.32332727565427],[12.32394,51.32332899320363]]]}},{"type":"Feature","properties":{"wassersumme":40},"geometry":{"type":"Polygon","coordinates":[[[12.26537,51.356828993203635],[12.265361535082777,51.35682727565427],[12.265356303477565,51.35682277905196],[12.265356303479226,51.35681722094643],[12.265361535085466,51.35681272434511],[12.26537,51.35681100679636],[12.265378464914535,51.35681272434511],[12.265383696520773,51.35681722094643],[12.265383696522436,51.35682277905196],[12.265378464917225,51.35682727565427],[12.26537,51.356828993203635]]]}},{"type":"Feature","properties":{"wassersumme":150},"geometry":{"type":"Polygon","coordinates":[[[12.4124,51.307398993203634],[12.41239154420375,51.307397275654274],[12.412386318235603,51.30739277905197],[12.412386318237262,51.307387220946445],[12.41239154420643,51.30738272434512],[12.4124,51.30738100679636],[12.41240845579357,51.30738272434512],[12.412413681762738,51.307387220946445],[12.412413681764397,51.30739277905197],[12.41240845579625,51.307397275654274],[12.4124,51.307398993203634]]]}},{"type":"Feature","properties":{"wassersumme":40},"geometry":{"type":"Polygon","coordinates":[[[12.26488,51.35509899320362],[12.264871535402438,51.35509727565425],[12.264866303994792,51.35509277905194],[12.264866303996454,51.35508722094643],[12.264871535405128,51.3550827243451],[12.26488,51.35508100679634],[12.264888464594872,51.3550827243451],[12.264893696003547,51.35508722094643],[12.26489369600521,51.35509277905194],[12.264888464597561,51.35509727565425],[12.26488,51.35509899320362]]]}},{"type":"Feature","properties":{"wassersumme":356},"geometry":{"type":"Polygon","coordinates":[[[12.40207,51.33418899320363],[12.4020615392636,51.334187275654266],[12.402056310242278,51.33418277905196],[12.402056310243939,51.33417722094645],[12.402061539266287,51.33417272434512],[12.40207,51.33417100679636],[12.402078460733716,51.33417272434512],[12.402083689756063,51.33417722094645],[12.402083689757726,51.33418277905196],[12.4020784607364,51.334187275654266],[12.40207,51.33418899320363]]]}},{"type":"Feature","properties":{"wassersumme":100},"geometry":{"type":"Polygon","coordinates":[[[12.37192,51.34796899320364],[12.371911536719562,51.34796727565427],[12.371906306125934,51.34796277905196],[12.371906306127597,51.34795722094645],[12.371911536722248,51.34795272434512],[12.37192,51.34795100679636],[12.37192846327775,51.34795272434512],[12.371933693872402,51.34795722094645],[12.371933693874064,51.34796277905196],[12.371928463280438,51.34796727565427],[12.37192,51.34796899320364]]]}},{"type":"Feature","properties":{"wassersumme":83},"geometry":{"type":"Polygon","coordinates":[[[12.40737,51.346398993203636],[12.407361537009512,51.346397275654276],[12.407356306595089,51.34639277905196],[12.40735630659675,51.346387220946454],[12.4073615370122,51.34638272434511],[12.40737,51.34638100679636],[12.407378462987797,51.34638272434511],[12.407383693403249,51.346387220946454],[12.40738369340491,51.34639277905196],[12.407378462990486,51.346397275654276],[12.40737,51.346398993203636]]]}},{"type":"Feature","properties":{"wassersumme":175},"geometry":{"type":"Polygon","coordinates":[[[12.4146,51.35302899320364],[12.414591535784885,51.35302727565427],[12.4145863046136,51.353022779051955],[12.414586304615263,51.35301722094644],[12.414591535787574,51.35301272434511],[12.4146,51.35301100679637],[12.414608464212426,51.35301272434511],[12.41461369538474,51.35301722094644],[12.4146136953864,51.353022779051955],[12.414608464215116,51.35302727565427],[12.4146,51.35302899320364]]]}},{"type":"Feature","properties":{"wassersumme":100},"geometry":{"type":"Polygon","coordinates":[[[12.39867,51.33865899320363],[12.398661538438578,51.33865727565426],[12.398656308907364,51.33865277905195],[12.398656308909022,51.338647220946434],[12.398661538441262,51.33864272434511],[12.39867,51.33864100679635],[12.398678461558735,51.33864272434511],[12.398683691090975,51.338647220946434],[12.398683691092634,51.33865277905195],[12.398678461561422,51.33865727565426],[12.39867,51.33865899320363]]]}},{"type":"Feature","properties":{"wassersumme":386},"geometry":{"type":"Polygon","coordinates":[[[12.32097,51.321968993203626],[12.320961541517947,51.321967275654266],[12.320956313889887,51.32196277905196],[12.320956313891545,51.32195722094644],[12.320961541520631,51.32195272434512],[12.32097,51.32195100679636],[12.32097845847937,51.32195272434512],[12.320983686108457,51.32195722094644],[12.320983686110115,51.32196277905196],[12.320978458482054,51.321967275654266],[12.32097,51.321968993203626]]]}},{"type":"Feature","properties":{"wassersumme":85},"geometry":{"type":"Polygon","coordinates":[[[12.39193,51.360748993203636],[12.391921534358334,51.36074727565427],[12.391916302305392,51.360742779051954],[12.391916302307056,51.36073722094644],[12.391921534361023,51.36073272434512],[12.39193,51.36073100679636],[12.391938465638976,51.36073272434512],[12.391943697692945,51.36073722094644],[12.391943697694607,51.360742779051954],[12.391938465641665,51.36074727565427],[12.39193,51.360748993203636]]]}},{"type":"Feature","properties":{"wassersumme":13},"geometry":{"type":"Polygon","coordinates":[[[12.36919,51.32185899320363],[12.36918154153823,51.32185727565428],[12.369176313922708,51.32185277905195],[12.369176313924365,51.321847220946445],[12.369181541540916,51.32184272434512],[12.36919,51.32184100679636],[12.369198458459083,51.32184272434512],[12.36920368607563,51.321847220946445],[12.369203686077292,51.32185277905195],[12.369198458461769,51.32185727565428],[12.36919,51.32185899320363]]]}},{"type":"Feature","properties":{"wassersumme":375},"geometry":{"type":"Polygon","coordinates":[[[12.36749,51.343848993203636],[12.367481537480398,51.34384727565427],[12.367476307356998,51.343842779051954],[12.36747630735866,51.34383722094645],[12.367481537483087,51.34383272434512],[12.36749,51.343831006796364],[12.367498462516913,51.34383272434512],[12.367503692641339,51.34383722094645],[12.367503692643002,51.343842779051954],[12.367498462519599,51.34384727565427],[12.36749,51.343848993203636]]]}},{"type":"Feature","properties":{"wassersumme":200},"geometry":{"type":"Polygon","coordinates":[[[12.2767,51.32590899320364],[12.27669154079127,51.32590727565427],[12.276686312714098,51.32590277905196],[12.276686312715755,51.325897220946445],[12.276691540793953,51.32589272434511],[12.2767,51.325891006796354],[12.27670845920605,51.32589272434511],[12.276713687284248,51.325897220946445],[12.276713687285906,51.32590277905196],[12.276708459208733,51.32590727565427],[12.2767,51.32590899320364]]]}},{"type":"Feature","properties":{"wassersumme":430},"geometry":{"type":"Polygon","coordinates":[[[12.3798,51.30816899320364],[12.379791544061865,51.308167275654256],[12.379786318006031,51.308162779051955],[12.379786318007687,51.308157220946434],[12.379791544064545,51.30815272434511],[12.3798,51.30815100679634],[12.379808455935452,51.30815272434511],[12.37981368199231,51.308157220946434],[12.37981368199397,51.308162779051955],[12.379808455938134,51.308167275654256],[12.3798,51.30816899320364]]]}},{"type":"Feature","properties":{"wassersumme":320},"geometry":{"type":"Polygon","coordinates":[[[12.32748,51.33362899320364],[12.327471539366943,51.33362727565428],[12.327466310409491,51.33362277905196],[12.327466310411149,51.333617220946444],[12.32747153936963,51.333612724345116],[12.32748,51.33361100679637],[12.327488460630372,51.333612724345116],[12.32749368958885,51.333617220946444],[12.327493689590508,51.33362277905196],[12.327488460633056,51.33362727565428],[12.32748,51.33362899320364]]]}},{"type":"Feature","properties":{"wassersumme":60},"geometry":{"type":"Polygon","coordinates":[[[12.36727,51.34379899320364],[12.367261537489632,51.343797275654275],[12.367256307371937,51.34379277905196],[12.367256307373598,51.343787220946446],[12.36726153749232,51.34378272434512],[12.36727,51.343781006796355],[12.367278462507683,51.34378272434512],[12.367283692626403,51.343787220946446],[12.367283692628064,51.34379277905196],[12.367278462510368,51.343797275654275],[12.36727,51.34379899320364]]]}},{"type":"Feature","properties":{"wassersumme":505},"geometry":{"type":"Polygon","coordinates":[[[12.29485,51.30667899320363],[12.294841544336414,51.30667727565426],[12.294836318450262,51.30667277905196],[12.29483631845192,51.30666722094644],[12.294841544339096,51.30666272434512],[12.29485,51.30666100679636],[12.294858455660906,51.30666272434512],[12.294863681548083,51.30666722094644],[12.29486368154974,51.30667277905196],[12.294858455663586,51.30667727565426],[12.29485,51.30667899320363]]]}},{"type":"Feature","properties":{"wassersumme":400},"geometry":{"type":"Polygon","coordinates":[[[12.26471,51.35508899320364],[12.264701535404287,51.35508727565427],[12.264696303997779,51.355082779051955],[12.26469630399944,51.355077220946434],[12.264701535406976,51.355072724345106],[12.26471,51.35507100679636],[12.264718464593022,51.355072724345106],[12.264723696000559,51.355077220946434],[12.264723696002218,51.355082779051955],[12.264718464595711,51.35508727565427],[12.26471,51.35508899320364]]]}},{"type":"Feature","properties":{"wassersumme":300},"geometry":{"type":"Polygon","coordinates":[[[12.277070000000002,51.32731899320364],[12.277061540531173,51.32731727565428],[12.277056312293256,51.327312779051965],[12.277056312294913,51.327307220946444],[12.277061540533857,51.32730272434512],[12.277070000000002,51.327301006796354],[12.277078459466145,51.32730272434512],[12.277083687705089,51.327307220946444],[12.277083687706746,51.327312779051965],[12.277078459468829,51.32731727565428],[12.277070000000002,51.32731899320364]]]}},{"type":"Feature","properties":{"wassersumme":360},"geometry":{"type":"Polygon","coordinates":[[[12.30644,51.330568993203634],[12.306431539931584,51.33056727565426],[12.306426311323097,51.33056277905195],[12.306426311324756,51.33055722094644],[12.30643153993427,51.33055272434512],[12.30644,51.330551006796355],[12.306448460065733,51.33055272434512],[12.306453688675244,51.33055722094644],[12.306453688676905,51.33056277905195],[12.306448460068417,51.33056727565426],[12.30644,51.330568993203634]]]}},{"type":"Feature","properties":{"wassersumme":460},"geometry":{"type":"Polygon","coordinates":[[[12.30827,51.32920899320363],[12.308261540182501,51.32920727565426],[12.308256311729092,51.32920277905195],[12.30825631173075,51.329197220946455],[12.308261540185187,51.32919272434512],[12.30827,51.32919100679636],[12.308278459814813,51.32919272434512],[12.30828368826925,51.329197220946455],[12.308283688270908,51.32920277905195],[12.308278459817497,51.32920727565426],[12.30827,51.32920899320363]]]}},{"type":"Feature","properties":{"wassersumme":310},"geometry":{"type":"Polygon","coordinates":[[[12.29393,51.30569899320365],[12.293921544516975,51.30569727565427],[12.293916318742417,51.30569277905197],[12.293916318744076,51.305687220946446],[12.293921544519659,51.30568272434512],[12.29393,51.305681006796355],[12.293938455480342,51.30568272434512],[12.293943681255925,51.305687220946446],[12.293943681257582,51.30569277905197],[12.293938455483023,51.30569727565427],[12.29393,51.30569899320365]]]}},{"type":"Feature","properties":{"wassersumme":280},"geometry":{"type":"Polygon","coordinates":[[[12.30798,51.32933899320363],[12.307971540158519,51.329337275654254],[12.307966311690286,51.32933277905195],[12.307966311691947,51.329327220946425],[12.307971540161205,51.329322724345104],[12.30798,51.329321006796356],[12.3079884598388,51.329322724345104],[12.307993688308056,51.329327220946425],[12.307993688309717,51.32933277905195],[12.307988459841482,51.329337275654254],[12.30798,51.32933899320363]]]}},{"type":"Feature","properties":{"wassersumme":389},"geometry":{"type":"Polygon","coordinates":[[[12.32171,51.32260899320364],[12.321701541399918,51.32260727565426],[12.321696313698913,51.322602779051955],[12.32169631370057,51.32259722094644],[12.3217015414026,51.32259272434512],[12.32171,51.32259100679636],[12.321718458597399,51.32259272434512],[12.321723686299428,51.32259722094644],[12.321723686301086,51.322602779051955],[12.321718458600081,51.32260727565426],[12.32171,51.32260899320364]]]}},{"type":"Feature","properties":{"wassersumme":44},"geometry":{"type":"Polygon","coordinates":[[[12.385,51.36267899320363],[12.384991534001598,51.36267727565427],[12.38498630172818,51.362672779051955],[12.38498630172984,51.36266722094645],[12.384991534004287,51.36266272434512],[12.385,51.36266100679636],[12.385008465995712,51.36266272434512],[12.385013698270157,51.36266722094645],[12.38501369827182,51.362672779051955],[12.385008465998402,51.36267727565427],[12.385,51.36267899320363]]]}},{"type":"Feature","properties":{"wassersumme":500},"geometry":{"type":"Polygon","coordinates":[[[12.27399,51.32703899320364],[12.273981540582824,51.32703727565427],[12.273976312376828,51.32703277905196],[12.273976312378487,51.32702722094644],[12.273981540585508,51.32702272434511],[12.27399,51.32702100679636],[12.27399845941449,51.32702272434511],[12.274003687621514,51.32702722094644],[12.274003687623171,51.32703277905196],[12.273998459417175,51.32703727565427],[12.27399,51.32703899320364]]]}},{"type":"Feature","properties":{"wassersumme":96},"geometry":{"type":"Polygon","coordinates":[[[12.483479999999998,51.33928899320364],[12.483471538322283,51.33928727565428],[12.483466308719192,51.33928277905196],[12.483466308720853,51.33927722094645],[12.483471538324967,51.339272724345115],[12.483479999999998,51.339271006796366],[12.483488461675032,51.339272724345115],[12.483493691279145,51.33927722094645],[12.483493691280804,51.33928277905196],[12.483488461677716,51.33928727565428],[12.483479999999998,51.33928899320364]]]}},{"type":"Feature","properties":{"wassersumme":125},"geometry":{"type":"Polygon","coordinates":[[[12.39378,51.30349899320363],[12.393771544922284,51.30349727565426],[12.39376631939822,51.30349277905196],[12.393766319399875,51.30348722094643],[12.393771544924965,51.30348272434511],[12.39378,51.30348100679636],[12.393788455075034,51.30348272434511],[12.393793680600123,51.30348722094643],[12.39379368060178,51.30349277905196],[12.393788455077715,51.30349727565426],[12.39378,51.30349899320363]]]}},{"type":"Feature","properties":{"wassersumme":650},"geometry":{"type":"Polygon","coordinates":[[[12.28411,51.312038993203636],[12.284101543348665,51.312037275654276],[12.28409631685205,51.312032779051954],[12.284096316853708,51.31202722094645],[12.284101543351348,51.312022724345105],[12.28411,51.31202100679636],[12.284118456648653,51.312022724345105],[12.284123683146293,51.31202722094645],[12.284123683147948,51.312032779051954],[12.284118456651335,51.312037275654276],[12.28411,51.312038993203636]]]}},{"type":"Feature","properties":{"wassersumme":280},"geometry":{"type":"Polygon","coordinates":[[[12.30774,51.32923899320363],[12.307731540176967,51.32923727565427],[12.307726311720138,51.32923277905196],[12.307726311721796,51.32922722094644],[12.307731540179653,51.32922272434511],[12.30774,51.32922100679636],[12.30774845982035,51.32922272434511],[12.307753688278204,51.32922722094644],[12.307753688279861,51.32923277905196],[12.307748459823035,51.32923727565427],[12.30774,51.32923899320363]]]}},{"type":"Feature","properties":{"wassersumme":10},"geometry":{"type":"Polygon","coordinates":[[[12.321114,51.321437793203636],[12.321105541615907,51.32143607565426],[12.321100314048389,51.32143157905196],[12.321100314050046,51.32142602094643],[12.32110554161859,51.32142152434511],[12.321114,51.32141980679635],[12.32112245838141,51.32142152434511],[12.321127685949953,51.32142602094643],[12.321127685951613,51.32143157905196],[12.321122458384094,51.32143607565426],[12.321114,51.321437793203636]]]}},{"type":"Feature","properties":{"wassersumme":131},"geometry":{"type":"Polygon","coordinates":[[[12.265910000000002,51.32278899320364],[12.265901541366723,51.32278727565427],[12.265896313645202,51.322782779051956],[12.26589631364686,51.32277722094644],[12.265901541369407,51.322772724345114],[12.265910000000002,51.32277100679635],[12.265918458630596,51.322772724345114],[12.265923686353142,51.32277722094644],[12.265923686354801,51.322782779051956],[12.265918458633282,51.32278727565427],[12.265910000000002,51.32278899320364]]]}},{"type":"Feature","properties":{"wassersumme":70},"geometry":{"type":"Polygon","coordinates":[[[12.33964,51.321378993203645],[12.33963154162675,51.32137727565427],[12.339626314065933,51.32137277905196],[12.33962631406759,51.32136722094644],[12.339631541629432,51.32136272434512],[12.33964,51.321361006796366],[12.339648458370567,51.32136272434512],[12.339653685932406,51.32136722094644],[12.339653685934067,51.32137277905196],[12.339648458373249,51.32137727565427],[12.33964,51.321378993203645]]]}},{"type":"Feature","properties":{"wassersumme":24},"geometry":{"type":"Polygon","coordinates":[[[12.32342,51.31822899320363],[12.323411542207586,51.318227275654266],[12.323406315005746,51.31822277905195],[12.323406315007402,51.31821722094644],[12.32341154221027,51.31821272434511],[12.32342,51.31821100679635],[12.323428457789733,51.31821272434511],[12.3234336849926,51.31821722094644],[12.323433684994257,51.31822277905195],[12.323428457792415,51.318227275654266],[12.32342,51.31822899320363]]]}},{"type":"Feature","properties":{"wassersumme":50},"geometry":{"type":"Polygon","coordinates":[[[12.40672,51.36865899320364],[12.406711532896017,51.36865727565428],[12.406706299939312,51.36865277905196],[12.406706299940973,51.36864722094645],[12.406711532898708,51.36864272434512],[12.40672,51.36864100679637],[12.406728467101296,51.36864272434512],[12.406733700059027,51.36864722094645],[12.40673370006069,51.36865277905196],[12.406728467103985,51.36865727565428],[12.40672,51.36865899320364]]]}},{"type":"Feature","properties":{"wassersumme":50},"geometry":{"type":"Polygon","coordinates":[[[12.379100000000001,51.309028993203626],[12.37909154390339,51.30902727565426],[12.379086317749612,51.30902277905195],[12.379086317751272,51.30901722094644],[12.379091543906073,51.309012724345116],[12.379100000000001,51.309011006796354],[12.379108456093928,51.309012724345116],[12.37911368224873,51.30901722094644],[12.379113682250386,51.30902277905195],[12.37910845609661,51.30902727565426],[12.379100000000001,51.309028993203626]]]}},{"type":"Feature","properties":{"wassersumme":20},"geometry":{"type":"Polygon","coordinates":[[[12.42232,51.314158993203634],[12.422311542957903,51.31415727565427],[12.422306316219785,51.31415277905196],[12.422306316221443,51.314147220946445],[12.422311542960585,51.31414272434512],[12.42232,51.31414100679636],[12.422328457039411,51.31414272434512],[12.422333683778554,51.314147220946445],[12.42233368378021,51.31415277905196],[12.422328457042092,51.31415727565427],[12.42232,51.314158993203634]]]}},{"type":"Feature","properties":{"wassersumme":110},"geometry":{"type":"Polygon","coordinates":[[[12.33514,51.33504899320364],[12.33513153910489,51.335047275654276],[12.335126309985478,51.33504277905196],[12.335126309987135,51.33503722094645],[12.335131539107573,51.33503272434512],[12.33514,51.33503100679636],[12.335148460892428,51.33503272434512],[12.335153690012866,51.33503722094645],[12.335153690014526,51.33504277905196],[12.335148460895113,51.335047275654276],[12.33514,51.33504899320364]]]}},{"type":"Feature","properties":{"wassersumme":180},"geometry":{"type":"Polygon","coordinates":[[[12.321049999999998,51.32198899320363],[12.321041541514255,51.32198727565427],[12.321036313883916,51.321982779051964],[12.321036313885577,51.32197722094644],[12.32104154151694,51.32197272434511],[12.321049999999998,51.32197100679636],[12.321058458483057,51.32197272434511],[12.321063686114421,51.32197722094644],[12.321063686116078,51.321982779051964],[12.321058458485739,51.32198727565427],[12.321049999999998,51.32198899320363]]]}},{"type":"Feature","properties":{"wassersumme":390},"geometry":{"type":"Polygon","coordinates":[[[12.44949,51.325148993203626],[12.449481540931453,51.32514727565427],[12.44947631294092,51.32514277905195],[12.449476312942577,51.32513722094644],[12.449481540934135,51.3251327243451],[12.44949,51.32513100679636],[12.449498459065865,51.3251327243451],[12.449503687057422,51.32513722094644],[12.449503687059082,51.32514277905195],[12.449498459068547,51.32514727565427],[12.44949,51.325148993203626]]]}},{"type":"Feature","properties":{"wassersumme":70},"geometry":{"type":"Polygon","coordinates":[[[12.39229,51.30322899320365],[12.392281544972022,51.30322727565429],[12.392276319478697,51.30322277905196],[12.392276319480354,51.30321722094645],[12.392281544974702,51.30321272434512],[12.39229,51.30321100679636],[12.392298455025296,51.30321272434512],[12.392303680519642,51.30321722094645],[12.3923036805213,51.30322277905196],[12.392298455027975,51.30322727565429],[12.39229,51.30322899320365]]]}},{"type":"Feature","properties":{"wassersumme":300},"geometry":{"type":"Polygon","coordinates":[[[12.26312,51.355498993203625],[12.263111535328532,51.35549727565426],[12.263106303875205,51.35549277905196],[12.263106303876867,51.35548722094645],[12.263111535331221,51.355482724345116],[12.26312,51.35548100679636],[12.26312846466878,51.355482724345116],[12.263133696123132,51.35548722094645],[12.263133696124795,51.35549277905196],[12.263128464671468,51.35549727565426],[12.26312,51.355498993203625]]]}},{"type":"Feature","properties":{"wassersumme":760},"geometry":{"type":"Polygon","coordinates":[[[12.40595,51.34190899320364],[12.405941537838597,51.34190727565427],[12.405936307936576,51.34190277905196],[12.405936307938235,51.34189722094645],[12.405941537841285,51.34189272434513],[12.40595,51.34189100679637],[12.40595846215872,51.34189272434513],[12.405963692061768,51.34189722094645],[12.405963692063429,51.34190277905196],[12.405958462161404,51.34190727565427],[12.40595,51.34190899320364]]]}},{"type":"Feature","properties":{"wassersumme":440},"geometry":{"type":"Polygon","coordinates":[[[12.27643,51.325868993203635],[12.276421540798646,51.32586727565427],[12.276416312726035,51.32586277905196],[12.276416312727692,51.32585722094644],[12.27642154080133,51.32585272434512],[12.27643,51.32585100679636],[12.276438459198669,51.32585272434512],[12.276443687272307,51.32585722094644],[12.276443687273964,51.32586277905196],[12.276438459201353,51.32586727565427],[12.27643,51.325868993203635]]]}},{"type":"Feature","properties":{"wassersumme":400},"geometry":{"type":"Polygon","coordinates":[[[12.27553,51.32712899320365],[12.275521540566222,51.327127275654284],[12.275516312349966,51.32712277905197],[12.275516312351625,51.32711722094645],[12.275521540568908,51.32711272434513],[12.27553,51.32711100679637],[12.275538459431093,51.32711272434513],[12.275543687648376,51.32711722094645],[12.275543687650037,51.32712277905197],[12.275538459433779,51.327127275654284],[12.27553,51.32712899320365]]]}},{"type":"Feature","properties":{"wassersumme":70},"geometry":{"type":"Polygon","coordinates":[[[12.33813,51.320418993203646],[12.338121541803778,51.320417275654286],[12.338116314352368,51.32041277905197],[12.338116314354028,51.32040722094645],[12.33812154180646,51.32040272434512],[12.33813,51.320401006796374],[12.338138458193539,51.32040272434512],[12.33814368564597,51.32040722094645],[12.338143685647632,51.32041277905197],[12.338138458196221,51.320417275654286],[12.33813,51.320418993203646]]]}},{"type":"Feature","properties":{"wassersumme":429},"geometry":{"type":"Polygon","coordinates":[[[12.40233,51.333838993203635],[12.40232153932819,51.33383727565428],[12.402316310346787,51.33383277905195],[12.402316310348448,51.333827220946446],[12.402321539330876,51.33382272434512],[12.40233,51.33382100679637],[12.402338460669124,51.33382272434512],[12.402343689651554,51.333827220946446],[12.402343689653215,51.33383277905195],[12.40233846067181,51.33383727565428],[12.40233,51.333838993203635]]]}},{"type":"Feature","properties":{"wassersumme":60},"geometry":{"type":"Polygon","coordinates":[[[12.32088,51.32171899320363],[12.320871541564053,51.321717275654265],[12.320866313964485,51.32171277905196],[12.320866313966144,51.32170722094644],[12.320871541566735,51.32170272434512],[12.32088,51.32170100679636],[12.32088845843327,51.32170272434512],[12.320893686033859,51.32170722094644],[12.32089368603552,51.32171277905196],[12.320888458435952,51.321717275654265],[12.32088,51.32171899320363]]]}},{"type":"Feature","properties":{"wassersumme":7},"geometry":{"type":"Polygon","coordinates":[[[12.4161,51.32182899320364],[12.416091541543764,51.32182727565427],[12.416086313931661,51.32182277905196],[12.416086313933318,51.32181722094645],[12.416091541546448,51.32181272434512],[12.4161,51.321811006796366],[12.416108458453552,51.32181272434512],[12.416113686066684,51.32181722094645],[12.416113686068341,51.32182277905196],[12.416108458456238,51.32182727565427],[12.4161,51.32182899320364]]]}},{"type":"Feature","properties":{"wassersumme":175},"geometry":{"type":"Polygon","coordinates":[[[12.32584,51.343668993203636],[12.325831537513636,51.34366727565426],[12.325826307410777,51.34366277905195],[12.325826307412438,51.34365722094643],[12.325831537516322,51.34365272434511],[12.32584,51.34365100679634],[12.325848462483677,51.34365272434511],[12.325853692587561,51.34365722094643],[12.325853692589222,51.34366277905195],[12.325848462486363,51.34366727565426],[12.32584,51.343668993203636]]]}},{"type":"Feature","properties":{"wassersumme":40},"geometry":{"type":"Polygon","coordinates":[[[12.40852,51.37039899320364],[12.40851153257425,51.37039727565427],[12.408506299418688,51.370392779051954],[12.40850629942035,51.37038722094645],[12.408511532576945,51.37038272434513],[12.40852,51.370381006796364],[12.408528467423055,51.37038272434513],[12.408533700579648,51.37038722094645],[12.40853370058131,51.370392779051954],[12.408528467425748,51.37039727565427],[12.40852,51.37039899320364]]]}},{"type":"Feature","properties":{"wassersumme":70},"geometry":{"type":"Polygon","coordinates":[[[12.33972,51.321498993203626],[12.33971154160462,51.32149727565427],[12.339706314030128,51.32149277905196],[12.339706314031785,51.32148722094645],[12.339711541607304,51.32148272434512],[12.33972,51.321481006796354],[12.339728458392695,51.32148272434512],[12.339733685968216,51.32148722094645],[12.339733685969874,51.32149277905196],[12.339728458395381,51.32149727565427],[12.33972,51.321498993203626]]]}},{"type":"Feature","properties":{"wassersumme":100},"geometry":{"type":"Polygon","coordinates":[[[12.34193,51.32030899320364],[12.341921541824062,51.320307275654265],[12.34191631438519,51.32030277905195],[12.341916314386848,51.320297220946436],[12.341921541826745,51.320292724345116],[12.34193,51.32029100679635],[12.341938458173257,51.320292724345116],[12.341943685613153,51.320297220946436],[12.34194368561481,51.32030277905195],[12.341938458175939,51.320307275654265],[12.34193,51.32030899320364]]]}},{"type":"Feature","properties":{"wassersumme":120},"geometry":{"type":"Polygon","coordinates":[[[12.3975,51.34732899320363],[12.397491536837762,51.347327275654266],[12.397486306317191,51.34732277905196],[12.39748630631885,51.34731722094645],[12.39749153684045,51.34731272434512],[12.3975,51.34731100679637],[12.397508463159552,51.34731272434512],[12.397513693681152,51.34731722094645],[12.397513693682813,51.34732277905196],[12.39750846316224,51.347327275654266],[12.3975,51.34732899320363]]]}},{"type":"Feature","properties":{"wassersumme":140},"geometry":{"type":"Polygon","coordinates":[[[12.30504,51.330538993203646],[12.305031539937117,51.33053727565427],[12.305026311332051,51.330532779051964],[12.305026311333712,51.330527220946436],[12.305031539939803,51.330522724345116],[12.30504,51.33052100679636],[12.305048460060197,51.330522724345116],[12.305053688666288,51.330527220946436],[12.305053688667947,51.330532779051964],[12.305048460062881,51.33053727565427],[12.30504,51.330538993203646]]]}},{"type":"Feature","properties":{"wassersumme":30},"geometry":{"type":"Polygon","coordinates":[[[12.35853,51.35779899320363],[12.35852153490353,51.35779727565427],[12.358516303187537,51.35779277905197],[12.358516303189196,51.35778722094644],[12.358521534906219,51.35778272434513],[12.35853,51.35778100679637],[12.35853846509378,51.35778272434513],[12.358543696810802,51.35778722094644],[12.358543696812463,51.35779277905197],[12.35853846509647,51.35779727565427],[12.35853,51.35779899320363]]]}},{"type":"Feature","properties":{"wassersumme":125},"geometry":{"type":"Polygon","coordinates":[[[12.39409,51.303518993203646],[12.394081544918603,51.30351727565427],[12.394076319392259,51.30351277905196],[12.394076319393914,51.30350722094645],[12.394081544921281,51.30350272434513],[12.39409,51.303501006796374],[12.394098455078721,51.30350272434513],[12.394103680606088,51.30350722094645],[12.394103680607744,51.30351277905196],[12.3940984550814,51.30351727565427],[12.39409,51.303518993203646]]]}},{"type":"Feature","properties":{"wassersumme":600},"geometry":{"type":"Polygon","coordinates":[[[12.40585,51.34188899320363],[12.405841537842287,51.341887275654265],[12.405836307942547,51.341882779051964],[12.405836307944208,51.34187722094644],[12.405841537844974,51.341872724345116],[12.40585,51.34187100679637],[12.405858462155024,51.341872724345116],[12.40586369205579,51.34187722094644],[12.405863692057451,51.341882779051964],[12.40585846215771,51.341887275654265],[12.40585,51.34188899320363]]]}},{"type":"Feature","properties":{"wassersumme":230},"geometry":{"type":"Polygon","coordinates":[[[12.41267,51.30734899320363],[12.412661544212963,51.30734727565427],[12.412656318250512,51.30734277905196],[12.41265631825217,51.307337220946444],[12.412661544215643,51.30733272434512],[12.41267,51.30733100679636],[12.412678455784357,51.30733272434512],[12.412683681747833,51.307337220946444],[12.412683681749488,51.30734277905196],[12.41267845578704,51.30734727565427],[12.41267,51.30734899320363]]]}},{"type":"Feature","properties":{"wassersumme":500},"geometry":{"type":"Polygon","coordinates":[[[12.27451,51.32706899320364],[12.274501540577289,51.327067275654265],[12.274496312367873,51.32706277905195],[12.274496312369532,51.327057220946436],[12.274501540579974,51.327052724345116],[12.27451,51.32705100679635],[12.274518459420024,51.327052724345116],[12.274523687630468,51.327057220946436],[12.274523687632126,51.32706277905195],[12.274518459422708,51.327067275654265],[12.27451,51.32706899320364]]]}},{"type":"Feature","properties":{"wassersumme":5},"geometry":{"type":"Polygon","coordinates":[[[12.35334,51.33280899320363],[12.35333153951826,51.33280727565427],[12.353326310654328,51.33280277905195],[12.353326310655989,51.33279722094644],[12.353331539520946,51.33279272434512],[12.35334,51.33279100679636],[12.35334846047905,51.33279272434512],[12.35335368934401,51.33279722094644],[12.353353689345669,51.33280277905195],[12.353348460481739,51.33280727565427],[12.35334,51.33280899320363]]]}},{"type":"Feature","properties":{"wassersumme":466},"geometry":{"type":"Polygon","coordinates":[[[12.32136,51.32215899320364],[12.321351541482906,51.32215727565427],[12.32134631383319,51.322152779051976],[12.321346313834848,51.32214722094645],[12.321351541485589,51.32214272434512],[12.32136,51.32214100679637],[12.32136845851441,51.32214272434512],[12.321373686165149,51.32214722094645],[12.321373686166808,51.322152779051976],[12.321368458517092,51.32215727565427],[12.32136,51.32215899320364]]]}},{"type":"Feature","properties":{"wassersumme":410},"geometry":{"type":"Polygon","coordinates":[[[12.3057,51.33014899320362],[12.305691540009073,51.33014727565425],[12.305686311448481,51.33014277905194],[12.305686311450138,51.33013722094643],[12.30569154001176,51.33013272434511],[12.3057,51.33013100679634],[12.305708459988239,51.33013272434511],[12.30571368854986,51.33013722094643],[12.305713688551517,51.33014277905194],[12.305708459990925,51.33014727565425],[12.3057,51.33014899320362]]]}},{"type":"Feature","properties":{"wassersumme":30},"geometry":{"type":"Polygon","coordinates":[[[12.408639999999998,51.370738993203645],[12.408631532511373,51.37073727565428],[12.408626299316952,51.370732779051956],[12.408626299318612,51.37072722094645],[12.408631532514066,51.37072272434512],[12.408639999999998,51.37072100679636],[12.408648467485932,51.37072272434512],[12.408653700681384,51.37072722094645],[12.408653700683047,51.370732779051956],[12.408648467488625,51.37073727565428],[12.408639999999998,51.370738993203645]]]}},{"type":"Feature","properties":{"wassersumme":355},"geometry":{"type":"Polygon","coordinates":[[[12.40646,51.33271899320363],[12.406451539534869,51.33271727565427],[12.406446310681199,51.33271277905195],[12.406446310682858,51.33270722094643],[12.406451539537553,51.332702724345104],[12.40646,51.332701006796356],[12.406468460462445,51.332702724345104],[12.406473689317139,51.33270722094643],[12.406473689318798,51.33271277905195],[12.40646846046513,51.33271727565427],[12.40646,51.33271899320363]]]}},{"type":"Feature","properties":{"wassersumme":40},"geometry":{"type":"Polygon","coordinates":[[[12.26533,51.35513899320364],[12.26532153539505,51.355137275654265],[12.265316303982834,51.35513277905196],[12.265316303984497,51.35512722094645],[12.265321535397739,51.35512272434512],[12.26533,51.35512100679636],[12.265338464602262,51.35512272434512],[12.265343696015508,51.35512722094645],[12.265343696017167,51.35513277905196],[12.265338464604952,51.355137275654265],[12.26533,51.35513899320364]]]}},{"type":"Feature","properties":{"wassersumme":20},"geometry":{"type":"Polygon","coordinates":[[[12.37138,51.318068993203624],[12.371371542237085,51.31806727565426],[12.371366315053475,51.31806277905196],[12.371366315055132,51.31805722094644],[12.371371542239768,51.31805272434511],[12.37138,51.31805100679637],[12.37138845776023,51.31805272434511],[12.371393684944865,51.31805722094644],[12.371393684946522,51.31806277905196],[12.371388457762913,51.31806727565426],[12.37138,51.318068993203624]]]}},{"type":"Feature","properties":{"wassersumme":425},"geometry":{"type":"Polygon","coordinates":[[[12.401929999999998,51.334208993203646],[12.401921539259908,51.33420727565428],[12.401916310236306,51.334202779051964],[12.401916310237965,51.33419722094646],[12.401921539262593,51.33419272434512],[12.401929999999998,51.33419100679637],[12.401938460737405,51.33419272434512],[12.401943689762035,51.33419722094646],[12.401943689763694,51.334202779051964],[12.401938460740089,51.33420727565428],[12.401929999999998,51.334208993203646]]]}},{"type":"Feature","properties":{"wassersumme":1180},"geometry":{"type":"Polygon","coordinates":[[[12.384060000000002,51.30111899320364],[12.384051545360697,51.30111727565426],[12.384046320107585,51.30111277905196],[12.38404632010924,51.301107220946434],[12.384051545363377,51.301102724345114],[12.384060000000002,51.30110100679635],[12.384068454636624,51.301102724345114],[12.384073679890761,51.301107220946434],[12.384073679892417,51.30111277905196],[12.384068454639305,51.30111727565426],[12.384060000000002,51.30111899320364]]]}},{"type":"Feature","properties":{"wassersumme":356},"geometry":{"type":"Polygon","coordinates":[[[12.320940000000002,51.32200899320365],[12.320931541510571,51.322007275654286],[12.32092631387795,51.32200277905198],[12.32092631387961,51.32199722094645],[12.320931541513254,51.32199272434513],[12.320940000000002,51.321991006796374],[12.320948458486749,51.32199272434513],[12.320953686120392,51.32199722094645],[12.320953686122051,51.32200277905198],[12.32094845848943,51.322007275654286],[12.320940000000002,51.32200899320365]]]}},{"type":"Feature","properties":{"wassersumme":100},"geometry":{"type":"Polygon","coordinates":[[[12.338190000000003,51.32068899320364],[12.338181541753992,51.32068727565427],[12.338176314271813,51.32068277905196],[12.33817631427347,51.32067722094645],[12.338181541756674,51.32067272434512],[12.338190000000003,51.32067100679637],[12.338198458243332,51.32067272434512],[12.338203685726532,51.32067722094645],[12.338203685728192,51.32068277905196],[12.338198458246014,51.32068727565427],[12.338190000000003,51.32068899320364]]]}},{"type":"Feature","properties":{"wassersumme":280},"geometry":{"type":"Polygon","coordinates":[[[12.30788,51.32927899320364],[12.307871540169591,51.32927727565426],[12.307866311708198,51.329272779051955],[12.307866311709859,51.32926722094644],[12.307871540172274,51.32926272434512],[12.30788,51.32926100679636],[12.30788845982773,51.32926272434512],[12.307893688290148,51.32926722094644],[12.307893688291806,51.329272779051955],[12.307888459830414,51.32927727565426],[12.30788,51.32927899320364]]]}},{"type":"Feature","properties":{"wassersumme":40},"geometry":{"type":"Polygon","coordinates":[[[12.32067,51.37522899320364],[12.320661531680916,51.37522727565427],[12.320656297973239,51.37522277905196],[12.320656297974901,51.37521722094644],[12.320661531683605,51.37521272434511],[12.32067,51.37521100679635],[12.320678468316395,51.37521272434511],[12.320683702025098,51.37521722094644],[12.320683702026761,51.37522277905196],[12.320678468319084,51.37522727565427],[12.32067,51.37522899320364]]]}},{"type":"Feature","properties":{"wassersumme":24},"geometry":{"type":"Polygon","coordinates":[[[12.32428,51.31755899320363],[12.324271542331113,51.31755727565425],[12.324266315205618,51.31755277905196],[12.324266315207275,51.317547220946444],[12.324271542333795,51.317542724345124],[12.32428,51.31754100679636],[12.324288457666203,51.317542724345124],[12.324293684792723,51.317547220946444],[12.32429368479438,51.31755277905196],[12.324288457668885,51.31755727565425],[12.32428,51.31755899320363]]]}},{"type":"Feature","properties":{"wassersumme":300},"geometry":{"type":"Polygon","coordinates":[[[12.2769,51.32728899320365],[12.276891540536706,51.32728727565427],[12.276886312302207,51.327282779051956],[12.276886312303867,51.32727722094645],[12.27689154053939,51.32727272434512],[12.2769,51.32727100679636],[12.276908459460609,51.32727272434512],[12.276913687696132,51.32727722094645],[12.276913687697792,51.327282779051956],[12.276908459463293,51.32728727565427],[12.2769,51.32728899320365]]]}},{"type":"Feature","properties":{"wassersumme":466},"geometry":{"type":"Polygon","coordinates":[[[12.32126,51.32216899320363],[12.321251541481061,51.32216727565427],[12.321246313830208,51.32216277905195],[12.321246313831866,51.322157220946444],[12.321251541483747,51.3221527243451],[12.32126,51.32215100679636],[12.321268458516254,51.3221527243451],[12.321273686168134,51.322157220946444],[12.321273686169793,51.32216277905195],[12.321268458518938,51.32216727565427],[12.32126,51.32216899320363]]]}},{"type":"Feature","properties":{"wassersumme":640},"geometry":{"type":"Polygon","coordinates":[[[12.40583,51.342288993203624],[12.405821537768436,51.342287275654265],[12.405816307823052,51.34228277905195],[12.405816307824713,51.342277220946436],[12.405821537771123,51.34227272434511],[12.40583,51.34227100679636],[12.405838462228875,51.34227272434511],[12.405843692175287,51.342277220946436],[12.405843692176948,51.34228277905195],[12.405838462231564,51.342287275654265],[12.40583,51.342288993203624]]]}},{"type":"Feature","properties":{"wassersumme":50},"geometry":{"type":"Polygon","coordinates":[[[12.34723,51.33212899320364],[12.34722153964374,51.33212727565428],[12.347216310857355,51.33212277905197],[12.347216310859016,51.33211722094645],[12.347221539646425,51.33211272434513],[12.34723,51.33211100679637],[12.347238460353575,51.33211272434513],[12.347243689140983,51.33211722094645],[12.347243689142642,51.33212277905197],[12.347238460356259,51.33212727565428],[12.34723,51.33212899320364]]]}},{"type":"Feature","properties":{"wassersumme":560},"geometry":{"type":"Polygon","coordinates":[[[12.30838,51.329178993203634],[12.308371540188036,51.329177275654274],[12.308366311738046,51.32917277905196],[12.308366311739706,51.329167220946445],[12.30837154019072,51.32916272434512],[12.30838,51.32916100679636],[12.30838845980928,51.32916272434512],[12.30839368826029,51.329167220946445],[12.308393688261953,51.32917277905196],[12.308388459811964,51.329177275654274],[12.30838,51.329178993203634]]]}},{"type":"Feature","properties":{"wassersumme":300},"geometry":{"type":"Polygon","coordinates":[[[12.324889999999998,51.344228993203636],[12.324881537410231,51.34422727565427],[12.324876307243466,51.34422277905197],[12.324876307245125,51.34421722094644],[12.32488153741292,51.34421272434512],[12.324889999999998,51.34421100679636],[12.324898462587079,51.34421272434512],[12.324903692754873,51.34421722094644],[12.324903692756532,51.34422277905197],[12.324898462589767,51.34422727565427],[12.324889999999998,51.344228993203636]]]}},{"type":"Feature","properties":{"wassersumme":110},"geometry":{"type":"Polygon","coordinates":[[[12.33888,51.32276899320364],[12.33887154137041,51.32276727565427],[12.338866313651168,51.32276277905196],[12.338866313652826,51.32275722094644],[12.338871541373093,51.32275272434512],[12.33888,51.32275100679636],[12.338888458626906,51.32275272434512],[12.338893686347172,51.32275722094644],[12.338893686348833,51.32276277905196],[12.338888458629588,51.32276727565427],[12.33888,51.32276899320364]]]}},{"type":"Feature","properties":{"wassersumme":95},"geometry":{"type":"Polygon","coordinates":[[[12.37184,51.348158993203626],[12.371831536684471,51.348157275654266],[12.371826306069156,51.34815277905195],[12.371826306070819,51.34814722094644],[12.371831536687157,51.34814272434512],[12.37184,51.348141006796354],[12.371848463312842,51.34814272434512],[12.37185369392918,51.34814722094644],[12.371853693930843,51.34815277905195],[12.37184846331553,51.348157275654266],[12.37184,51.348158993203626]]]}},{"type":"Feature","properties":{"wassersumme":500},"geometry":{"type":"Polygon","coordinates":[[[12.308760000000001,51.32927899320364],[12.308751540169588,51.32927727565426],[12.308746311708196,51.329272779051955],[12.308746311709857,51.32926722094644],[12.308751540172272,51.32926272434512],[12.308760000000001,51.32926100679636],[12.308768459827728,51.32926272434512],[12.308773688290147,51.32926722094644],[12.308773688291804,51.329272779051955],[12.308768459830413,51.32927727565426],[12.308760000000001,51.32927899320364]]]}},{"type":"Feature","properties":{"wassersumme":680},"geometry":{"type":"Polygon","coordinates":[[[12.40595,51.34186899320362],[12.405941537845981,51.341867275654266],[12.405936307948524,51.34186277905195],[12.405936307950185,51.34185722094643],[12.405941537848669,51.34185272434511],[12.40595,51.341851006796354],[12.405958462151336,51.34185272434511],[12.40596369204982,51.34185722094643],[12.405963692051479,51.34186277905195],[12.40595846215402,51.341867275654266],[12.40595,51.34186899320362]]]}},{"type":"Feature","properties":{"wassersumme":4},"geometry":{"type":"Polygon","coordinates":[[[12.41029,51.329788993203636],[12.410281540075495,51.32978727565427],[12.410276311555949,51.32978277905196],[12.41027631155761,51.32977722094643],[12.410281540078179,51.32977272434511],[12.41029,51.329771006796356],[12.410298459921819,51.32977272434511],[12.410303688442388,51.32977722094643],[12.41030368844405,51.32978277905196],[12.410298459924505,51.32978727565427],[12.41029,51.329788993203636]]]}},{"type":"Feature","properties":{"wassersumme":100},"geometry":{"type":"Polygon","coordinates":[[[12.33736,51.31904899320364],[12.337351542056394,51.31904727565427],[12.337346314761113,51.319042779051955],[12.337346314762769,51.319037220946434],[12.337351542059077,51.31903272434512],[12.33736,51.31903100679636],[12.337368457940926,51.31903272434512],[12.33737368523723,51.319037220946434],[12.337373685238889,51.319042779051955],[12.337368457943608,51.31904727565427],[12.33736,51.31904899320364]]]}},{"type":"Feature","properties":{"wassersumme":60},"geometry":{"type":"Polygon","coordinates":[[[12.40049,51.29920899320363],[12.400481545712488,51.29920727565426],[12.400476320676795,51.29920277905195],[12.40047632067845,51.29919722094644],[12.400481545715168,51.299192724345104],[12.40049,51.29919100679636],[12.400498454284834,51.299192724345104],[12.40050367932155,51.29919722094644],[12.400503679323206,51.29920277905195],[12.400498454287513,51.29920727565426],[12.40049,51.29920899320363]]]}},{"type":"Feature","properties":{"wassersumme":300},"geometry":{"type":"Polygon","coordinates":[[[12.276000000000002,51.32171899320363],[12.27599154156405,51.321717275654265],[12.275986313964482,51.32171277905196],[12.275986313966143,51.32170722094644],[12.275991541566732,51.32170272434512],[12.276000000000002,51.32170100679636],[12.276008458433267,51.32170272434512],[12.276013686033858,51.32170722094644],[12.276013686035517,51.32171277905196],[12.27600845843595,51.321717275654265],[12.276000000000002,51.32171899320363]]]}},{"type":"Feature","properties":{"wassersumme":100},"geometry":{"type":"Polygon","coordinates":[[[12.36119,51.340618993203634],[12.361181538076757,51.34061727565426],[12.361176308321927,51.34061277905195],[12.361176308323586,51.34060722094643],[12.361181538079443,51.3406027243451],[12.36119,51.34060100679634],[12.361198461920559,51.3406027243451],[12.361203691676415,51.34060722094643],[12.361203691678076,51.34061277905195],[12.361198461923243,51.34061727565426],[12.36119,51.340618993203634]]]}},{"type":"Feature","properties":{"wassersumme":446},"geometry":{"type":"Polygon","coordinates":[[[12.32096,51.32223899320362],[12.320951541468153,51.322237275654274],[12.320946313809317,51.322232779051944],[12.320946313810978,51.32222722094644],[12.320951541470835,51.32222272434511],[12.32096,51.32222100679636],[12.32096845852916,51.32222272434511],[12.32097368618902,51.32222722094644],[12.320973686190678,51.322232779051944],[12.320968458531844,51.322237275654274],[12.32096,51.32223899320362]]]}},{"type":"Feature","properties":{"wassersumme":70},"geometry":{"type":"Polygon","coordinates":[[[12.33989,51.321768993203634],[12.33988154155483,51.32176727565427],[12.339876313949564,51.32176277905195],[12.33987631395122,51.321757220946445],[12.339881541557512,51.321752724345124],[12.33989,51.32175100679636],[12.339898458442487,51.321752724345124],[12.339903686048778,51.321757220946445],[12.339903686050436,51.32176277905195],[12.33989845844517,51.32176727565427],[12.33989,51.321768993203634]]]}},{"type":"Feature","properties":{"wassersumme":4210},"geometry":{"type":"Polygon","coordinates":[[[12.30017,51.315368993203634],[12.300161542734854,51.31536727565427],[12.300156315858883,51.31536277905196],[12.300156315860544,51.31535722094645],[12.300161542737536,51.315352724345125],[12.30017,51.31535100679636],[12.300178457262462,51.315352724345125],[12.300183684139457,51.31535722094645],[12.300183684141114,51.31536277905196],[12.300178457265144,51.31536727565427],[12.30017,51.315368993203634]]]}},{"type":"Feature","properties":{"wassersumme":310},"geometry":{"type":"Polygon","coordinates":[[[12.372489999999999,51.32680899320362],[12.372481540625254,51.326807275654254],[12.372476312445478,51.32680277905195],[12.372476312447136,51.32679722094643],[12.372481540627936,51.326792724345104],[12.372489999999999,51.32679100679634],[12.372498459372064,51.326792724345104],[12.372503687552866,51.32679722094643],[12.372503687554524,51.32680277905195],[12.372498459374746,51.326807275654254],[12.372489999999999,51.32680899320362]]]}},{"type":"Feature","properties":{"wassersumme":30},"geometry":{"type":"Polygon","coordinates":[[[12.36816,51.35311899320363],[12.368151535768257,51.35311727565426],[12.368146304586695,51.35311277905195],[12.368146304588358,51.353107220946434],[12.368151535770945,51.35310272434512],[12.36816,51.353101006796365],[12.368168464229054,51.35310272434512],[12.36817369541164,51.353107220946434],[12.3681736954133,51.35311277905195],[12.36816846423174,51.35311727565426],[12.36816,51.35311899320363]]]}},{"type":"Feature","properties":{"wassersumme":90},"geometry":{"type":"Polygon","coordinates":[[[12.3613,51.33539899320363],[12.361291539040293,51.33539727565426],[12.36128630988096,51.33539277905195],[12.361286309882617,51.335387220946444],[12.361291539042977,51.33538272434511],[12.3613,51.335381006796354],[12.361308460957021,51.33538272434511],[12.361313690117381,51.335387220946444],[12.36131369011904,51.33539277905195],[12.361308460959709,51.33539727565426],[12.3613,51.33539899320363]]]}},{"type":"Feature","properties":{"wassersumme":5},"geometry":{"type":"Polygon","coordinates":[[[12.4021,51.33377899320362],[12.402091539339263,51.33377727565426],[12.402086310364703,51.33377277905195],[12.40208631036636,51.333767220946434],[12.402091539341948,51.333762724345114],[12.4021,51.333761006796365],[12.402108460658054,51.333762724345114],[12.40211368963364,51.333767220946434],[12.402113689635298,51.33377277905195],[12.402108460660738,51.33377727565426],[12.4021,51.33377899320362]]]}},{"type":"Feature","properties":{"wassersumme":85},"geometry":{"type":"Polygon","coordinates":[[[12.397370000000002,51.34670899320365],[12.397361536952266,51.34670727565427],[12.397356306502461,51.34670277905195],[12.39735630650412,51.346697220946446],[12.397361536954952,51.34669272434512],[12.397370000000002,51.346691006796355],[12.397378463045051,51.34669272434512],[12.397383693495883,51.346697220946446],[12.397383693497543,51.34670277905195],[12.397378463047737,51.34670727565427],[12.397370000000002,51.34670899320365]]]}}]}