{
"type": "FeatureCollection",
"name": "trees-watered",
"crs": { "type": "name", "properties": { "name": "urn:ogc:def:crs:OGC:1.3:CRS84" } },
"features": [
{ "type": "Feature", "properties": { "id": 6912002, "lat": 51.36123, "lng": 12.3826, "artdtsch": "Stadt-Linde", "artbot": "Tilia cordata 'Greenspire'", "gattungdeutsch": "Tilia", "strname": "Wilhelminenstraße", "pflanzjahr": "2013", "standalter": "13", "bezirk": "Eutritzsch", "standortnr": "4031", "wassermenge": 10, "wassersumme": 70, "anzahlg": 7 }, "geometry": { "type": "Point", "coordinates": [ 12.3826, 51.36123 ] } },
{ "type": "Feature", "properties": { "id": 6915595, "lat": 51.32077, "lng": 12.34219, "artdtsch": "Stadt-Linde", "artbot": "Tilia cordata 'Greenspire'", "gattungdeutsch": "Tilia", "strname": "Könneritzstraße", "pflanzjahr": "2016", "standalter": "10", "bezirk": "Schleußig", "standortnr": "39441", "wassermenge": 40, "wassersumme": 40, "anzahlg": 1 }, "geometry": { "type": "Point", "coordinates": [ 12.34219, 51.32077 ] } },
{ "type": "Feature", "properties": { "id": 6915635, "lat": 51.32519, "lng": 12.34456, "artdtsch": "Hopfenbuche", "artbot": "Ostrya carpinifolia", "gattungdeutsch": "Ostrya", "strname": "Könneritzstraße", "pflanzjahr": "2016", "standalter": "10", "bezirk": "Schleußig", "standortnr": "39531", "wassermenge": 60, "wassersumme": 140, "anzahlg": 4 }, "geometry": { "type": "Point", "coordinates": [ 12.34456, 51.32519 ] } },
{ "type": "Feature", "properties": { "id": 6913602, "lat": 51.31906, "lng": 12.33726, "artdtsch": "Stadt-Linde", "artbot": "Tilia cordata 'Greenspire'", "gattungdeutsch": "Tilia", "strname": "Antonienstraße", "pflanzjahr": "2014", "standalter": "12", "bezirk": "Plagwitz", "standortnr": "39325", "wassermenge": 60, "wassersumme": 100, "anzahlg": 2 }, "geometry": { "type": "Point", "coordinates": [ 12.33726, 51.31906 ] } },
{ "type": "Feature", "properties": { "id": 6916147, "lat": 51.32285, "lng": 12.32114, "artdtsch": "Haus-Apfel 'Cox Orange'", "artbot": "Malus domestica 'Cox Orange'", "gattungdeutsch": "Malus", "strname": "Gleis-Grün-Zug Bahnhof Plagwitz", "pflanzjahr": "2016", "standalter": "10", "bezirk": "Plagwitz", "standortnr": "G42215", "wassermenge": 100, "wassersumme": 346, "anzahlg": 5 }, "geometry": { "type": "Point", "coordinates": [ 12.32114, 51.32285 ] } },
{ "type": "Feature", "properties": { "id": 6915641, "lat": 51.32642, "lng": 12.34498, "artdtsch": "Hopfenbuche", "artbot": "Ostrya carpinifolia", "gattungdeutsch": "Ostrya", "strname": "Könneritzstraße", "pflanzjahr": "2016", "standalter": "10", "bezirk": "Schleußig", "standortnr": "39552", "wassermenge": 50, "wassersumme": 340, "anzahlg": 7 }, "geometry": { "type": "Point", "coordinates": [ 12.34498, 51.32642 ] } },
{ "type": "Feature", "properties": { "id": 6919661, "lat": 51.32166, "lng": 12.32093, "artdtsch": "Ess-Kastanie", "artbot": "Castanea sativa", "gattungdeutsch": "Castanea", "strname": "Gleis-Grün-Zug Bahnhof Plagwitz", "pflanzjahr": "2020", "standalter": "6", "bezirk": "Plagwitz", "standortnr": "G42192", "wassermenge": 100, "wassersumme": 340, "anzahlg": 5 }, "geometry": { "type": "Point", "coordinates": [ 12.32093, 51.32166 ] } },
{ "type": "Feature", "properties": { "id": 6966230, "lat": 51.30739, "lng": 12.4126, "artdtsch": "Rhododendron", "artbot": "Rhododendron species", "gattungdeutsch": "Rhododendron", "strname": "Südfriedhof", "pflanzjahr": "NULL", "standalter": "NULL", "bezirk": "Probstheida", "standortnr": "139024", "wassermenge": 20, "wassersumme": 190, "anzahlg": 16 }, "geometry": { "type": "Point", "coordinates": [ 12.4126, 51.30739 ] } },
{ "type": "Feature", "properties": { "id": 6923791, "lat": 51.33997, "lng": 12.36811, "artdtsch": "Säulen-Magnolie", "artbot": "Magnolia kobus 'Isis'", "gattungdeutsch": "Magnolia", "strname": "Thomasiusstraße", "pflanzjahr": "2024", "standalter": "2", "bezirk": "Zentrum-West", "standortnr": "146840", "wassermenge": 80, "wassersumme": 80, "anzahlg": 1 }, "geometry": { "type": "Point", "coordinates": [ 12.36811, 51.33997 ] } },
{ "type": "Feature", "properties": { "id": 6909882, "lat": 51.32582, "lng": 12.27624, "artdtsch": "Nelken-Kirsche", "artbot": "Prunus serrulata 'Kanzan'", "gattungdeutsch": "Prunus", "strname": "Mühlhäuser Ring", "pflanzjahr": "2014", "standalter": "12", "bezirk": "Schönau", "standortnr": "74226", "wassermenge": 40, "wassersumme": 200, "anzahlg": 7 }, "geometry": { "type": "Point", "coordinates": [ 12.27624, 51.32582 ] } },
{ "type": "Feature", "properties": { "id": 6911230, "lat": 51.37328, "lng": 12.41103, "artdtsch": "Chinesische Wildbirne 'Chanticleer'", "artbot": "Pyrus calleryana 'Chanticleer'", "gattungdeutsch": "Pyrus", "strname": "Mockauer Straße", "pflanzjahr": "2013", "standalter": "13", "bezirk": "Mockau-Süd", "standortnr": "10388", "wassermenge": 75, "wassersumme": 115, "anzahlg": 2 }, "geometry": { "type": "Point", "coordinates": [ 12.41103, 51.37328 ] } },
{ "type": "Feature", "properties": { "id": 6963348, "lat": 51.35657, "lng": 12.45607, "artdtsch": "Baumhasel", "artbot": "Corylus colurna", "gattungdeutsch": "Corylus", "strname": "Goldsternstraße 023, 025 und Hainbuchenstraße 013 (011297)", "pflanzjahr": "NULL", "standalter": "NULL", "bezirk": "Paunsdorf", "standortnr": "115073", "wassermenge": 21, "wassersumme": 21, "anzahlg": 1 }, "geometry": { "type": "Point", "coordinates": [ 12.45607, 51.35657 ] } },
{ "type": "Feature", "properties": { "id": 6913394, "lat": 51.34047, "lng": 12.36092, "artdtsch": "Säulen-Hainbuche 'Frans Fontaine'", "artbot": "Carpinus betulus 'Frans Fontaine'", "gattungdeutsch": "Carpinus", "strname": "Carl-Maria-von-Weber-Straße (Offenlegung Elstermühlgraben)", "pflanzjahr": "2015", "standalter": "11", "bezirk": "Zentrum-West", "standortnr": "G33766", "wassermenge": 10, "wassersumme": 80, "anzahlg": 8 }, "geometry": { "type": "Point", "coordinates": [ 12.36092, 51.34047 ] } },
{ "type": "Feature", "properties": { "id": 6913605, "lat": 51.31929, "lng": 12.33585, "artdtsch": "Stadt-Linde", "artbot": "Tilia cordata 'Greenspire'", "gattungdeutsch": "Tilia", "strname": "Antonienstraße", "pflanzjahr": "2014", "standalter": "12", "bezirk": "Plagwitz", "standortnr": "39339", "wassermenge": 100, "wassersumme": 100, "anzahlg": 1 }, "geometry": { "type": "Point", "coordinates": [ 12.33585, 51.31929 ] } },
{ "type": "Feature", "properties": { "id": 6916589, "lat": 51.3129, "lng": 12.28852, "artdtsch": "Platane", "artbot": "Platanus x acerifolia", "gattungdeutsch": "Platanus", "strname": "Ratzelstraße", "pflanzjahr": "2019", "standalter": "7", "bezirk": "Grünau-Siedlung", "standortnr": "76226", "wassermenge": 100, "wassersumme": 100, "anzahlg": 1 }, "geometry": { "type": "Point", "coordinates": [ 12.28852, 51.3129 ] } },
{ "type": "Feature", "properties": { "id": 6908749, "lat": 51.34802, "lng": 12.37174, "artdtsch": "Stadt-Linde", "artbot": "Tilia cordata 'Greenspire'", "gattungdeutsch": "Tilia", "strname": "Parthenstraße", "pflanzjahr": "2011", "standalter": "15", "bezirk": "Zentrum-Nord", "standortnr": "12944", "wassermenge": 50, "wassersumme": 50, "anzahlg": 1 }, "geometry": { "type": "Point", "coordinates": [ 12.37174, 51.34802 ] } },
{ "type": "Feature", "properties": { "id": 6921150, "lat": 51.3376, "lng": 12.40852, "artdtsch": "Brabanter Silber-Linde", "artbot": "Tilia tomentosa 'Brabant'", "gattungdeutsch": "Tilia", "strname": "Ramdohrscher Park", "pflanzjahr": "2021", "standalter": "5", "bezirk": "Anger-Crottendorf", "standortnr": "G37016", "wassermenge": 35, "wassersumme": 60, "anzahlg": 2 }, "geometry": { "type": "Point", "coordinates": [ 12.40852, 51.3376 ] } },
{ "type": "Feature", "properties": { "id": 6911220, "lat": 51.36896, "lng": 12.40674, "artdtsch": "Chinesische Wildbirne 'Chanticleer'", "artbot": "Pyrus calleryana 'Chanticleer'", "gattungdeutsch": "Pyrus", "strname": "Mockauer Straße", "pflanzjahr": "2013", "standalter": "13", "bezirk": "Mockau-Süd", "standortnr": "10294", "wassermenge": 50, "wassersumme": 110, "anzahlg": 3 }, "geometry": { "type": "Point", "coordinates": [ 12.40674, 51.36896 ] } },
{ "type": "Feature", "properties": { "id": 6919785, "lat": 51.33023, "lng": 12.36823, "artdtsch": "Platane", "artbot": "Platanus x acerifolia", "gattungdeutsch": "Platanus", "strname": "Grassistraße", "pflanzjahr": "2017", "standalter": "9", "bezirk": "Zentrum-Süd", "standortnr": "37037", "wassermenge": 100, "wassersumme": 100, "anzahlg": 1 }, "geometry": { "type": "Point", "coordinates": [ 12.36823, 51.33023 ] } },
{ "type": "Feature", "properties": { "id": 6990596, "lat": 51.30625, "lng": 12.39822, "artdtsch": "Spitz-Ahorn", "artbot": "Acer platanoides", "gattungdeutsch": "Acer", "strname": "An der Märchenwiese (östlicher Teil)", "pflanzjahr": "2026", "standalter": "0", "bezirk": "Marienbrunn", "standortnr": "G25576", "wassermenge": 20, "wassersumme": 40, "anzahlg": 2 }, "geometry": { "type": "Point", "coordinates": [ 12.39822, 51.30625 ] } },
{ "type": "Feature", "properties": { "id": 6916700, "lat": 51.34748, "lng": 12.3978, "artdtsch": "Robinie 'Sandraudiga'", "artbot": "Robinia pseudoacacia 'Sandraudiga'", "gattungdeutsch": "Robinia", "strname": "Rosa-Luxemburg-Straße", "pflanzjahr": "2018", "standalter": "8", "bezirk": "Neustadt-Neuschönefeld", "standortnr": "9173", "wassermenge": 10, "wassersumme": 30, "anzahlg": 3 }, "geometry": { "type": "Point", "coordinates": [ 12.3978, 51.34748 ] } },
{ "type": "Feature", "properties": { "id": 6876359, "lat": 51.26824, "lng": 12.29317, "artdtsch": "Rotblühende Rosskastanie 'Briotii'", "artbot": "Aesculus x carnea 'Briotii'", "gattungdeutsch": "Aesculus", "strname": "Am Klucksgraben", "pflanzjahr": "1999", "standalter": "27", "bezirk": "Knautkleeberg-Knauthain", "standortnr": "51673", "wassermenge": 60, "wassersumme": 120, "anzahlg": 2 }, "geometry": { "type": "Point", "coordinates": [ 12.29317, 51.26824 ] } },
{ "type": "Feature", "properties": { "id": 6916662, "lat": 51.34684, "lng": 12.39762, "artdtsch": "Stadt-Linde", "artbot": "Tilia cordata 'Greenspire'", "gattungdeutsch": "Tilia", "strname": "Bussestraße", "pflanzjahr": "2020", "standalter": "6", "bezirk": "Neustadt-Neuschönefeld", "standortnr": "77069", "wassermenge": 25, "wassersumme": 25, "anzahlg": 1 }, "geometry": { "type": "Point", "coordinates": [ 12.39762, 51.34684 ] } },
{ "type": "Feature", "properties": { "id": 6916138, "lat": 51.32194, "lng": 12.32109, "artdtsch": "Kultur-Birne 'Conference'", "artbot": "Pyrus communis 'Conference'", "gattungdeutsch": "Pyrus", "strname": "Gleis-Grün-Zug Bahnhof Plagwitz", "pflanzjahr": "2016", "standalter": "10", "bezirk": "Plagwitz", "standortnr": "G42198", "wassermenge": 100, "wassersumme": 446, "anzahlg": 7 }, "geometry": { "type": "Point", "coordinates": [ 12.32109, 51.32194 ] } },
{ "type": "Feature", "properties": { "id": 6907304, "lat": 51.32905, "lng": 12.30755, "artdtsch": "Vogel-Kirsche", "artbot": "Prunus avium", "gattungdeutsch": "Prunus", "strname": "Lindenauer Hafen", "pflanzjahr": "2014", "standalter": "12", "bezirk": "Schönau", "standortnr": "G20518", "wassermenge": 80, "wassersumme": 400, "anzahlg": 6 }, "geometry": { "type": "Point", "coordinates": [ 12.30755, 51.32905 ] } },
{ "type": "Feature", "properties": { "id": 6858109, "lat": 51.30096, "lng": 12.38411, "artdtsch": "Stadt-Linde", "artbot": "Tilia cordata 'Greenspire'", "gattungdeutsch": "Tilia", "strname": "Bornaische Straße", "pflanzjahr": "1993", "standalter": "33", "bezirk": "Connewitz", "standortnr": "33202", "wassermenge": 120, "wassersumme": 1150, "anzahlg": 13 }, "geometry": { "type": "Point", "coordinates": [ 12.38411, 51.30096 ] } },
{ "type": "Feature", "properties": { "id": 6919784, "lat": 51.32952, "lng": 12.36852, "artdtsch": "Platane", "artbot": "Platanus x acerifolia", "gattungdeutsch": "Platanus", "strname": "Grassistraße", "pflanzjahr": "2017", "standalter": "9", "bezirk": "Zentrum-Süd", "standortnr": "37009", "wassermenge": 150, "wassersumme": 550, "anzahlg": 4 }, "geometry": { "type": "Point", "coordinates": [ 12.36852, 51.32952 ] } },
{ "type": "Feature", "properties": { "id": 6906500, "lat": 51.32917, "lng": 12.30821, "artdtsch": "Schwedische Mehlbeere", "artbot": "Sorbus intermedia", "gattungdeutsch": "Sorbus", "strname": "Lindenauer Hafen", "pflanzjahr": "2015", "standalter": "11", "bezirk": "Schönau", "standortnr": "G20513", "wassermenge": 80, "wassersumme": 495, "anzahlg": 10 }, "geometry": { "type": "Point", "coordinates": [ 12.30821, 51.32917 ] } },
{ "type": "Feature", "properties": { "id": 6963347, "lat": 51.35653, "lng": 12.45626, "artdtsch": "Baumhasel", "artbot": "Corylus colurna", "gattungdeutsch": "Corylus", "strname": "Goldsternstraße 023, 025 und Hainbuchenstraße 013 (011297)", "pflanzjahr": "NULL", "standalter": "NULL", "bezirk": "Paunsdorf", "standortnr": "115071", "wassermenge": 21, "wassersumme": 21, "anzahlg": 1 }, "geometry": { "type": "Point", "coordinates": [ 12.45626, 51.35653 ] } },
{ "type": "Feature", "properties": { "id": 6912194, "lat": 51.34655, "lng": 12.40738, "artdtsch": "Baumhasel", "artbot": "Corylus colurna", "gattungdeutsch": "Corylus", "strname": "Hildegardstraße", "pflanzjahr": "2012", "standalter": "14", "bezirk": "Volkmarsdorf", "standortnr": "5625", "wassermenge": 60, "wassersumme": 60, "anzahlg": 1 }, "geometry": { "type": "Point", "coordinates": [ 12.40738, 51.34655 ] } },
{ "type": "Feature", "properties": { "id": 6920678, "lat": 51.33938, "lng": 12.48374, "artdtsch": "Purpur-Erle", "artbot": "Alnus x spaethii", "gattungdeutsch": "Alnus", "strname": "Wohngebiet \"Am Gaswerksweg\" 1. BA (B-Plan E-161.1 Wohngebiet \"Am Gaswerksweg I. BA\")", "pflanzjahr": "2021", "standalter": "5", "bezirk": "Engelsdorf", "standortnr": "82970", "wassermenge": 24, "wassersumme": 32, "anzahlg": 2 }, "geometry": { "type": "Point", "coordinates": [ 12.48374, 51.33938 ] } },
{ "type": "Feature", "properties": { "id": 6907760, "lat": 51.32914, "lng": 12.30817, "artdtsch": "Schwedische Mehlbeere", "artbot": "Sorbus intermedia", "gattungdeutsch": "Sorbus", "strname": "Lindenauer Hafen", "pflanzjahr": "2015", "standalter": "11", "bezirk": "Schönau", "standortnr": "G20514", "wassermenge": 80, "wassersumme": 470, "anzahlg": 9 }, "geometry": { "type": "Point", "coordinates": [ 12.30817, 51.32914 ] } },
{ "type": "Feature", "properties": { "id": 6911259, "lat": 51.30118, "lng": 12.38404, "artdtsch": "Stadt-Linde", "artbot": "Tilia cordata 'Greenspire'", "gattungdeutsch": "Tilia", "strname": "Bornaische Straße", "pflanzjahr": "2013", "standalter": "13", "bezirk": "Connewitz", "standortnr": "33199", "wassermenge": 120, "wassersumme": 1160, "anzahlg": 14 }, "geometry": { "type": "Point", "coordinates": [ 12.38404, 51.30118 ] } },
{ "type": "Feature", "properties": { "id": 6913830, "lat": 51.32925, "lng": 12.3088, "artdtsch": "Schwedische Mehlbeere", "artbot": "Sorbus intermedia", "gattungdeutsch": "Sorbus", "strname": "Lindenauer Hafen", "pflanzjahr": "2020", "standalter": "6", "bezirk": "Schönau", "standortnr": "G20485", "wassermenge": 100, "wassersumme": 500, "anzahlg": 7 }, "geometry": { "type": "Point", "coordinates": [ 12.3088, 51.32925 ] } },
{ "type": "Feature", "properties": { "id": 6901751, "lat": 51.36631, "lng": 12.37917, "artdtsch": "Stadt-Linde", "artbot": "Tilia cordata 'Greenspire'", "gattungdeutsch": "Tilia", "strname": "Coppistraße", "pflanzjahr": "2009", "standalter": "17", "bezirk": "Gohlis-Mitte", "standortnr": "58933", "wassermenge": 20, "wassersumme": 20, "anzahlg": 1 }, "geometry": { "type": "Point", "coordinates": [ 12.37917, 51.36631 ] } },
{ "type": "Feature", "properties": { "id": 6942857, "lat": 51.3565, "lng": 12.45598, "artdtsch": "Baumhasel", "artbot": "Corylus colurna", "gattungdeutsch": "Corylus", "strname": "Goldsternstraße 023, 025 und Hainbuchenstraße 013 (011297)", "pflanzjahr": "NULL", "standalter": "NULL", "bezirk": "Paunsdorf", "standortnr": "115075", "wassermenge": 21, "wassersumme": 21, "anzahlg": 1 }, "geometry": { "type": "Point", "coordinates": [ 12.45598, 51.3565 ] } },
{ "type": "Feature", "properties": { "id": 6913157, "lat": 51.35428, "lng": 12.4146, "artdtsch": "Feld-Ahorn 'Elsrijk'", "artbot": "Acer campestre 'Elsrijk'", "gattungdeutsch": "Acer", "strname": "Kohlweg", "pflanzjahr": "2013", "standalter": "13", "bezirk": "Schönefeld-Abtnaundorf", "standortnr": "11447", "wassermenge": 20, "wassersumme": 40, "anzahlg": 2 }, "geometry": { "type": "Point", "coordinates": [ 12.4146, 51.35428 ] } },
{ "type": "Feature", "properties": { "id": 6910113, "lat": 51.33019, "lng": 12.30444, "artdtsch": "Trauben-Kirsche", "artbot": "Prunus padus", "gattungdeutsch": "Prunus", "strname": "Lindenauer Hafen", "pflanzjahr": "2014", "standalter": "12", "bezirk": "Schönau", "standortnr": "G20640", "wassermenge": 39, "wassersumme": 155, "anzahlg": 5 }, "geometry": { "type": "Point", "coordinates": [ 12.30444, 51.33019 ] } },
{ "type": "Feature", "properties": { "id": 6918263, "lat": 51.32723, "lng": 12.27655, "artdtsch": "Stiel-Eiche", "artbot": "Quercus robur", "gattungdeutsch": "Quercus", "strname": "Lyoner Straße", "pflanzjahr": "2019", "standalter": "7", "bezirk": "Schönau", "standortnr": "76332", "wassermenge": 100, "wassersumme": 300, "anzahlg": 3 }, "geometry": { "type": "Point", "coordinates": [ 12.27655, 51.32723 ] } },
{ "type": "Feature", "properties": { "id": 6970822, "lat": 51.30969, "lng": 12.41009, "artdtsch": "Säulen-Kirsche", "artbot": "Prunus serrulata 'Amanogawa'", "gattungdeutsch": "Prunus", "strname": "Südfriedhof", "pflanzjahr": "NULL", "standalter": "NULL", "bezirk": "Probstheida", "standortnr": "143165", "wassermenge": 10, "wassersumme": 10, "anzahlg": 1 }, "geometry": { "type": "Point", "coordinates": [ 12.41009, 51.30969 ] } },
{ "type": "Feature", "properties": { "id": 6914260, "lat": 51.30629, "lng": 12.39882, "artdtsch": "Spitz-Ahorn", "artbot": "Acer platanoides", "gattungdeutsch": "Acer", "strname": "An der Märchenwiese (östlicher Teil)", "pflanzjahr": "2020", "standalter": "6", "bezirk": "Marienbrunn", "standortnr": "G52657", "wassermenge": 20, "wassersumme": 160, "anzahlg": 12 }, "geometry": { "type": "Point", "coordinates": [ 12.39882, 51.30629 ] } },
{ "type": "Feature", "properties": { "id": 6925362, "lat": 51.36629, "lng": 12.37927, "artdtsch": "Stadt-Linde", "artbot": "Tilia cordata 'Greenspire'", "gattungdeutsch": "Tilia", "strname": "Coppistraße", "pflanzjahr": "2025", "standalter": "1", "bezirk": "Gohlis-Mitte", "standortnr": "58932", "wassermenge": 20, "wassersumme": 20, "anzahlg": 1 }, "geometry": { "type": "Point", "coordinates": [ 12.37927, 51.36629 ] } },
{ "type": "Feature", "properties": { "id": 6925342, "lat": 51.33451, "lng": 12.3216, "artdtsch": "Säulen-Hainbuche 'Frans Fontaine'", "artbot": "Carpinus betulus 'Frans Fontaine'", "gattungdeutsch": "Carpinus", "strname": "Demmeringstraße", "pflanzjahr": "2022", "standalter": "4", "bezirk": "Altlindenau", "standortnr": "73687", "wassermenge": 10, "wassersumme": 50, "anzahlg": 5 }, "geometry": { "type": "Point", "coordinates": [ 12.3216, 51.33451 ] } },
{ "type": "Feature", "properties": { "id": 6924939, "lat": 51.344, "lng": 12.31825, "artdtsch": "Säulen-Tulpenbaum", "artbot": "Liriodendron tulipifera 'Fastigiatum'", "gattungdeutsch": "Liriodendron", "strname": "Pufendorfstraße", "pflanzjahr": "2021", "standalter": "5", "bezirk": "Leutzsch", "standortnr": "77005", "wassermenge": 39, "wassersumme": 52, "anzahlg": 2 }, "geometry": { "type": "Point", "coordinates": [ 12.31825, 51.344 ] } },
{ "type": "Feature", "properties": { "id": 6911432, "lat": 51.32337, "lng": 12.32352, "artdtsch": "Feld-Ahorn", "artbot": "Acer campestre", "gattungdeutsch": "Acer", "strname": "Weg 5202", "pflanzjahr": "2013", "standalter": "13", "bezirk": "Plagwitz", "standortnr": "73662", "wassermenge": 40, "wassersumme": 40, "anzahlg": 1 }, "geometry": { "type": "Point", "coordinates": [ 12.32352, 51.32337 ] } },
{ "type": "Feature", "properties": { "id": 6924937, "lat": 51.34351, "lng": 12.31918, "artdtsch": "Säulen-Tulpenbaum", "artbot": "Liriodendron tulipifera 'Fastigiatum'", "gattungdeutsch": "Liriodendron", "strname": "Pufendorfstraße", "pflanzjahr": "2021", "standalter": "5", "bezirk": "Altlindenau", "standortnr": "77002", "wassermenge": 60, "wassersumme": 215, "anzahlg": 6 }, "geometry": { "type": "Point", "coordinates": [ 12.31918, 51.34351 ] } },
{ "type": "Feature", "properties": { "id": 6914262, "lat": 51.3063, "lng": 12.39912, "artdtsch": "Spitz-Ahorn", "artbot": "Acer platanoides", "gattungdeutsch": "Acer", "strname": "An der Märchenwiese (östlicher Teil)", "pflanzjahr": "2020", "standalter": "6", "bezirk": "Marienbrunn", "standortnr": "G52659", "wassermenge": 60, "wassersumme": 270, "anzahlg": 6 }, "geometry": { "type": "Point", "coordinates": [ 12.39912, 51.3063 ] } },
{ "type": "Feature", "properties": { "id": 6911428, "lat": 51.32326, "lng": 12.32448, "artdtsch": "Hainbuche", "artbot": "Carpinus betulus", "gattungdeutsch": "Carpinus", "strname": "Weg 5202", "pflanzjahr": "2013", "standalter": "13", "bezirk": "Plagwitz", "standortnr": "73658", "wassermenge": 50, "wassersumme": 60, "anzahlg": 2 }, "geometry": { "type": "Point", "coordinates": [ 12.32448, 51.32326 ] } },
{ "type": "Feature", "properties": { "id": 6902188, "lat": 51.37465, "lng": 12.38806, "artdtsch": "Gemeine Esche", "artbot": "Fraxinus excelsior", "gattungdeutsch": "Fraxinus", "strname": "Magnusstraße", "pflanzjahr": "2009", "standalter": "17", "bezirk": "Eutritzsch", "standortnr": "5189", "wassermenge": 400, "wassersumme": 1500, "anzahlg": 6 }, "geometry": { "type": "Point", "coordinates": [ 12.38806, 51.37465 ] } },
{ "type": "Feature", "properties": { "id": 6916812, "lat": 51.3121, "lng": 12.4657, "artdtsch": "Brabanter Silber-Linde", "artbot": "Tilia tomentosa 'Brabant'", "gattungdeutsch": "Tilia", "strname": "Hauptstraße", "pflanzjahr": "2016", "standalter": "10", "bezirk": "Holzhausen", "standortnr": "74974", "wassermenge": 25, "wassersumme": 305, "anzahlg": 14 }, "geometry": { "type": "Point", "coordinates": [ 12.4657, 51.3121 ] } },
{ "type": "Feature", "properties": { "id": 6925205, "lat": 51.33988, "lng": 12.3181, "artdtsch": "Ungarische Silber-Linde", "artbot": "Tilia tomentosa 'Szeleste'", "gattungdeutsch": "Tilia", "strname": "Merseburger Straße", "pflanzjahr": "2022", "standalter": "4", "bezirk": "Altlindenau", "standortnr": "43699", "wassermenge": 20, "wassersumme": 40, "anzahlg": 2 }, "geometry": { "type": "Point", "coordinates": [ 12.3181, 51.33988 ] } },
{ "type": "Feature", "properties": { "id": 6919646, "lat": 51.32226, "lng": 12.32122, "artdtsch": "Walnuss", "artbot": "Juglans regia", "gattungdeutsch": "Juglans", "strname": "Gleis-Grün-Zug Bahnhof Plagwitz", "pflanzjahr": "2016", "standalter": "10", "bezirk": "Plagwitz", "standortnr": "G42168", "wassermenge": 100, "wassersumme": 316, "anzahlg": 4 }, "geometry": { "type": "Point", "coordinates": [ 12.32122, 51.32226 ] } },
{ "type": "Feature", "properties": { "id": 6915486, "lat": 51.32209, "lng": 12.33862, "artdtsch": "Kegel-Linde", "artbot": "Tilia flavescens 'Glenleven'", "gattungdeutsch": "Tilia", "strname": "Holbeinstraße", "pflanzjahr": "2017", "standalter": "9", "bezirk": "Schleußig", "standortnr": "40457", "wassermenge": 120, "wassersumme": 670, "anzahlg": 9 }, "geometry": { "type": "Point", "coordinates": [ 12.33862, 51.32209 ] } },
{ "type": "Feature", "properties": { "id": 6886810, "lat": 51.33395, "lng": 12.32777, "artdtsch": "Trauben-Kirsche", "artbot": "Prunus padus", "gattungdeutsch": "Prunus", "strname": "Henriettenpark", "pflanzjahr": "2002", "standalter": "24", "bezirk": "Lindenau", "standortnr": "G1325", "wassermenge": 80, "wassersumme": 400, "anzahlg": 5 }, "geometry": { "type": "Point", "coordinates": [ 12.32777, 51.33395 ] } },
{ "type": "Feature", "properties": { "id": 6916598, "lat": 51.31122, "lng": 12.28005, "artdtsch": "Platane", "artbot": "Platanus x acerifolia", "gattungdeutsch": "Platanus", "strname": "Ratzelstraße", "pflanzjahr": "2019", "standalter": "7", "bezirk": "Grünau-Siedlung", "standortnr": "76239", "wassermenge": 100, "wassersumme": 600, "anzahlg": 6 }, "geometry": { "type": "Point", "coordinates": [ 12.28005, 51.31122 ] } },
{ "type": "Feature", "properties": { "id": 6925712, "lat": 51.34464, "lng": 12.32417, "artdtsch": "Säulen-Eiche 'Fastigiata Koster'", "artbot": "Quercus robur 'Fastigiata Koster'", "gattungdeutsch": "Quercus", "strname": "Paul-Küstner-Straße", "pflanzjahr": "2024", "standalter": "2", "bezirk": "Altlindenau", "standortnr": "133938", "wassermenge": 50, "wassersumme": 100, "anzahlg": 3 }, "geometry": { "type": "Point", "coordinates": [ 12.32417, 51.34464 ] } },
{ "type": "Feature", "properties": { "id": 6916150, "lat": 51.32299, "lng": 12.32119, "artdtsch": "Haus-Apfel  'Roter Eiserapfel'", "artbot": "Malus domestica 'Roter Eiserapfel'", "gattungdeutsch": "Malus", "strname": "Gleis-Grün-Zug Bahnhof Plagwitz", "pflanzjahr": "2016", "standalter": "10", "bezirk": "Plagwitz", "standortnr": "G42217", "wassermenge": 100, "wassersumme": 306, "anzahlg": 6 }, "geometry": { "type": "Point", "coordinates": [ 12.32119, 51.32299 ] } },
{ "type": "Feature", "properties": { "id": 6912688, "lat": 51.33022, "lng": 12.30729, "artdtsch": "Brabanter Silber-Linde", "artbot": "Tilia tomentosa 'Brabant'", "gattungdeutsch": "Tilia", "strname": "Hafenstraße", "pflanzjahr": "2014", "standalter": "12", "bezirk": "Schönau", "standortnr": "74429", "wassermenge": 160, "wassersumme": 620, "anzahlg": 5 }, "geometry": { "type": "Point", "coordinates": [ 12.30729, 51.33022 ] } },
{ "type": "Feature", "properties": { "id": 6921212, "lat": 51.29886, "lng": 12.38608, "artdtsch": "Japanischer Schnurbaum", "artbot": "Sophora japonica", "gattungdeutsch": "Sophora", "strname": "Rembrandtplatz", "pflanzjahr": "2021", "standalter": "5", "bezirk": "Lößnig", "standortnr": "G32400", "wassermenge": 40, "wassersumme": 60, "anzahlg": 2 }, "geometry": { "type": "Point", "coordinates": [ 12.38608, 51.29886 ] } },
{ "type": "Feature", "properties": { "id": 6918790, "lat": 51.36856, "lng": 12.40681, "artdtsch": "Säulen-Eiche", "artbot": "Quercus robur 'Fastigiata'", "gattungdeutsch": "Quercus", "strname": "Parkplatz 1201", "pflanzjahr": "2016", "standalter": "10", "bezirk": "Mockau-Süd", "standortnr": "68382", "wassermenge": 50, "wassersumme": 190, "anzahlg": 5 }, "geometry": { "type": "Point", "coordinates": [ 12.40681, 51.36856 ] } },
{ "type": "Feature", "properties": { "id": 6919567, "lat": 51.30927, "lng": 12.42686, "artdtsch": "Vogel-Kirsche", "artbot": "Prunus avium", "gattungdeutsch": "Prunus", "strname": "Park der Freundschaft (Etzoldsche Sandgrube)", "pflanzjahr": "2016", "standalter": "10", "bezirk": "Probstheida", "standortnr": "G37249", "wassermenge": 10, "wassersumme": 10, "anzahlg": 1 }, "geometry": { "type": "Point", "coordinates": [ 12.42686, 51.30927 ] } },
{ "type": "Feature", "properties": { "id": 6916596, "lat": 51.31131, "lng": 12.28043, "artdtsch": "Platane", "artbot": "Platanus x acerifolia", "gattungdeutsch": "Platanus", "strname": "Ratzelstraße", "pflanzjahr": "2019", "standalter": "7", "bezirk": "Grünau-Siedlung", "standortnr": "76237", "wassermenge": 100, "wassersumme": 600, "anzahlg": 6 }, "geometry": { "type": "Point", "coordinates": [ 12.28043, 51.31131 ] } },
{ "type": "Feature", "properties": { "id": 6907454, "lat": 51.37777, "lng": 12.44644, "artdtsch": "Scharlach-Eiche", "artbot": "Quercus coccinea", "gattungdeutsch": "Quercus", "strname": "Eichbergstraße", "pflanzjahr": "2013", "standalter": "13", "bezirk": "Thekla", "standortnr": "73463", "wassermenge": 300, "wassersumme": 500, "anzahlg": 2 }, "geometry": { "type": "Point", "coordinates": [ 12.44644, 51.37777 ] } },
{ "type": "Feature", "properties": { "id": 6916209, "lat": 51.3446, "lng": 12.31849, "artdtsch": "Hainbuche", "artbot": "Carpinus betulus", "gattungdeutsch": "Carpinus", "strname": "Spielplatz zwischen Georg-Schwarz-Straße und Pufendorfstraße (B-Plan 69.3 \"Rosenmüllerstraße\")", "pflanzjahr": "2017", "standalter": "9", "bezirk": "Leutzsch", "standortnr": "G43656", "wassermenge": 80, "wassersumme": 340, "anzahlg": 6 }, "geometry": { "type": "Point", "coordinates": [ 12.31849, 51.3446 ] } },
{ "type": "Feature", "properties": { "id": 6911430, "lat": 51.32334, "lng": 12.3238, "artdtsch": "Feld-Ahorn", "artbot": "Acer campestre", "gattungdeutsch": "Acer", "strname": "Weg 5202", "pflanzjahr": "2013", "standalter": "13", "bezirk": "Plagwitz", "standortnr": "73660", "wassermenge": 50, "wassersumme": 60, "anzahlg": 2 }, "geometry": { "type": "Point", "coordinates": [ 12.3238, 51.32334 ] } },
{ "type": "Feature", "properties": { "id": 6925028, "lat": 51.30628, "lng": 12.39952, "artdtsch": "Spitz-Ahorn", "artbot": "Acer platanoides", "gattungdeutsch": "Acer", "strname": "An der Märchenwiese (östlicher Teil)", "pflanzjahr": "2024", "standalter": "2", "bezirk": "Marienbrunn", "standortnr": "G25671", "wassermenge": 40, "wassersumme": 170, "anzahlg": 5 }, "geometry": { "type": "Point", "coordinates": [ 12.39952, 51.30628 ] } },
{ "type": "Feature", "properties": { "id": 6912753, "lat": 51.30334, "lng": 12.3938, "artdtsch": "Baumhasel", "artbot": "Corylus colurna", "gattungdeutsch": "Corylus", "strname": "Probstheidaer Straße", "pflanzjahr": "2011", "standalter": "15", "bezirk": "Lößnig", "standortnr": "32863", "wassermenge": 20, "wassersumme": 20, "anzahlg": 1 }, "geometry": { "type": "Point", "coordinates": [ 12.3938, 51.30334 ] } },
{ "type": "Feature", "properties": { "id": 6920083, "lat": 51.37053, "lng": 12.36497, "artdtsch": "Spitz-Ahorn 'Farlake´s Green'", "artbot": "Acer platanoides 'Farlake´s Green'", "gattungdeutsch": "Acer", "strname": "Landsberger Straße", "pflanzjahr": "2017", "standalter": "9", "bezirk": "Gohlis-Mitte", "standortnr": "60023", "wassermenge": 90, "wassersumme": 612, "anzahlg": 7 }, "geometry": { "type": "Point", "coordinates": [ 12.36497, 51.37053 ] } },
{ "type": "Feature", "properties": { "id": 6900965, "lat": 51.3288, "lng": 12.41906, "artdtsch": "Strauch - Rosskastanie", "artbot": "Aesculus parviflora", "gattungdeutsch": "Aesculus", "strname": "Ostfriedhof", "pflanzjahr": "2008", "standalter": "18", "bezirk": "Anger-Crottendorf", "standortnr": "G43733", "wassermenge": 60, "wassersumme": 110, "anzahlg": 2 }, "geometry": { "type": "Point", "coordinates": [ 12.41906, 51.3288 ] } },
{ "type": "Feature", "properties": { "id": 6985031, "lat": 51.30283, "lng": 12.44031, "artdtsch": "Stadt-Linde", "artbot": "Tilia cordata 'Greenspire'", "gattungdeutsch": "Tilia", "strname": "Franzosenallee", "pflanzjahr": "2025", "standalter": "1", "bezirk": "Probstheida", "standortnr": "168766", "wassermenge": 60, "wassersumme": 60, "anzahlg": 1 }, "geometry": { "type": "Point", "coordinates": [ 12.44031, 51.30283 ] } },
{ "type": "Feature", "properties": { "id": 6924598, "lat": 51.30723, "lng": 12.29453, "artdtsch": "Stadt-Linde", "artbot": "Tilia cordata 'Greenspire'", "gattungdeutsch": "Tilia", "strname": "Rapsweg", "pflanzjahr": "2022", "standalter": "4", "bezirk": "Großzschocher", "standortnr": "51613", "wassermenge": 130, "wassersumme": 395, "anzahlg": 4 }, "geometry": { "type": "Point", "coordinates": [ 12.29453, 51.30723 ] } },
{ "type": "Feature", "properties": { "id": 6907320, "lat": 51.33037, "lng": 12.30532, "artdtsch": "Zerr-Eiche", "artbot": "Quercus cerris", "gattungdeutsch": "Quercus", "strname": "Lindenauer Hafen", "pflanzjahr": "2026", "standalter": "0", "bezirk": "Schönau", "standortnr": "G20559", "wassermenge": 80, "wassersumme": 260, "anzahlg": 4 }, "geometry": { "type": "Point", "coordinates": [ 12.30532, 51.33037 ] } },
{ "type": "Feature", "properties": { "id": 6924909, "lat": 51.33035, "lng": 12.343, "artdtsch": "Stadt-Linde", "artbot": "Tilia cordata 'Greenspire'", "gattungdeutsch": "Tilia", "strname": "Forststraße", "pflanzjahr": "2021", "standalter": "5", "bezirk": "Plagwitz", "standortnr": "40342", "wassermenge": 25, "wassersumme": 45, "anzahlg": 2 }, "geometry": { "type": "Point", "coordinates": [ 12.343, 51.33035 ] } },
{ "type": "Feature", "properties": { "id": 6916699, "lat": 51.34744, "lng": 12.39768, "artdtsch": "Robinie 'Sandraudiga'", "artbot": "Robinia pseudoacacia 'Sandraudiga'", "gattungdeutsch": "Robinia", "strname": "Rosa-Luxemburg-Straße", "pflanzjahr": "2018", "standalter": "8", "bezirk": "Neustadt-Neuschönefeld", "standortnr": "9172", "wassermenge": 80, "wassersumme": 140, "anzahlg": 5 }, "geometry": { "type": "Point", "coordinates": [ 12.39768, 51.34744 ] } },
{ "type": "Feature", "properties": { "id": 6920296, "lat": 51.32911, "lng": 12.30809, "artdtsch": "Zerr-Eiche", "artbot": "Quercus cerris", "gattungdeutsch": "Quercus", "strname": "Lindenauer Hafen", "pflanzjahr": "2022", "standalter": "4", "bezirk": "Schönau", "standortnr": "G20515", "wassermenge": 100, "wassersumme": 700, "anzahlg": 9 }, "geometry": { "type": "Point", "coordinates": [ 12.30809, 51.32911 ] } },
{ "type": "Feature", "properties": { "id": 6907313, "lat": 51.3297, "lng": 12.30644, "artdtsch": "Vogel-Kirsche", "artbot": "Prunus avium", "gattungdeutsch": "Prunus", "strname": "Lindenauer Hafen", "pflanzjahr": "2014", "standalter": "12", "bezirk": "Schönau", "standortnr": "G20539", "wassermenge": 90, "wassersumme": 410, "anzahlg": 5 }, "geometry": { "type": "Point", "coordinates": [ 12.30644, 51.3297 ] } },
{ "type": "Feature", "properties": { "id": 6911261, "lat": 51.30103, "lng": 12.38409, "artdtsch": "Stadt-Linde", "artbot": "Tilia cordata 'Greenspire'", "gattungdeutsch": "Tilia", "strname": "Bornaische Straße", "pflanzjahr": "2013", "standalter": "13", "bezirk": "Connewitz", "standortnr": "33201", "wassermenge": 120, "wassersumme": 1180, "anzahlg": 14 }, "geometry": { "type": "Point", "coordinates": [ 12.38409, 51.30103 ] } },
{ "type": "Feature", "properties": { "id": 6926011, "lat": 51.34022, "lng": 12.36755, "artdtsch": "Säulen-Magnolie", "artbot": "Magnolia kobus 'Isis'", "gattungdeutsch": "Magnolia", "strname": "Thomasiusstraße", "pflanzjahr": "2024", "standalter": "2", "bezirk": "Zentrum-West", "standortnr": "146838", "wassermenge": 80, "wassersumme": 160, "anzahlg": 2 }, "geometry": { "type": "Point", "coordinates": [ 12.36755, 51.34022 ] } },
{ "type": "Feature", "properties": { "id": 6913653, "lat": 51.34698, "lng": 12.31152, "artdtsch": "Trauben-Eiche", "artbot": "Quercus petraea", "gattungdeutsch": "Quercus", "strname": "Benediktusstraße", "pflanzjahr": "2011", "standalter": "15", "bezirk": "Leutzsch", "standortnr": "71638", "wassermenge": 60, "wassersumme": 200, "anzahlg": 4 }, "geometry": { "type": "Point", "coordinates": [ 12.31152, 51.34698 ] } },
{ "type": "Feature", "properties": { "id": 6911434, "lat": 51.3234, "lng": 12.32324, "artdtsch": "Feld-Ahorn", "artbot": "Acer campestre", "gattungdeutsch": "Acer", "strname": "Weg 5202", "pflanzjahr": "2013", "standalter": "13", "bezirk": "Plagwitz", "standortnr": "73664", "wassermenge": 50, "wassersumme": 50, "anzahlg": 1 }, "geometry": { "type": "Point", "coordinates": [ 12.32324, 51.3234 ] } },
{ "type": "Feature", "properties": { "id": 6913600, "lat": 51.31887, "lng": 12.33802, "artdtsch": "Stadt-Linde", "artbot": "Tilia cordata 'Greenspire'", "gattungdeutsch": "Tilia", "strname": "Antonienstraße", "pflanzjahr": "2014", "standalter": "12", "bezirk": "Plagwitz", "standortnr": "39317", "wassermenge": 100, "wassersumme": 100, "anzahlg": 1 }, "geometry": { "type": "Point", "coordinates": [ 12.33802, 51.31887 ] } },
{ "type": "Feature", "properties": { "id": 6919829, "lat": 51.3182, "lng": 12.37138, "artdtsch": "Hopfenbuche", "artbot": "Ostrya carpinifolia", "gattungdeutsch": "Ostrya", "strname": "Kochstraße", "pflanzjahr": "2018", "standalter": "8", "bezirk": "Südvorstadt", "standortnr": "75701", "wassermenge": 10, "wassersumme": 25, "anzahlg": 3 }, "geometry": { "type": "Point", "coordinates": [ 12.37138, 51.3182 ] } },
{ "type": "Feature", "properties": { "id": 6918944, "lat": 51.34739, "lng": 12.3977, "artdtsch": "Säulen-Hainbuche 'Frans Fontaine'", "artbot": "Carpinus betulus 'Frans Fontaine'", "gattungdeutsch": "Carpinus", "strname": "Mariannenstraße", "pflanzjahr": "2020", "standalter": "6", "bezirk": "Neustadt-Neuschönefeld", "standortnr": "8210", "wassermenge": 10, "wassersumme": 30, "anzahlg": 3 }, "geometry": { "type": "Point", "coordinates": [ 12.3977, 51.34739 ] } },
{ "type": "Feature", "properties": { "id": 6911431, "lat": 51.32335, "lng": 12.32366, "artdtsch": "Feld-Ahorn", "artbot": "Acer campestre", "gattungdeutsch": "Acer", "strname": "Weg 5202", "pflanzjahr": "2013", "standalter": "13", "bezirk": "Plagwitz", "standortnr": "73661", "wassermenge": 60, "wassersumme": 60, "anzahlg": 1 }, "geometry": { "type": "Point", "coordinates": [ 12.32366, 51.32335 ] } },
{ "type": "Feature", "properties": { "id": 6916265, "lat": 51.29838, "lng": 12.40565, "artdtsch": "Amerikanischer Zürgelbaum", "artbot": "Celtis occidentalis", "gattungdeutsch": "Celtis", "strname": "Park Lößnig/Dölitz, Erholungspark", "pflanzjahr": "2020", "standalter": "6", "bezirk": "Lößnig", "standortnr": "G34333", "wassermenge": 90, "wassersumme": 150, "anzahlg": 2 }, "geometry": { "type": "Point", "coordinates": [ 12.40565, 51.29838 ] } },
{ "type": "Feature", "properties": { "id": 6918335, "lat": 51.3466, "lng": 12.40739, "artdtsch": "Hopfenbuche", "artbot": "Ostrya carpinifolia", "gattungdeutsch": "Ostrya", "strname": "Hildegardstraße", "pflanzjahr": "2020", "standalter": "6", "bezirk": "Volkmarsdorf", "standortnr": "5626", "wassermenge": 82, "wassersumme": 82, "anzahlg": 1 }, "geometry": { "type": "Point", "coordinates": [ 12.40739, 51.3466 ] } },
{ "type": "Feature", "properties": { "id": 6888203, "lat": 51.33835, "lng": 12.33134, "artdtsch": "Winter-Linde 'Rancho'", "artbot": "Tilia cordata 'Rancho'", "gattungdeutsch": "Tilia", "strname": "Roßmarktstraße", "pflanzjahr": "2005", "standalter": "21", "bezirk": "Altlindenau", "standortnr": "56574", "wassermenge": 40, "wassersumme": 110, "anzahlg": 3 }, "geometry": { "type": "Point", "coordinates": [ 12.33134, 51.33835 ] } },
{ "type": "Feature", "properties": { "id": 6977108, "lat": 51.32976, "lng": 12.30634, "artdtsch": "Schwedische Mehlbeere", "artbot": "Sorbus intermedia", "gattungdeutsch": "Sorbus", "strname": "Lindenauer Hafen", "pflanzjahr": "2025", "standalter": "1", "bezirk": "Schönau", "standortnr": "G20542", "wassermenge": 80, "wassersumme": 330, "anzahlg": 5 }, "geometry": { "type": "Point", "coordinates": [ 12.30634, 51.32976 ] } },
{ "type": "Feature", "properties": { "id": 6920169, "lat": 51.34517, "lng": 12.3669, "artdtsch": "Stadt-Linde", "artbot": "Tilia cordata 'Greenspire'", "gattungdeutsch": "Tilia", "strname": "Gustav-Adolf-Straße", "pflanzjahr": "2018", "standalter": "8", "bezirk": "Zentrum-Nordwest", "standortnr": "75535", "wassermenge": 50, "wassersumme": 70, "anzahlg": 2 }, "geometry": { "type": "Point", "coordinates": [ 12.3669, 51.34517 ] } },
{ "type": "Feature", "properties": { "id": 6910868, "lat": 51.34799, "lng": 12.37183, "artdtsch": "Stadt-Linde", "artbot": "Tilia cordata 'Greenspire'", "gattungdeutsch": "Tilia", "strname": "Parthenstraße", "pflanzjahr": "2015", "standalter": "11", "bezirk": "Zentrum-Nord", "standortnr": "12943", "wassermenge": 85, "wassersumme": 105, "anzahlg": 2 }, "geometry": { "type": "Point", "coordinates": [ 12.37183, 51.34799 ] } },
{ "type": "Feature", "properties": { "id": 6915490, "lat": 51.32028, "lng": 12.3381, "artdtsch": "Kegel-Linde", "artbot": "Tilia flavescens 'Glenleven'", "gattungdeutsch": "Tilia", "strname": "Holbeinstraße", "pflanzjahr": "2017", "standalter": "9", "bezirk": "Schleußig", "standortnr": "40482", "wassermenge": 70, "wassersumme": 70, "anzahlg": 1 }, "geometry": { "type": "Point", "coordinates": [ 12.3381, 51.32028 ] } },
{ "type": "Feature", "properties": { "id": 6916253, "lat": 51.3633, "lng": 12.38608, "artdtsch": "Stadt-Linde", "artbot": "Tilia cordata 'Greenspire'", "gattungdeutsch": "Tilia", "strname": "Wittenberger Straße", "pflanzjahr": "2018", "standalter": "8", "bezirk": "Eutritzsch", "standortnr": "2950", "wassermenge": 28, "wassersumme": 180, "anzahlg": 17 }, "geometry": { "type": "Point", "coordinates": [ 12.38608, 51.3633 ] } },
{ "type": "Feature", "properties": { "id": 6919819, "lat": 51.31917, "lng": 12.37132, "artdtsch": "Blumen-Esche", "artbot": "Fraxinus ornus", "gattungdeutsch": "Fraxinus", "strname": "Kochstraße", "pflanzjahr": "2018", "standalter": "8", "bezirk": "Südvorstadt", "standortnr": "75691", "wassermenge": 75, "wassersumme": 763, "anzahlg": 24 }, "geometry": { "type": "Point", "coordinates": [ 12.37132, 51.31917 ] } },
{ "type": "Feature", "properties": { "id": 6912755, "lat": 51.30338, "lng": 12.39426, "artdtsch": "Baumhasel", "artbot": "Corylus colurna", "gattungdeutsch": "Corylus", "strname": "Probstheidaer Straße", "pflanzjahr": "2011", "standalter": "15", "bezirk": "Lößnig", "standortnr": "32869", "wassermenge": 20, "wassersumme": 20, "anzahlg": 1 }, "geometry": { "type": "Point", "coordinates": [ 12.39426, 51.30338 ] } },
{ "type": "Feature", "properties": { "id": 6919662, "lat": 51.32174, "lng": 12.32097, "artdtsch": "Haus-Pflaume 'Bühler Frühzwetschge'", "artbot": "Prunus domestica 'Bühler Frühzwetschge'", "gattungdeutsch": "Prunus", "strname": "Gleis-Grün-Zug Bahnhof Plagwitz", "pflanzjahr": "2016", "standalter": "10", "bezirk": "Plagwitz", "standortnr": "G42194", "wassermenge": 100, "wassersumme": 440, "anzahlg": 6 }, "geometry": { "type": "Point", "coordinates": [ 12.32097, 51.32174 ] } },
{ "type": "Feature", "properties": { "id": 6911520, "lat": 51.33328, "lng": 12.32383, "artdtsch": "Stadt-Linde", "artbot": "Tilia cordata 'Greenspire'", "gattungdeutsch": "Tilia", "strname": "Lützner Straße", "pflanzjahr": "2014", "standalter": "12", "bezirk": "Lindenau", "standortnr": "74430", "wassermenge": 220, "wassersumme": 220, "anzahlg": 1 }, "geometry": { "type": "Point", "coordinates": [ 12.32383, 51.33328 ] } },
{ "type": "Feature", "properties": { "id": 6913599, "lat": 51.31884, "lng": 12.33813, "artdtsch": "Stadt-Linde", "artbot": "Tilia cordata 'Greenspire'", "gattungdeutsch": "Tilia", "strname": "Antonienstraße", "pflanzjahr": "2014", "standalter": "12", "bezirk": "Plagwitz", "standortnr": "39316", "wassermenge": 60, "wassersumme": 60, "anzahlg": 1 }, "geometry": { "type": "Point", "coordinates": [ 12.33813, 51.31884 ] } },
{ "type": "Feature", "properties": { "id": 6821688, "lat": 51.33415, "lng": 12.40223, "artdtsch": "Berg-Ahorn", "artbot": "Acer pseudoplatanus", "gattungdeutsch": "Acer", "strname": "Reichpietschstraße", "pflanzjahr": "1960", "standalter": "66", "bezirk": "Reudnitz-Thonberg", "standortnr": "22205", "wassermenge": 12, "wassersumme": 364, "anzahlg": 50 }, "geometry": { "type": "Point", "coordinates": [ 12.40223, 51.33415 ] } },
{ "type": "Feature", "properties": { "id": 6823312, "lat": 51.34638, "lng": 12.43597, "artdtsch": "Spitz-Ahorn", "artbot": "Acer platanoides", "gattungdeutsch": "Acer", "strname": "Ostheimstraße", "pflanzjahr": "1960", "standalter": "66", "bezirk": "Sellerhausen-Stünz", "standortnr": "23308", "wassermenge": 66, "wassersumme": 132, "anzahlg": 2 }, "geometry": { "type": "Point", "coordinates": [ 12.43597, 51.34638 ] } },
{ "type": "Feature", "properties": { "id": 6941491, "lat": 51.3074, "lng": 12.41251, "artdtsch": "Gewöhnliche Eibe", "artbot": "Taxus baccata", "gattungdeutsch": "Taxus", "strname": "Südfriedhof", "pflanzjahr": "NULL", "standalter": "NULL", "bezirk": "Probstheida", "standortnr": "140081", "wassermenge": 50, "wassersumme": 600, "anzahlg": 17 }, "geometry": { "type": "Point", "coordinates": [ 12.41251, 51.3074 ] } },
{ "type": "Feature", "properties": { "id": 6984239, "lat": 51.3229847, "lng": 12.3211834, "artdtsch": "NULL", "artbot": "NULL", "gattungdeutsch": "NULL", "strname": "NULL", "pflanzjahr": "2016", "standalter": "10", "bezirk": "Plagwitz", "standortnr": "osm_6058038169", "wassermenge": 80, "wassersumme": 116, "anzahlg": 2 }, "geometry": { "type": "Point", "coordinates": [ 12.3211834, 51.3229847 ] } },
{ "type": "Feature", "properties": { "id": 6911573, "lat": 51.32588, "lng": 12.27596, "artdtsch": "Feld-Ahorn 'Elsrijk'", "artbot": "Acer campestre 'Elsrijk'", "gattungdeutsch": "Acer", "strname": "Mühlhäuser Ring", "pflanzjahr": "2014", "standalter": "12", "bezirk": "Schönau", "standortnr": "74228", "wassermenge": 40, "wassersumme": 220, "anzahlg": 8 }, "geometry": { "type": "Point", "coordinates": [ 12.27596, 51.32588 ] } },
{ "type": "Feature", "properties": { "id": 6906503, "lat": 51.32939, "lng": 12.30809, "artdtsch": "Winter-Linde", "artbot": "Tilia cordata", "gattungdeutsch": "Tilia", "strname": "Lindenauer Hafen", "pflanzjahr": "2015", "standalter": "11", "bezirk": "Schönau", "standortnr": "G20522", "wassermenge": 60, "wassersumme": 280, "anzahlg": 5 }, "geometry": { "type": "Point", "coordinates": [ 12.30809, 51.32939 ] } },
{ "type": "Feature", "properties": { "id": 6909700, "lat": 51.32823, "lng": 12.33138, "artdtsch": "Rot-Eiche", "artbot": "Quercus rubra", "gattungdeutsch": "Quercus", "strname": "Stadtteilpark Plagwitz", "pflanzjahr": "2011", "standalter": "15", "bezirk": "Plagwitz", "standortnr": "G30", "wassermenge": 45, "wassersumme": 90, "anzahlg": 2 }, "geometry": { "type": "Point", "coordinates": [ 12.33138, 51.32823 ] } },
{ "type": "Feature", "properties": { "id": 6918259, "lat": 51.32716, "lng": 12.27588, "artdtsch": "Stiel-Eiche", "artbot": "Quercus robur", "gattungdeutsch": "Quercus", "strname": "Lyoner Straße", "pflanzjahr": "2019", "standalter": "7", "bezirk": "Schönau", "standortnr": "76328", "wassermenge": 100, "wassersumme": 400, "anzahlg": 4 }, "geometry": { "type": "Point", "coordinates": [ 12.27588, 51.32716 ] } },
{ "type": "Feature", "properties": { "id": 6919818, "lat": 51.31936, "lng": 12.37134, "artdtsch": "Blumen-Esche", "artbot": "Fraxinus ornus", "gattungdeutsch": "Fraxinus", "strname": "Kochstraße", "pflanzjahr": "2019", "standalter": "7", "bezirk": "Südvorstadt", "standortnr": "75690", "wassermenge": 25, "wassersumme": 50, "anzahlg": 2 }, "geometry": { "type": "Point", "coordinates": [ 12.37134, 51.31936 ] } },
{ "type": "Feature", "properties": { "id": 6920251, "lat": 51.36849, "lng": 12.40667, "artdtsch": "Säulen-Eiche", "artbot": "Quercus robur 'Fastigiata'", "gattungdeutsch": "Quercus", "strname": "Parkplatz 1201", "pflanzjahr": "2016", "standalter": "10", "bezirk": "Mockau-Süd", "standortnr": "74944", "wassermenge": 50, "wassersumme": 190, "anzahlg": 6 }, "geometry": { "type": "Point", "coordinates": [ 12.40667, 51.36849 ] } },
{ "type": "Feature", "properties": { "id": 6919513, "lat": 51.3343, "lng": 12.35594, "artdtsch": "Säulen-Eiche", "artbot": "Quercus robur 'Fastigiata'", "gattungdeutsch": "Quercus", "strname": "Sebastian-Bach-Straße", "pflanzjahr": "2018", "standalter": "8", "bezirk": "Zentrum-West", "standortnr": "75759", "wassermenge": 50, "wassersumme": 67, "anzahlg": 5 }, "geometry": { "type": "Point", "coordinates": [ 12.35594, 51.3343 ] } },
{ "type": "Feature", "properties": { "id": 6915662, "lat": 51.32533, "lng": 12.34464, "artdtsch": "Hopfenbuche", "artbot": "Ostrya carpinifolia", "gattungdeutsch": "Ostrya", "strname": "Könneritzstraße", "pflanzjahr": "2016", "standalter": "10", "bezirk": "Schleußig", "standortnr": "39599", "wassermenge": 120, "wassersumme": 130, "anzahlg": 2 }, "geometry": { "type": "Point", "coordinates": [ 12.34464, 51.32533 ] } },
{ "type": "Feature", "properties": { "id": 6913603, "lat": 51.31908, "lng": 12.33716, "artdtsch": "Stadt-Linde", "artbot": "Tilia cordata 'Greenspire'", "gattungdeutsch": "Tilia", "strname": "Antonienstraße", "pflanzjahr": "2014", "standalter": "12", "bezirk": "Plagwitz", "standortnr": "39326", "wassermenge": 100, "wassersumme": 100, "anzahlg": 1 }, "geometry": { "type": "Point", "coordinates": [ 12.33716, 51.31908 ] } },
{ "type": "Feature", "properties": { "id": 6916588, "lat": 51.31293, "lng": 12.28871, "artdtsch": "Platane", "artbot": "Platanus x acerifolia", "gattungdeutsch": "Platanus", "strname": "Ratzelstraße", "pflanzjahr": "2019", "standalter": "7", "bezirk": "Grünau-Siedlung", "standortnr": "76225", "wassermenge": 100, "wassersumme": 100, "anzahlg": 1 }, "geometry": { "type": "Point", "coordinates": [ 12.28871, 51.31293 ] } },
{ "type": "Feature", "properties": { "id": 6909208, "lat": 51.35777, "lng": 12.35847, "artdtsch": "Sand-Birke", "artbot": "Betula pendula", "gattungdeutsch": "Betula", "strname": "Schillerhain", "pflanzjahr": "2015", "standalter": "11", "bezirk": "Gohlis-Süd", "standortnr": "G38660", "wassermenge": 20, "wassersumme": 20, "anzahlg": 1 }, "geometry": { "type": "Point", "coordinates": [ 12.35847, 51.35777 ] } },
{ "type": "Feature", "properties": { "id": 6909049, "lat": 51.37525, "lng": 12.32053, "artdtsch": "Platane", "artbot": "Platanus x acerifolia", "gattungdeutsch": "Platanus", "strname": "Georg-Schumann-Straße", "pflanzjahr": "2015", "standalter": "11", "bezirk": "Wahren", "standortnr": "52437", "wassermenge": 10, "wassersumme": 40, "anzahlg": 4 }, "geometry": { "type": "Point", "coordinates": [ 12.32053, 51.37525 ] } },
{ "type": "Feature", "properties": { "id": 6912679, "lat": 51.33102, "lng": 12.30566, "artdtsch": "Sumpf-Eiche", "artbot": "Quercus palustris", "gattungdeutsch": "Quercus", "strname": "Hafenstraße", "pflanzjahr": "2014", "standalter": "12", "bezirk": "Schönau", "standortnr": "74418", "wassermenge": 80, "wassersumme": 460, "anzahlg": 7 }, "geometry": { "type": "Point", "coordinates": [ 12.30566, 51.33102 ] } },
{ "type": "Feature", "properties": { "id": 6920297, "lat": 51.33033, "lng": 12.30538, "artdtsch": "Zerr-Eiche", "artbot": "Quercus cerris", "gattungdeutsch": "Quercus", "strname": "Lindenauer Hafen", "pflanzjahr": "2022", "standalter": "4", "bezirk": "Schönau", "standortnr": "G20558", "wassermenge": 80, "wassersumme": 260, "anzahlg": 4 }, "geometry": { "type": "Point", "coordinates": [ 12.30538, 51.33033 ] } },
{ "type": "Feature", "properties": { "id": 6912902, "lat": 51.34656, "lng": 12.40922, "artdtsch": "Baumhasel", "artbot": "Corylus colurna", "gattungdeutsch": "Corylus", "strname": "Elisabethstraße", "pflanzjahr": "2014", "standalter": "12", "bezirk": "Volkmarsdorf", "standortnr": "9745", "wassermenge": 80, "wassersumme": 80, "anzahlg": 1 }, "geometry": { "type": "Point", "coordinates": [ 12.40922, 51.34656 ] } },
{ "type": "Feature", "properties": { "id": 6910080, "lat": 51.32974, "lng": 12.30638, "artdtsch": "Speierling", "artbot": "Sorbus domestica", "gattungdeutsch": "Sorbus", "strname": "Lindenauer Hafen", "pflanzjahr": "2014", "standalter": "12", "bezirk": "Schönau", "standortnr": "G20541", "wassermenge": 80, "wassersumme": 140, "anzahlg": 2 }, "geometry": { "type": "Point", "coordinates": [ 12.30638, 51.32974 ] } },
{ "type": "Feature", "properties": { "id": 6916587, "lat": 51.31297, "lng": 12.28891, "artdtsch": "Platane", "artbot": "Platanus x acerifolia", "gattungdeutsch": "Platanus", "strname": "Ratzelstraße", "pflanzjahr": "2019", "standalter": "7", "bezirk": "Grünau-Siedlung", "standortnr": "76224", "wassermenge": 100, "wassersumme": 100, "anzahlg": 1 }, "geometry": { "type": "Point", "coordinates": [ 12.28891, 51.31297 ] } },
{ "type": "Feature", "properties": { "id": 6912299, "lat": 51.34174, "lng": 12.40599, "artdtsch": "Kaiser-Linde", "artbot": "Tilia x vulgaris 'Pallida'", "gattungdeutsch": "Tilia", "strname": "Hermann-Liebmann-Straße", "pflanzjahr": "2011", "standalter": "15", "bezirk": "Neustadt-Neuschönefeld", "standortnr": "9041", "wassermenge": 40, "wassersumme": 680, "anzahlg": 17 }, "geometry": { "type": "Point", "coordinates": [ 12.40599, 51.34174 ] } },
{ "type": "Feature", "properties": { "id": 6916688, "lat": 51.34722, "lng": 12.39906, "artdtsch": "Säulen-Hainbuche 'Frans Fontaine'", "artbot": "Carpinus betulus 'Frans Fontaine'", "gattungdeutsch": "Carpinus", "strname": "Mariannenstraße", "pflanzjahr": "2018", "standalter": "8", "bezirk": "Neustadt-Neuschönefeld", "standortnr": "8217", "wassermenge": 80, "wassersumme": 200, "anzahlg": 3 }, "geometry": { "type": "Point", "coordinates": [ 12.39906, 51.34722 ] } },
{ "type": "Feature", "properties": { "id": 6910583, "lat": 51.35448, "lng": 12.40833, "artdtsch": "Winter-Linde 'Roelvo'", "artbot": "Tilia cordata 'Roelvo'", "gattungdeutsch": "Tilia", "strname": "Heinkstraße", "pflanzjahr": "2013", "standalter": "13", "bezirk": "Schönefeld-Abtnaundorf", "standortnr": "6938", "wassermenge": 24, "wassersumme": 98, "anzahlg": 6 }, "geometry": { "type": "Point", "coordinates": [ 12.40833, 51.35448 ] } },
{ "type": "Feature", "properties": { "id": 6906502, "lat": 51.32945, "lng": 12.30819, "artdtsch": "Winter-Linde", "artbot": "Tilia cordata", "gattungdeutsch": "Tilia", "strname": "Lindenauer Hafen", "pflanzjahr": "2015", "standalter": "11", "bezirk": "Schönau", "standortnr": "G20521", "wassermenge": 60, "wassersumme": 280, "anzahlg": 5 }, "geometry": { "type": "Point", "coordinates": [ 12.30819, 51.32945 ] } },
{ "type": "Feature", "properties": { "id": 6912898, "lat": 51.34655, "lng": 12.40938, "artdtsch": "Baumhasel", "artbot": "Corylus colurna", "gattungdeutsch": "Corylus", "strname": "Elisabethstraße", "pflanzjahr": "2014", "standalter": "12", "bezirk": "Volkmarsdorf", "standortnr": "9739", "wassermenge": 80, "wassersumme": 80, "anzahlg": 1 }, "geometry": { "type": "Point", "coordinates": [ 12.40938, 51.34655 ] } },
{ "type": "Feature", "properties": { "id": 6985180, "lat": 51.30734, "lng": 12.41252, "artdtsch": "Rhododendron", "artbot": "Rhododendron species", "gattungdeutsch": "Rhododendron", "strname": "Südfriedhof", "pflanzjahr": "NULL", "standalter": "NULL", "bezirk": "Probstheida", "standortnr": "168651", "wassermenge": 20, "wassersumme": 230, "anzahlg": 14 }, "geometry": { "type": "Point", "coordinates": [ 12.41252, 51.30734 ] } },
{ "type": "Feature", "properties": { "id": 6912193, "lat": 51.34632, "lng": 12.40736, "artdtsch": "Baumhasel", "artbot": "Corylus colurna", "gattungdeutsch": "Corylus", "strname": "Hildegardstraße", "pflanzjahr": "2012", "standalter": "14", "bezirk": "Volkmarsdorf", "standortnr": "5622", "wassermenge": 63, "wassersumme": 63, "anzahlg": 1 }, "geometry": { "type": "Point", "coordinates": [ 12.40736, 51.34632 ] } },
{ "type": "Feature", "properties": { "id": 6984683, "lat": 51.33187, "lng": 12.39437, "artdtsch": "Platane", "artbot": "Platanus x acerifolia", "gattungdeutsch": "Platanus", "strname": "Johannisallee", "pflanzjahr": "2025", "standalter": "1", "bezirk": "Zentrum-Südost", "standortnr": "22307", "wassermenge": 30, "wassersumme": 75, "anzahlg": 6 }, "geometry": { "type": "Point", "coordinates": [ 12.39437, 51.33187 ] } },
{ "type": "Feature", "properties": { "id": 6917268, "lat": 51.33106, "lng": 12.34411, "artdtsch": "Hänge-Silber-Linde", "artbot": "Tilia tomentosa 'Petiolaris'", "gattungdeutsch": "Tilia", "strname": "Forststraße", "pflanzjahr": "2018", "standalter": "8", "bezirk": "Plagwitz", "standortnr": "40346", "wassermenge": 20, "wassersumme": 20, "anzahlg": 1 }, "geometry": { "type": "Point", "coordinates": [ 12.34411, 51.33106 ] } },
{ "type": "Feature", "properties": { "id": 6990652, "lat": 51.31607, "lng": 12.40503, "artdtsch": "Berg-Ahorn 'Leopoldii'", "artbot": "Acer pseudoplatanus 'Leopoldii'", "gattungdeutsch": "Acer", "strname": "Wilhelm-Külz-Park", "pflanzjahr": "2026", "standalter": "0", "bezirk": "Probstheida", "standortnr": "G11459", "wassermenge": 10, "wassersumme": 10, "anzahlg": 1 }, "geometry": { "type": "Point", "coordinates": [ 12.40503, 51.31607 ] } },
{ "type": "Feature", "properties": { "id": 6889261, "lat": 51.31112, "lng": 12.40801, "artdtsch": "Rotdorn", "artbot": "Crataegus laevigata 'Paul's Scarlet'", "gattungdeutsch": "Crataegus", "strname": "Südfriedhof", "pflanzjahr": "2005", "standalter": "21", "bezirk": "Probstheida", "standortnr": "G43154", "wassermenge": 20, "wassersumme": 190, "anzahlg": 13 }, "geometry": { "type": "Point", "coordinates": [ 12.40801, 51.31112 ] } },
{ "type": "Feature", "properties": { "id": 6924599, "lat": 51.30717, "lng": 12.29456, "artdtsch": "Stadt-Linde", "artbot": "Tilia cordata 'Greenspire'", "gattungdeutsch": "Tilia", "strname": "Rapsweg", "pflanzjahr": "2022", "standalter": "4", "bezirk": "Großzschocher", "standortnr": "118826", "wassermenge": 130, "wassersumme": 420, "anzahlg": 4 }, "geometry": { "type": "Point", "coordinates": [ 12.29456, 51.30717 ] } },
{ "type": "Feature", "properties": { "id": 6919817, "lat": 51.31951, "lng": 12.37135, "artdtsch": "Blumen-Esche", "artbot": "Fraxinus ornus", "gattungdeutsch": "Fraxinus", "strname": "Kochstraße", "pflanzjahr": "2019", "standalter": "7", "bezirk": "Südvorstadt", "standortnr": "75689", "wassermenge": 62, "wassersumme": 750, "anzahlg": 24 }, "geometry": { "type": "Point", "coordinates": [ 12.37135, 51.31951 ] } },
{ "type": "Feature", "properties": { "id": 6926314, "lat": 51.35693, "lng": 12.2626, "artdtsch": "Purpur-Erle", "artbot": "Alnus x spaethii", "gattungdeutsch": "Alnus", "strname": "Arthur-Heidrich-Platz", "pflanzjahr": "2021", "standalter": "5", "bezirk": "Burghausen-Rückmarsdorf", "standortnr": "G39827", "wassermenge": 50, "wassersumme": 310, "anzahlg": 10 }, "geometry": { "type": "Point", "coordinates": [ 12.2626, 51.35693 ] } },
{ "type": "Feature", "properties": { "id": 6918249, "lat": 51.32704, "lng": 12.27416, "artdtsch": "Stiel-Eiche", "artbot": "Quercus robur", "gattungdeutsch": "Quercus", "strname": "Lyoner Straße", "pflanzjahr": "2019", "standalter": "7", "bezirk": "Schönau", "standortnr": "76318", "wassermenge": 100, "wassersumme": 500, "anzahlg": 5 }, "geometry": { "type": "Point", "coordinates": [ 12.27416, 51.32704 ] } },
{ "type": "Feature", "properties": { "id": 6907181, "lat": 51.3389, "lng": 12.39895, "artdtsch": "Rotdorn", "artbot": "Crataegus laevigata 'Paul's Scarlet'", "gattungdeutsch": "Crataegus", "strname": "Stephaniplatz", "pflanzjahr": "2013", "standalter": "13", "bezirk": "Reudnitz-Thonberg", "standortnr": "G1841", "wassermenge": 104, "wassersumme": 104, "anzahlg": 1 }, "geometry": { "type": "Point", "coordinates": [ 12.39895, 51.3389 ] } },
{ "type": "Feature", "properties": { "id": 6861254, "lat": 51.35688, "lng": 12.4727, "artdtsch": "Baumhasel", "artbot": "Corylus colurna", "gattungdeutsch": "Corylus", "strname": "Bisamstraße", "pflanzjahr": "1993", "standalter": "33", "bezirk": "Heiterblick", "standortnr": "50831", "wassermenge": 75, "wassersumme": 135, "anzahlg": 2 }, "geometry": { "type": "Point", "coordinates": [ 12.4727, 51.35688 ] } },
{ "type": "Feature", "properties": { "id": 6914278, "lat": 51.32899, "lng": 12.36299, "artdtsch": "Stiel-Eiche", "artbot": "Quercus robur", "gattungdeutsch": "Quercus", "strname": "Clara-Zetkin-Park (mit Scheibenholz)", "pflanzjahr": "2016", "standalter": "10", "bezirk": "Zentrum-Süd", "standortnr": "G1357", "wassermenge": 40, "wassersumme": 320, "anzahlg": 8 }, "geometry": { "type": "Point", "coordinates": [ 12.36299, 51.32899 ] } },
{ "type": "Feature", "properties": { "id": 6910091, "lat": 51.33048, "lng": 12.30512, "artdtsch": "Eingriffliger Weißdorn", "artbot": "Crataegus monogyna", "gattungdeutsch": "Crataegus", "strname": "Lindenauer Hafen", "pflanzjahr": "2014", "standalter": "12", "bezirk": "Schönau", "standortnr": "G20562", "wassermenge": 80, "wassersumme": 140, "anzahlg": 2 }, "geometry": { "type": "Point", "coordinates": [ 12.30512, 51.33048 ] } },
{ "type": "Feature", "properties": { "id": 6915596, "lat": 51.32036, "lng": 12.34197, "artdtsch": "Stadt-Linde", "artbot": "Tilia cordata 'Greenspire'", "gattungdeutsch": "Tilia", "strname": "Könneritzstraße", "pflanzjahr": "2016", "standalter": "10", "bezirk": "Schleußig", "standortnr": "39447", "wassermenge": 100, "wassersumme": 100, "anzahlg": 1 }, "geometry": { "type": "Point", "coordinates": [ 12.34197, 51.32036 ] } },
{ "type": "Feature", "properties": { "id": 6919458, "lat": 51.31677, "lng": 12.32561, "artdtsch": "Fächerblattbaum", "artbot": "Ginkgo biloba 'Princeton Sentry'", "gattungdeutsch": "Ginkgo", "strname": "Gießerstraße", "pflanzjahr": "2019", "standalter": "7", "bezirk": "Kleinzschocher", "standortnr": "76154", "wassermenge": 50, "wassersumme": 635, "anzahlg": 14 }, "geometry": { "type": "Point", "coordinates": [ 12.32561, 51.31677 ] } },
{ "type": "Feature", "properties": { "id": 6924613, "lat": 51.32427, "lng": 12.29371, "artdtsch": "Säulen-Tulpenbaum", "artbot": "Liriodendron tulipifera 'Fastigiatum'", "gattungdeutsch": "Liriodendron", "strname": "Weißdornstraße", "pflanzjahr": "2021", "standalter": "5", "bezirk": "Grünau-Ost", "standortnr": "85561", "wassermenge": 150, "wassersumme": 150, "anzahlg": 1 }, "geometry": { "type": "Point", "coordinates": [ 12.29371, 51.32427 ] } },
{ "type": "Feature", "properties": { "id": 6911495, "lat": 51.33379, "lng": 12.40235, "artdtsch": "Rot-Eiche", "artbot": "Quercus rubra", "gattungdeutsch": "Quercus", "strname": "Lene-Voigt-Park", "pflanzjahr": "2014", "standalter": "12", "bezirk": "Reudnitz-Thonberg", "standortnr": "G6826", "wassermenge": 15, "wassersumme": 434, "anzahlg": 51 }, "geometry": { "type": "Point", "coordinates": [ 12.40235, 51.33379 ] } },
{ "type": "Feature", "properties": { "id": 6916139, "lat": 51.32196, "lng": 12.32116, "artdtsch": "Kultur-Birne 'Petersbirne'", "artbot": "Pyrus communis 'Petersbirne'", "gattungdeutsch": "Pyrus", "strname": "Gleis-Grün-Zug Bahnhof Plagwitz", "pflanzjahr": "2016", "standalter": "10", "bezirk": "Plagwitz", "standortnr": "G42199", "wassermenge": 100, "wassersumme": 466, "anzahlg": 6 }, "geometry": { "type": "Point", "coordinates": [ 12.32116, 51.32196 ] } },
{ "type": "Feature", "properties": { "id": 6919780, "lat": 51.3219, "lng": 12.36579, "artdtsch": "Woll-Apfel", "artbot": "Malus tschonoskii", "gattungdeutsch": "Malus", "strname": "Fockestraße", "pflanzjahr": "2019", "standalter": "7", "bezirk": "Südvorstadt", "standortnr": "41504", "wassermenge": 10, "wassersumme": 20, "anzahlg": 2 }, "geometry": { "type": "Point", "coordinates": [ 12.36579, 51.3219 ] } },
{ "type": "Feature", "properties": { "id": 6934315, "lat": 51.33966, "lng": 12.31865, "artdtsch": "Ungarische Silber-Linde", "artbot": "Tilia tomentosa 'Szeleste'", "gattungdeutsch": "Tilia", "strname": "Merseburger Straße", "pflanzjahr": "2026", "standalter": "0", "bezirk": "Altlindenau", "standortnr": "43753", "wassermenge": 40, "wassersumme": 40, "anzahlg": 1 }, "geometry": { "type": "Point", "coordinates": [ 12.31865, 51.33966 ] } },
{ "type": "Feature", "properties": { "id": 6907322, "lat": 51.3304, "lng": 12.30525, "artdtsch": "Vogel-Kirsche", "artbot": "Prunus avium", "gattungdeutsch": "Prunus", "strname": "Lindenauer Hafen", "pflanzjahr": "2014", "standalter": "12", "bezirk": "Schönau", "standortnr": "G20561", "wassermenge": 90, "wassersumme": 290, "anzahlg": 4 }, "geometry": { "type": "Point", "coordinates": [ 12.30525, 51.3304 ] } },
{ "type": "Feature", "properties": { "id": 6916145, "lat": 51.32273, "lng": 12.3211, "artdtsch": "Haus-Apfel 'Rote Sternrenette'", "artbot": "Malus domestica 'Rote Sternrenette'", "gattungdeutsch": "Malus", "strname": "Gleis-Grün-Zug Bahnhof Plagwitz", "pflanzjahr": "2016", "standalter": "10", "bezirk": "Plagwitz", "standortnr": "G42213", "wassermenge": 100, "wassersumme": 346, "anzahlg": 5 }, "geometry": { "type": "Point", "coordinates": [ 12.3211, 51.32273 ] } },
{ "type": "Feature", "properties": { "id": 6914652, "lat": 51.33582, "lng": 12.36209, "artdtsch": "Holländische Linde", "artbot": "Tilia x vulgaris", "gattungdeutsch": "Tilia", "strname": "Johannapark", "pflanzjahr": "2016", "standalter": "10", "bezirk": "Zentrum-West", "standortnr": "37766", "wassermenge": 70, "wassersumme": 100, "anzahlg": 2 }, "geometry": { "type": "Point", "coordinates": [ 12.36209, 51.33582 ] } },
{ "type": "Feature", "properties": { "id": 6918262, "lat": 51.32721, "lng": 12.27637, "artdtsch": "Stiel-Eiche", "artbot": "Quercus robur", "gattungdeutsch": "Quercus", "strname": "Lyoner Straße", "pflanzjahr": "2019", "standalter": "7", "bezirk": "Schönau", "standortnr": "76331", "wassermenge": 100, "wassersumme": 400, "anzahlg": 4 }, "geometry": { "type": "Point", "coordinates": [ 12.27637, 51.32721 ] } },
{ "type": "Feature", "properties": { "id": 6912526, "lat": 51.34175, "lng": 12.35787, "artdtsch": "Stadt-Linde", "artbot": "Tilia cordata 'Greenspire'", "gattungdeutsch": "Tilia", "strname": "Jahnallee", "pflanzjahr": "2015", "standalter": "11", "bezirk": "Zentrum-West", "standortnr": "35890", "wassermenge": 16, "wassersumme": 184, "anzahlg": 20 }, "geometry": { "type": "Point", "coordinates": [ 12.35787, 51.34175 ] } },
{ "type": "Feature", "properties": { "id": 6909883, "lat": 51.32581, "lng": 12.27614, "artdtsch": "Nelken-Kirsche", "artbot": "Prunus serrulata 'Kanzan'", "gattungdeutsch": "Prunus", "strname": "Mühlhäuser Ring", "pflanzjahr": "2014", "standalter": "12", "bezirk": "Schönau", "standortnr": "74227", "wassermenge": 80, "wassersumme": 440, "anzahlg": 7 }, "geometry": { "type": "Point", "coordinates": [ 12.27614, 51.32581 ] } },
{ "type": "Feature", "properties": { "id": 6911216, "lat": 51.3706, "lng": 12.40866, "artdtsch": "Kaiser-Linde", "artbot": "Tilia x vulgaris 'Pallida'", "gattungdeutsch": "Tilia", "strname": "Gontardweg", "pflanzjahr": "2013", "standalter": "13", "bezirk": "Mockau-Süd", "standortnr": "2110", "wassermenge": 100, "wassersumme": 511, "anzahlg": 20 }, "geometry": { "type": "Point", "coordinates": [ 12.40866, 51.3706 ] } },
{ "type": "Feature", "properties": { "id": 6916591, "lat": 51.31279, "lng": 12.28794, "artdtsch": "Platane", "artbot": "Platanus x acerifolia", "gattungdeutsch": "Platanus", "strname": "Ratzelstraße", "pflanzjahr": "2019", "standalter": "7", "bezirk": "Grünau-Siedlung", "standortnr": "76229", "wassermenge": 100, "wassersumme": 100, "anzahlg": 1 }, "geometry": { "type": "Point", "coordinates": [ 12.28794, 51.31279 ] } },
{ "type": "Feature", "properties": { "id": 6916210, "lat": 51.34454, "lng": 12.31852, "artdtsch": "Walnuss", "artbot": "Juglans regia", "gattungdeutsch": "Juglans", "strname": "Spielplatz zwischen Georg-Schwarz-Straße und Pufendorfstraße (B-Plan 69.3 \"Rosenmüllerstraße\")", "pflanzjahr": "2017", "standalter": "9", "bezirk": "Leutzsch", "standortnr": "G43657", "wassermenge": 80, "wassersumme": 340, "anzahlg": 6 }, "geometry": { "type": "Point", "coordinates": [ 12.31852, 51.34454 ] } },
{ "type": "Feature", "properties": { "id": 6923700, "lat": 51.34411, "lng": 12.32508, "artdtsch": "Säulen-Eiche 'Fastigiata Koster'", "artbot": "Quercus robur 'Fastigiata Koster'", "gattungdeutsch": "Quercus", "strname": "Paul-Küstner-Straße", "pflanzjahr": "2024", "standalter": "2", "bezirk": "Altlindenau", "standortnr": "133933", "wassermenge": 75, "wassersumme": 290, "anzahlg": 5 }, "geometry": { "type": "Point", "coordinates": [ 12.32508, 51.34411 ] } },
{ "type": "Feature", "properties": { "id": 6907759, "lat": 51.32915, "lng": 12.30826, "artdtsch": "Schwedische Mehlbeere", "artbot": "Sorbus intermedia", "gattungdeutsch": "Sorbus", "strname": "Lindenauer Hafen", "pflanzjahr": "2015", "standalter": "11", "bezirk": "Schönau", "standortnr": "G20512", "wassermenge": 80, "wassersumme": 460, "anzahlg": 8 }, "geometry": { "type": "Point", "coordinates": [ 12.30826, 51.32915 ] } },
{ "type": "Feature", "properties": { "id": 6915627, "lat": 51.3251, "lng": 12.34428, "artdtsch": "Stadt-Linde", "artbot": "Tilia cordata 'Greenspire'", "gattungdeutsch": "Tilia", "strname": "Könneritzstraße", "pflanzjahr": "2016", "standalter": "10", "bezirk": "Schleußig", "standortnr": "39518", "wassermenge": 80, "wassersumme": 80, "anzahlg": 1 }, "geometry": { "type": "Point", "coordinates": [ 12.34428, 51.3251 ] } },
{ "type": "Feature", "properties": { "id": 6915493, "lat": 51.32282, "lng": 12.33891, "artdtsch": "Kegel-Linde", "artbot": "Tilia flavescens 'Glenleven'", "gattungdeutsch": "Tilia", "strname": "Holbeinstraße", "pflanzjahr": "2017", "standalter": "9", "bezirk": "Schleußig", "standortnr": "40510", "wassermenge": 110, "wassersumme": 110, "anzahlg": 1 }, "geometry": { "type": "Point", "coordinates": [ 12.33891, 51.32282 ] } },
{ "type": "Feature", "properties": { "id": 6977105, "lat": 51.32213, "lng": 12.32093, "artdtsch": "Haus-Apfel 'Weißer Winter-Calville'", "artbot": "Malus domestica 'Weißer Winter-Calville'", "gattungdeutsch": "Malus", "strname": "Gleis-Grün-Zug Bahnhof Plagwitz", "pflanzjahr": "2025", "standalter": "1", "bezirk": "Plagwitz", "standortnr": "G42203", "wassermenge": 55, "wassersumme": 55, "anzahlg": 1 }, "geometry": { "type": "Point", "coordinates": [ 12.32093, 51.32213 ] } },
{ "type": "Feature", "properties": { "id": 6902611, "lat": 51.347, "lng": 12.39753, "artdtsch": "Zierkirsche", "artbot": "Prunus x schmittii", "gattungdeutsch": "Prunus", "strname": "Bussestraße", "pflanzjahr": "2008", "standalter": "18", "bezirk": "Neustadt-Neuschönefeld", "standortnr": "9563", "wassermenge": 10, "wassersumme": 10, "anzahlg": 1 }, "geometry": { "type": "Point", "coordinates": [ 12.39753, 51.347 ] } },
{ "type": "Feature", "properties": { "id": 6915683, "lat": 51.32002, "lng": 12.33838, "artdtsch": "Stadt-Linde", "artbot": "Tilia cordata 'Greenspire'", "gattungdeutsch": "Tilia", "strname": "Oeserstraße", "pflanzjahr": "2020", "standalter": "6", "bezirk": "Schleußig", "standortnr": "40674", "wassermenge": 100, "wassersumme": 100, "anzahlg": 1 }, "geometry": { "type": "Point", "coordinates": [ 12.33838, 51.32002 ] } },
{ "type": "Feature", "properties": { "id": 6920148, "lat": 51.36307, "lng": 12.37687, "artdtsch": "Feld-Ahorn ''Huibers Elegant'", "artbot": "Acer campestre 'Huibers Elegant'", "gattungdeutsch": "Acer", "strname": "Wilhelm-Sammet-Straße", "pflanzjahr": "2020", "standalter": "6", "bezirk": "Gohlis-Mitte", "standortnr": "75904", "wassermenge": 5, "wassersumme": 13, "anzahlg": 3 }, "geometry": { "type": "Point", "coordinates": [ 12.37687, 51.36307 ] } },
{ "type": "Feature", "properties": { "id": 6924616, "lat": 51.32404, "lng": 12.29382, "artdtsch": "Säulen-Tulpenbaum", "artbot": "Liriodendron tulipifera 'Fastigiatum'", "gattungdeutsch": "Liriodendron", "strname": "Weißdornstraße", "pflanzjahr": "2021", "standalter": "5", "bezirk": "Grünau-Ost", "standortnr": "85564", "wassermenge": 100, "wassersumme": 100, "anzahlg": 1 }, "geometry": { "type": "Point", "coordinates": [ 12.29382, 51.32404 ] } },
{ "type": "Feature", "properties": { "id": 6921825, "lat": 51.33235, "lng": 12.35324, "artdtsch": "Holländische Linde", "artbot": "Tilia x vulgaris", "gattungdeutsch": "Tilia", "strname": "Clara-Zetkin-Park (mit Scheibenholz)", "pflanzjahr": "2022", "standalter": "4", "bezirk": "Zentrum-West", "standortnr": "37504", "wassermenge": 2, "wassersumme": 2, "anzahlg": 1 }, "geometry": { "type": "Point", "coordinates": [ 12.35324, 51.33235 ] } },
{ "type": "Feature", "properties": { "id": 6906493, "lat": 51.32918, "lng": 12.30832, "artdtsch": "Schwedische Mehlbeere", "artbot": "Sorbus intermedia", "gattungdeutsch": "Sorbus", "strname": "Lindenauer Hafen", "pflanzjahr": "2015", "standalter": "11", "bezirk": "Schönau", "standortnr": "G20509", "wassermenge": 80, "wassersumme": 540, "anzahlg": 10 }, "geometry": { "type": "Point", "coordinates": [ 12.30832, 51.32918 ] } },
{ "type": "Feature", "properties": { "id": 6891022, "lat": 51.33372, "lng": 12.39709, "artdtsch": "Gefülltblühende Rosskastanie", "artbot": "Aesculus hippocastanum 'Baumannii'", "gattungdeutsch": "Aesculus", "strname": "Johannisallee", "pflanzjahr": "2003", "standalter": "23", "bezirk": "Reudnitz-Thonberg", "standortnr": "22376", "wassermenge": 40, "wassersumme": 40, "anzahlg": 1 }, "geometry": { "type": "Point", "coordinates": [ 12.39709, 51.33372 ] } },
{ "type": "Feature", "properties": { "id": 6912765, "lat": 51.30348, "lng": 12.39362, "artdtsch": "Baumhasel", "artbot": "Corylus colurna", "gattungdeutsch": "Corylus", "strname": "Probstheidaer Straße", "pflanzjahr": "2011", "standalter": "15", "bezirk": "Marienbrunn", "standortnr": "32894", "wassermenge": 20, "wassersumme": 20, "anzahlg": 1 }, "geometry": { "type": "Point", "coordinates": [ 12.39362, 51.30348 ] } },
{ "type": "Feature", "properties": { "id": 6922632, "lat": 51.34445, "lng": 12.32449, "artdtsch": "Säulen-Eiche 'Fastigiata Koster'", "artbot": "Quercus robur 'Fastigiata Koster'", "gattungdeutsch": "Quercus", "strname": "Paul-Küstner-Straße", "pflanzjahr": "2024", "standalter": "2", "bezirk": "Altlindenau", "standortnr": "133936", "wassermenge": 50, "wassersumme": 100, "anzahlg": 3 }, "geometry": { "type": "Point", "coordinates": [ 12.32449, 51.34445 ] } },
{ "type": "Feature", "properties": { "id": 6907753, "lat": 51.3293, "lng": 12.30833, "artdtsch": "Schwedische Mehlbeere", "artbot": "Sorbus intermedia", "gattungdeutsch": "Sorbus", "strname": "Lindenauer Hafen", "pflanzjahr": "2015", "standalter": "11", "bezirk": "Schönau", "standortnr": "G20495", "wassermenge": 80, "wassersumme": 460, "anzahlg": 8 }, "geometry": { "type": "Point", "coordinates": [ 12.30833, 51.3293 ] } },
{ "type": "Feature", "properties": { "id": 6907326, "lat": 51.33058, "lng": 12.30495, "artdtsch": "Vogel-Kirsche", "artbot": "Prunus avium", "gattungdeutsch": "Prunus", "strname": "Lindenauer Hafen", "pflanzjahr": "2014", "standalter": "12", "bezirk": "Schönau", "standortnr": "G20567", "wassermenge": 80, "wassersumme": 140, "anzahlg": 2 }, "geometry": { "type": "Point", "coordinates": [ 12.30495, 51.33058 ] } },
{ "type": "Feature", "properties": { "id": 6907316, "lat": 51.33008, "lng": 12.3058, "artdtsch": "Vogel-Kirsche", "artbot": "Prunus avium", "gattungdeutsch": "Prunus", "strname": "Lindenauer Hafen", "pflanzjahr": "2014", "standalter": "12", "bezirk": "Schönau", "standortnr": "G20546", "wassermenge": 80, "wassersumme": 340, "anzahlg": 5 }, "geometry": { "type": "Point", "coordinates": [ 12.3058, 51.33008 ] } },
{ "type": "Feature", "properties": { "id": 6963349, "lat": 51.35653, "lng": 12.45602, "artdtsch": "Baumhasel", "artbot": "Corylus colurna", "gattungdeutsch": "Corylus", "strname": "Goldsternstraße 023, 025 und Hainbuchenstraße 013 (011297)", "pflanzjahr": "NULL", "standalter": "NULL", "bezirk": "Paunsdorf", "standortnr": "115074", "wassermenge": 21, "wassersumme": 21, "anzahlg": 1 }, "geometry": { "type": "Point", "coordinates": [ 12.45602, 51.35653 ] } },
{ "type": "Feature", "properties": { "id": 6907321, "lat": 51.33045, "lng": 12.30531, "artdtsch": "Winter-Linde", "artbot": "Tilia cordata", "gattungdeutsch": "Tilia", "strname": "Lindenauer Hafen", "pflanzjahr": "2014", "standalter": "12", "bezirk": "Schönau", "standortnr": "G20560", "wassermenge": 13, "wassersumme": 26, "anzahlg": 2 }, "geometry": { "type": "Point", "coordinates": [ 12.30531, 51.33045 ] } },
{ "type": "Feature", "properties": { "id": 6879023, "lat": 51.33606, "lng": 12.40605, "artdtsch": "Säulen-Ahorn", "artbot": "Acer platanoides 'Columnare'", "gattungdeutsch": "Acer", "strname": "Kippenbergstraße", "pflanzjahr": "2000", "standalter": "26", "bezirk": "Reudnitz-Thonberg", "standortnr": "21960", "wassermenge": 10, "wassersumme": 10, "anzahlg": 1 }, "geometry": { "type": "Point", "coordinates": [ 12.40605, 51.33606 ] } },
{ "type": "Feature", "properties": { "id": 6920782, "lat": 51.35322, "lng": 12.36806, "artdtsch": "Feld-Ahorn", "artbot": "Acer campestre", "gattungdeutsch": "Acer", "strname": "Kickerlingsberg/Springerstraße", "pflanzjahr": "2022", "standalter": "4", "bezirk": "Zentrum-Nordwest", "standortnr": "G2019", "wassermenge": 10, "wassersumme": 10, "anzahlg": 1 }, "geometry": { "type": "Point", "coordinates": [ 12.36806, 51.35322 ] } },
{ "type": "Feature", "properties": { "id": 6910079, "lat": 51.32967, "lng": 12.3065, "artdtsch": "Eingriffliger Weißdorn", "artbot": "Crataegus monogyna", "gattungdeutsch": "Crataegus", "strname": "Lindenauer Hafen", "pflanzjahr": "2014", "standalter": "12", "bezirk": "Schönau", "standortnr": "G20537", "wassermenge": 80, "wassersumme": 320, "anzahlg": 5 }, "geometry": { "type": "Point", "coordinates": [ 12.3065, 51.32967 ] } },
{ "type": "Feature", "properties": { "id": 6919668, "lat": 51.32266, "lng": 12.32135, "artdtsch": "Walnuss", "artbot": "Juglans regia", "gattungdeutsch": "Juglans", "strname": "Gleis-Grün-Zug Bahnhof Plagwitz", "pflanzjahr": "2016", "standalter": "10", "bezirk": "Plagwitz", "standortnr": "G42211", "wassermenge": 100, "wassersumme": 296, "anzahlg": 5 }, "geometry": { "type": "Point", "coordinates": [ 12.32135, 51.32266 ] } },
{ "type": "Feature", "properties": { "id": 6966225, "lat": 51.30732, "lng": 12.41249, "artdtsch": "Schwarz-Kiefer", "artbot": "Pinus nigra", "gattungdeutsch": "Pinus", "strname": "Südfriedhof", "pflanzjahr": "NULL", "standalter": "NULL", "bezirk": "Probstheida", "standortnr": "139010", "wassermenge": 10, "wassersumme": 120, "anzahlg": 12 }, "geometry": { "type": "Point", "coordinates": [ 12.41249, 51.30732 ] } },
{ "type": "Feature", "properties": { "id": 6915495, "lat": 51.3226, "lng": 12.33883, "artdtsch": "Kegel-Linde", "artbot": "Tilia flavescens 'Glenleven'", "gattungdeutsch": "Tilia", "strname": "Holbeinstraße", "pflanzjahr": "2017", "standalter": "9", "bezirk": "Schleußig", "standortnr": "40513", "wassermenge": 40, "wassersumme": 100, "anzahlg": 3 }, "geometry": { "type": "Point", "coordinates": [ 12.33883, 51.3226 ] } },
{ "type": "Feature", "properties": { "id": 6883644, "lat": 51.33484, "lng": 12.35714, "artdtsch": "Chinesische Wildbirne 'Chanticleer'", "artbot": "Pyrus calleryana 'Chanticleer'", "gattungdeutsch": "Pyrus", "strname": "Sebastian-Bach-Straße", "pflanzjahr": "1998", "standalter": "28", "bezirk": "Zentrum-West", "standortnr": "38611", "wassermenge": 40, "wassersumme": 220, "anzahlg": 6 }, "geometry": { "type": "Point", "coordinates": [ 12.35714, 51.33484 ] } },
{ "type": "Feature", "properties": { "id": 6911099, "lat": 51.34839, "lng": 12.40147, "artdtsch": "Stadt-Linde", "artbot": "Tilia cordata 'Greenspire'", "gattungdeutsch": "Tilia", "strname": "Schulze-Delitzsch-Straße", "pflanzjahr": "2014", "standalter": "12", "bezirk": "Neustadt-Neuschönefeld", "standortnr": "8060", "wassermenge": 70, "wassersumme": 300, "anzahlg": 8 }, "geometry": { "type": "Point", "coordinates": [ 12.40147, 51.34839 ] } },
{ "type": "Feature", "properties": { "id": 6925185, "lat": 51.32391, "lng": 12.2924, "artdtsch": "Ess-Kastanie", "artbot": "Castanea sativa", "gattungdeutsch": "Castanea", "strname": "Parkplatz 6104", "pflanzjahr": "2021", "standalter": "5", "bezirk": "Grünau-Ost", "standortnr": "53307", "wassermenge": 150, "wassersumme": 150, "anzahlg": 1 }, "geometry": { "type": "Point", "coordinates": [ 12.2924, 51.32391 ] } },
{ "type": "Feature", "properties": { "id": 6916215, "lat": 51.3448, "lng": 12.31834, "artdtsch": "Sand-Birke", "artbot": "Betula pendula", "gattungdeutsch": "Betula", "strname": "Spielplatz zwischen Georg-Schwarz-Straße und Pufendorfstraße (B-Plan 69.3 \"Rosenmüllerstraße\")", "pflanzjahr": "2017", "standalter": "9", "bezirk": "Leutzsch", "standortnr": "G43665", "wassermenge": 40, "wassersumme": 40, "anzahlg": 1 }, "geometry": { "type": "Point", "coordinates": [ 12.31834, 51.3448 ] } },
{ "type": "Feature", "properties": { "id": 6985179, "lat": 51.30734, "lng": 12.4125, "artdtsch": "Rhododendron", "artbot": "Rhododendron species", "gattungdeutsch": "Rhododendron", "strname": "Südfriedhof", "pflanzjahr": "NULL", "standalter": "NULL", "bezirk": "Probstheida", "standortnr": "168650", "wassermenge": 20, "wassersumme": 40, "anzahlg": 2 }, "geometry": { "type": "Point", "coordinates": [ 12.4125, 51.30734 ] } },
{ "type": "Feature", "properties": { "id": 6889467, "lat": 51.31408, "lng": 12.42189, "artdtsch": "Kaiser-Linde", "artbot": "Tilia x vulgaris 'Pallida'", "gattungdeutsch": "Tilia", "strname": "Naunhofer Straße", "pflanzjahr": "2005", "standalter": "21", "bezirk": "Stötteritz", "standortnr": "24429", "wassermenge": 30, "wassersumme": 50, "anzahlg": 3 }, "geometry": { "type": "Point", "coordinates": [ 12.42189, 51.31408 ] } },
{ "type": "Feature", "properties": { "id": 6918926, "lat": 51.31394, "lng": 12.42227, "artdtsch": "Stadt-Linde", "artbot": "Tilia cordata 'Greenspire'", "gattungdeutsch": "Tilia", "strname": "Kommandant-Prendel-Allee", "pflanzjahr": "2016", "standalter": "10", "bezirk": "Stötteritz", "standortnr": "26003", "wassermenge": 30, "wassersumme": 30, "anzahlg": 1 }, "geometry": { "type": "Point", "coordinates": [ 12.42227, 51.31394 ] } },
{ "type": "Feature", "properties": { "id": 6916594, "lat": 51.31196, "lng": 12.28375, "artdtsch": "Platane", "artbot": "Platanus x acerifolia", "gattungdeutsch": "Platanus", "strname": "Ratzelstraße", "pflanzjahr": "2019", "standalter": "7", "bezirk": "Grünau-Siedlung", "standortnr": "76232", "wassermenge": 150, "wassersumme": 650, "anzahlg": 6 }, "geometry": { "type": "Point", "coordinates": [ 12.28375, 51.31196 ] } },
{ "type": "Feature", "properties": { "id": 6910105, "lat": 51.33025, "lng": 12.30464, "artdtsch": "Trauben-Kirsche", "artbot": "Prunus padus", "gattungdeutsch": "Prunus", "strname": "Lindenauer Hafen", "pflanzjahr": "2014", "standalter": "12", "bezirk": "Schönau", "standortnr": "G20620", "wassermenge": 13, "wassersumme": 26, "anzahlg": 2 }, "geometry": { "type": "Point", "coordinates": [ 12.30464, 51.33025 ] } },
{ "type": "Feature", "properties": { "id": 6915133, "lat": 51.38875, "lng": 12.32506, "artdtsch": "Zierkirsche", "artbot": "Prunus x schmittii", "gattungdeutsch": "Prunus", "strname": "Sandweg", "pflanzjahr": "2020", "standalter": "6", "bezirk": "Lindenthal", "standortnr": "62134", "wassermenge": 150, "wassersumme": 150, "anzahlg": 1 }, "geometry": { "type": "Point", "coordinates": [ 12.32506, 51.38875 ] } },
{ "type": "Feature", "properties": { "id": 6918250, "lat": 51.32705, "lng": 12.27434, "artdtsch": "Stiel-Eiche", "artbot": "Quercus robur", "gattungdeutsch": "Quercus", "strname": "Lyoner Straße", "pflanzjahr": "2019", "standalter": "7", "bezirk": "Schönau", "standortnr": "76319", "wassermenge": 100, "wassersumme": 500, "anzahlg": 5 }, "geometry": { "type": "Point", "coordinates": [ 12.27434, 51.32705 ] } },
{ "type": "Feature", "properties": { "id": 6922629, "lat": 51.34394, "lng": 12.32537, "artdtsch": "Säulen-Eiche 'Fastigiata Koster'", "artbot": "Quercus robur 'Fastigiata Koster'", "gattungdeutsch": "Quercus", "strname": "Paul-Küstner-Straße", "pflanzjahr": "2024", "standalter": "2", "bezirk": "Altlindenau", "standortnr": "133932", "wassermenge": 75, "wassersumme": 290, "anzahlg": 5 }, "geometry": { "type": "Point", "coordinates": [ 12.32537, 51.34394 ] } },
{ "type": "Feature", "properties": { "id": 6907756, "lat": 51.32917, "lng": 12.30868, "artdtsch": "Schwedische Mehlbeere", "artbot": "Sorbus intermedia", "gattungdeutsch": "Sorbus", "strname": "Lindenauer Hafen", "pflanzjahr": "2015", "standalter": "11", "bezirk": "Schönau", "standortnr": "G20501", "wassermenge": 80, "wassersumme": 500, "anzahlg": 8 }, "geometry": { "type": "Point", "coordinates": [ 12.30868, 51.32917 ] } },
{ "type": "Feature", "properties": { "id": 6918945, "lat": 51.34738, "lng": 12.39781, "artdtsch": "Säulen-Hainbuche 'Frans Fontaine'", "artbot": "Carpinus betulus 'Frans Fontaine'", "gattungdeutsch": "Carpinus", "strname": "Mariannenstraße", "pflanzjahr": "2020", "standalter": "6", "bezirk": "Neustadt-Neuschönefeld", "standortnr": "8211", "wassermenge": 70, "wassersumme": 120, "anzahlg": 6 }, "geometry": { "type": "Point", "coordinates": [ 12.39781, 51.34738 ] } },
{ "type": "Feature", "properties": { "id": 6906482, "lat": 51.32937, "lng": 12.30844, "artdtsch": "Schwedische Mehlbeere", "artbot": "Sorbus intermedia", "gattungdeutsch": "Sorbus", "strname": "Lindenauer Hafen", "pflanzjahr": "2015", "standalter": "11", "bezirk": "Schönau", "standortnr": "G20493", "wassermenge": 80, "wassersumme": 460, "anzahlg": 8 }, "geometry": { "type": "Point", "coordinates": [ 12.30844, 51.32937 ] } },
{ "type": "Feature", "properties": { "id": 6922888, "lat": 51.32106, "lng": 12.27647, "artdtsch": "Zerr-Eiche", "artbot": "Quercus cerris", "gattungdeutsch": "Quercus", "strname": "Kiewer Straße", "pflanzjahr": "2021", "standalter": "5", "bezirk": "Grünau-Nord", "standortnr": "47485", "wassermenge": 150, "wassersumme": 450, "anzahlg": 3 }, "geometry": { "type": "Point", "coordinates": [ 12.27647, 51.32106 ] } },
{ "type": "Feature", "properties": { "id": 6865210, "lat": 51.32977, "lng": 12.40483, "artdtsch": "Kegelförmiger Spitz-Ahorn", "artbot": "Acer platanoides 'Emerald Queen'", "gattungdeutsch": "Acer", "strname": "Riebeckstraße", "pflanzjahr": "1996", "standalter": "30", "bezirk": "Reudnitz-Thonberg", "standortnr": "22052", "wassermenge": 30, "wassersumme": 98, "anzahlg": 4 }, "geometry": { "type": "Point", "coordinates": [ 12.40483, 51.32977 ] } },
{ "type": "Feature", "properties": { "id": 6909137, "lat": 51.33442, "lng": 12.32864, "artdtsch": "Kugel-Spitz-Ahorn", "artbot": "Acer platanoides 'Globosum'", "gattungdeutsch": "Acer", "strname": "Henriettenpark", "pflanzjahr": "2015", "standalter": "11", "bezirk": "Lindenau", "standortnr": "G1318", "wassermenge": 50, "wassersumme": 80, "anzahlg": 2 }, "geometry": { "type": "Point", "coordinates": [ 12.32864, 51.33442 ] } },
{ "type": "Feature", "properties": { "id": 6890186, "lat": 51.38868, "lng": 12.32503, "artdtsch": "Zierkirsche", "artbot": "Prunus x schmittii", "gattungdeutsch": "Prunus", "strname": "Sandweg", "pflanzjahr": "2003", "standalter": "23", "bezirk": "Lindenthal", "standortnr": "62135", "wassermenge": 150, "wassersumme": 150, "anzahlg": 1 }, "geometry": { "type": "Point", "coordinates": [ 12.32503, 51.38868 ] } },
{ "type": "Feature", "properties": { "id": 6915700, "lat": 51.34388, "lng": 12.36772, "artdtsch": "Stadt-Linde", "artbot": "Tilia cordata 'Greenspire'", "gattungdeutsch": "Tilia", "strname": "Ranstädter Steinweg", "pflanzjahr": "2020", "standalter": "6", "bezirk": "Zentrum-Nordwest", "standortnr": "445", "wassermenge": 100, "wassersumme": 100, "anzahlg": 1 }, "geometry": { "type": "Point", "coordinates": [ 12.36772, 51.34388 ] } },
{ "type": "Feature", "properties": { "id": 6919497, "lat": 51.33596, "lng": 12.36123, "artdtsch": "Stadt-Linde", "artbot": "Tilia cordata 'Greenspire'", "gattungdeutsch": "Tilia", "strname": "Hillerstraße", "pflanzjahr": "2018", "standalter": "8", "bezirk": "Zentrum-West", "standortnr": "75684", "wassermenge": 100, "wassersumme": 270, "anzahlg": 3 }, "geometry": { "type": "Point", "coordinates": [ 12.36123, 51.33596 ] } },
{ "type": "Feature", "properties": { "id": 6925962, "lat": 51.32122, "lng": 12.27636, "artdtsch": "Zerr-Eiche", "artbot": "Quercus cerris", "gattungdeutsch": "Quercus", "strname": "Kiewer Straße", "pflanzjahr": "2021", "standalter": "5", "bezirk": "Grünau-Nord", "standortnr": "47487", "wassermenge": 150, "wassersumme": 450, "anzahlg": 3 }, "geometry": { "type": "Point", "coordinates": [ 12.27636, 51.32122 ] } },
{ "type": "Feature", "properties": { "id": 6918358, "lat": 51.35962, "lng": 12.41348, "artdtsch": "Stadt-Linde", "artbot": "Tilia cordata 'Greenspire'", "gattungdeutsch": "Tilia", "strname": "Leostraße", "pflanzjahr": "2019", "standalter": "7", "bezirk": "Schönefeld-Abtnaundorf", "standortnr": "10129", "wassermenge": 60, "wassersumme": 60, "anzahlg": 1 }, "geometry": { "type": "Point", "coordinates": [ 12.41348, 51.35962 ] } },
{ "type": "Feature", "properties": { "id": 6916146, "lat": 51.32279, "lng": 12.32112, "artdtsch": "Haus-Apfel 'Cox Orange'", "artbot": "Malus domestica 'Cox Orange'", "gattungdeutsch": "Malus", "strname": "Gleis-Grün-Zug Bahnhof Plagwitz", "pflanzjahr": "2016", "standalter": "10", "bezirk": "Plagwitz", "standortnr": "G42214", "wassermenge": 100, "wassersumme": 346, "anzahlg": 5 }, "geometry": { "type": "Point", "coordinates": [ 12.32112, 51.32279 ] } },
{ "type": "Feature", "properties": { "id": 6915488, "lat": 51.32051, "lng": 12.33815, "artdtsch": "Kegel-Linde", "artbot": "Tilia flavescens 'Glenleven'", "gattungdeutsch": "Tilia", "strname": "Holbeinstraße", "pflanzjahr": "2017", "standalter": "9", "bezirk": "Schleußig", "standortnr": "40479", "wassermenge": 70, "wassersumme": 100, "anzahlg": 2 }, "geometry": { "type": "Point", "coordinates": [ 12.33815, 51.32051 ] } },
{ "type": "Feature", "properties": { "id": 6920144, "lat": 51.36255, "lng": 12.37803, "artdtsch": "Feld-Ahorn ''Huibers Elegant'", "artbot": "Acer campestre 'Huibers Elegant'", "gattungdeutsch": "Acer", "strname": "Wilhelm-Sammet-Straße", "pflanzjahr": "2020", "standalter": "6", "bezirk": "Gohlis-Mitte", "standortnr": "58648", "wassermenge": 10, "wassersumme": 10, "anzahlg": 1 }, "geometry": { "type": "Point", "coordinates": [ 12.37803, 51.36255 ] } },
{ "type": "Feature", "properties": { "id": 6921346, "lat": 51.3241, "lng": 12.29349, "artdtsch": "Ess-Kastanie", "artbot": "Castanea sativa", "gattungdeutsch": "Castanea", "strname": "Parkplatz 6104", "pflanzjahr": "2021", "standalter": "5", "bezirk": "Grünau-Ost", "standortnr": "53310", "wassermenge": 150, "wassersumme": 150, "anzahlg": 1 }, "geometry": { "type": "Point", "coordinates": [ 12.29349, 51.3241 ] } },
{ "type": "Feature", "properties": { "id": 6922886, "lat": 51.32038, "lng": 12.27689, "artdtsch": "Zerr-Eiche", "artbot": "Quercus cerris", "gattungdeutsch": "Quercus", "strname": "Kiewer Straße", "pflanzjahr": "2021", "standalter": "5", "bezirk": "Grünau-Nord", "standortnr": "47459", "wassermenge": 150, "wassersumme": 450, "anzahlg": 3 }, "geometry": { "type": "Point", "coordinates": [ 12.27689, 51.32038 ] } },
{ "type": "Feature", "properties": { "id": 6917206, "lat": 51.34682, "lng": 12.31187, "artdtsch": "Säulen-Eiche", "artbot": "Quercus robur 'Fastigiata'", "gattungdeutsch": "Quercus", "strname": "Benediktusstraße", "pflanzjahr": "2020", "standalter": "6", "bezirk": "Leutzsch", "standortnr": "76993", "wassermenge": 80, "wassersumme": 290, "anzahlg": 5 }, "geometry": { "type": "Point", "coordinates": [ 12.31187, 51.34682 ] } },
{ "type": "Feature", "properties": { "id": 6907318, "lat": 51.33019, "lng": 12.30562, "artdtsch": "Eingriffliger Weißdorn", "artbot": "Crataegus monogyna", "gattungdeutsch": "Crataegus", "strname": "Lindenauer Hafen", "pflanzjahr": "2014", "standalter": "12", "bezirk": "Schönau", "standortnr": "G20556", "wassermenge": 80, "wassersumme": 260, "anzahlg": 4 }, "geometry": { "type": "Point", "coordinates": [ 12.30562, 51.33019 ] } },
{ "type": "Feature", "properties": { "id": 6916597, "lat": 51.31126, "lng": 12.28024, "artdtsch": "Platane", "artbot": "Platanus x acerifolia", "gattungdeutsch": "Platanus", "strname": "Ratzelstraße", "pflanzjahr": "2019", "standalter": "7", "bezirk": "Grünau-Siedlung", "standortnr": "76238", "wassermenge": 100, "wassersumme": 600, "anzahlg": 6 }, "geometry": { "type": "Point", "coordinates": [ 12.28024, 51.31126 ] } },
{ "type": "Feature", "properties": { "id": 6879038, "lat": 51.34729, "lng": 12.39778, "artdtsch": "Säulen-Hainbuche 'Frans Fontaine'", "artbot": "Carpinus betulus 'Frans Fontaine'", "gattungdeutsch": "Carpinus", "strname": "Mariannenstraße", "pflanzjahr": "1999", "standalter": "27", "bezirk": "Neustadt-Neuschönefeld", "standortnr": "8205", "wassermenge": 10, "wassersumme": 30, "anzahlg": 3 }, "geometry": { "type": "Point", "coordinates": [ 12.39778, 51.34729 ] } },
{ "type": "Feature", "properties": { "id": 6924534, "lat": 51.341, "lng": 12.41302, "artdtsch": "Säulen-Eiche 'Fastigiata Koster'", "artbot": "Quercus robur 'Fastigiata Koster'", "gattungdeutsch": "Quercus", "strname": "Bernhardstraße", "pflanzjahr": "2021", "standalter": "5", "bezirk": "Anger-Crottendorf", "standortnr": "84356", "wassermenge": 30, "wassersumme": 30, "anzahlg": 1 }, "geometry": { "type": "Point", "coordinates": [ 12.41302, 51.341 ] } },
{ "type": "Feature", "properties": { "id": 6906483, "lat": 51.32932, "lng": 12.30846, "artdtsch": "Schwedische Mehlbeere", "artbot": "Sorbus intermedia", "gattungdeutsch": "Sorbus", "strname": "Lindenauer Hafen", "pflanzjahr": "2015", "standalter": "11", "bezirk": "Schönau", "standortnr": "G20497", "wassermenge": 80, "wassersumme": 460, "anzahlg": 8 }, "geometry": { "type": "Point", "coordinates": [ 12.30846, 51.32932 ] } },
{ "type": "Feature", "properties": { "id": 6916375, "lat": 51.33908, "lng": 12.39843, "artdtsch": "Stadt-Linde", "artbot": "Tilia cordata 'Greenspire'", "gattungdeutsch": "Tilia", "strname": "Crusiusstraße", "pflanzjahr": "2018", "standalter": "8", "bezirk": "Reudnitz-Thonberg", "standortnr": "21825", "wassermenge": 100, "wassersumme": 670, "anzahlg": 9 }, "geometry": { "type": "Point", "coordinates": [ 12.39843, 51.33908 ] } },
{ "type": "Feature", "properties": { "id": 6985125, "lat": 51.30742, "lng": 12.41248, "artdtsch": "Rhododendron", "artbot": "Rhododendron species", "gattungdeutsch": "Rhododendron", "strname": "Südfriedhof", "pflanzjahr": "NULL", "standalter": "NULL", "bezirk": "Probstheida", "standortnr": "168596", "wassermenge": 20, "wassersumme": 260, "anzahlg": 17 }, "geometry": { "type": "Point", "coordinates": [ 12.41248, 51.30742 ] } },
{ "type": "Feature", "properties": { "id": 6919657, "lat": 51.32156, "lng": 12.32097, "artdtsch": "Echte Quitte", "artbot": "Cydonia oblonga", "gattungdeutsch": "Cydonia", "strname": "Gleis-Grün-Zug Bahnhof Plagwitz", "pflanzjahr": "2016", "standalter": "10", "bezirk": "Plagwitz", "standortnr": "G42188", "wassermenge": 80, "wassersumme": 90, "anzahlg": 2 }, "geometry": { "type": "Point", "coordinates": [ 12.32097, 51.32156 ] } },
{ "type": "Feature", "properties": { "id": 6916143, "lat": 51.32252, "lng": 12.32126, "artdtsch": "Essbare Eberesche", "artbot": "Sorbus aucuparia 'Edulis'", "gattungdeutsch": "Sorbus", "strname": "Gleis-Grün-Zug Bahnhof Plagwitz", "pflanzjahr": "2016", "standalter": "10", "bezirk": "Plagwitz", "standortnr": "G42207", "wassermenge": 100, "wassersumme": 346, "anzahlg": 5 }, "geometry": { "type": "Point", "coordinates": [ 12.32126, 51.32252 ] } },
{ "type": "Feature", "properties": { "id": 6923389, "lat": 51.30335, "lng": 12.39218, "artdtsch": "Stadt-Linde", "artbot": "Tilia cordata 'Greenspire'", "gattungdeutsch": "Tilia", "strname": "Probstheidaer Straße", "pflanzjahr": "2021", "standalter": "5", "bezirk": "Marienbrunn", "standortnr": "71055", "wassermenge": 35, "wassersumme": 70, "anzahlg": 4 }, "geometry": { "type": "Point", "coordinates": [ 12.39218, 51.30335 ] } },
{ "type": "Feature", "properties": { "id": 6925711, "lat": 51.34454, "lng": 12.32433, "artdtsch": "Säulen-Eiche 'Fastigiata Koster'", "artbot": "Quercus robur 'Fastigiata Koster'", "gattungdeutsch": "Quercus", "strname": "Paul-Küstner-Straße", "pflanzjahr": "2024", "standalter": "2", "bezirk": "Altlindenau", "standortnr": "133937", "wassermenge": 50, "wassersumme": 100, "anzahlg": 3 }, "geometry": { "type": "Point", "coordinates": [ 12.32433, 51.34454 ] } },
{ "type": "Feature", "properties": { "id": 6893390, "lat": 51.34782, "lng": 12.39923, "artdtsch": "Chinesische Wildbirne 'Chanticleer'", "artbot": "Pyrus calleryana 'Chanticleer'", "gattungdeutsch": "Pyrus", "strname": "Meißner Straße", "pflanzjahr": "2002", "standalter": "24", "bezirk": "Neustadt-Neuschönefeld", "standortnr": "8108", "wassermenge": 40, "wassersumme": 40, "anzahlg": 1 }, "geometry": { "type": "Point", "coordinates": [ 12.39923, 51.34782 ] } },
{ "type": "Feature", "properties": { "id": 6985124, "lat": 51.30742, "lng": 12.41245, "artdtsch": "Rhododendron", "artbot": "Rhododendron species", "gattungdeutsch": "Rhododendron", "strname": "Südfriedhof", "pflanzjahr": "NULL", "standalter": "NULL", "bezirk": "Probstheida", "standortnr": "168595", "wassermenge": 20, "wassersumme": 240, "anzahlg": 16 }, "geometry": { "type": "Point", "coordinates": [ 12.41245, 51.30742 ] } },
{ "type": "Feature", "properties": { "id": 6913607, "lat": 51.31939, "lng": 12.33503, "artdtsch": "Stadt-Linde", "artbot": "Tilia cordata 'Greenspire'", "gattungdeutsch": "Tilia", "strname": "Antonienstraße", "pflanzjahr": "2014", "standalter": "12", "bezirk": "Plagwitz", "standortnr": "39346", "wassermenge": 100, "wassersumme": 100, "anzahlg": 1 }, "geometry": { "type": "Point", "coordinates": [ 12.33503, 51.31939 ] } },
{ "type": "Feature", "properties": { "id": 6984253, "lat": 51.3214424, "lng": 12.3209296, "artdtsch": "NULL", "artbot": "NULL", "gattungdeutsch": "NULL", "strname": "NULL", "pflanzjahr": "2016", "standalter": "10", "bezirk": "Plagwitz", "standortnr": "osm_6058038300", "wassermenge": 10, "wassersumme": 10, "anzahlg": 1 }, "geometry": { "type": "Point", "coordinates": [ 12.3209296, 51.3214424 ] } },
{ "type": "Feature", "properties": { "id": 6921376, "lat": 51.32437, "lng": 12.29367, "artdtsch": "Säulen-Tulpenbaum", "artbot": "Liriodendron tulipifera 'Fastigiatum'", "gattungdeutsch": "Liriodendron", "strname": "Weißdornstraße", "pflanzjahr": "2021", "standalter": "5", "bezirk": "Grünau-Ost", "standortnr": "85560", "wassermenge": 150, "wassersumme": 150, "anzahlg": 1 }, "geometry": { "type": "Point", "coordinates": [ 12.29367, 51.32437 ] } },
{ "type": "Feature", "properties": { "id": 6907306, "lat": 51.32919, "lng": 12.30731, "artdtsch": "Eingriffliger Weißdorn", "artbot": "Crataegus monogyna", "gattungdeutsch": "Crataegus", "strname": "Lindenauer Hafen", "pflanzjahr": "2014", "standalter": "12", "bezirk": "Schönau", "standortnr": "G20525", "wassermenge": 80, "wassersumme": 340, "anzahlg": 5 }, "geometry": { "type": "Point", "coordinates": [ 12.30731, 51.32919 ] } },
{ "type": "Feature", "properties": { "id": 6911218, "lat": 51.37038, "lng": 12.40844, "artdtsch": "Winter-Linde 'Roelvo'", "artbot": "Tilia cordata 'Roelvo'", "gattungdeutsch": "Tilia", "strname": "Gontardweg", "pflanzjahr": "2013", "standalter": "13", "bezirk": "Mockau-Süd", "standortnr": "2113", "wassermenge": 40, "wassersumme": 40, "anzahlg": 1 }, "geometry": { "type": "Point", "coordinates": [ 12.40844, 51.37038 ] } },
{ "type": "Feature", "properties": { "id": 6985481, "lat": 51.30733, "lng": 12.4128, "artdtsch": "Rhododendron", "artbot": "Rhododendron species", "gattungdeutsch": "Rhododendron", "strname": "Südfriedhof", "pflanzjahr": "NULL", "standalter": "NULL", "bezirk": "Probstheida", "standortnr": "168749", "wassermenge": 20, "wassersumme": 220, "anzahlg": 15 }, "geometry": { "type": "Point", "coordinates": [ 12.4128, 51.30733 ] } },
{ "type": "Feature", "properties": { "id": 6917695, "lat": 51.3455, "lng": 12.40754, "artdtsch": "Säulen-Hainbuche 'Frans Fontaine'", "artbot": "Carpinus betulus 'Frans Fontaine'", "gattungdeutsch": "Carpinus", "strname": "Eisenbahnstraße", "pflanzjahr": "2020", "standalter": "6", "bezirk": "Volkmarsdorf", "standortnr": "8826", "wassermenge": 83, "wassersumme": 83, "anzahlg": 1 }, "geometry": { "type": "Point", "coordinates": [ 12.40754, 51.3455 ] } },
{ "type": "Feature", "properties": { "id": 6907755, "lat": 51.32924, "lng": 12.30868, "artdtsch": "Schwedische Mehlbeere", "artbot": "Sorbus intermedia", "gattungdeutsch": "Sorbus", "strname": "Lindenauer Hafen", "pflanzjahr": "2015", "standalter": "11", "bezirk": "Schönau", "standortnr": "G20499", "wassermenge": 80, "wassersumme": 500, "anzahlg": 8 }, "geometry": { "type": "Point", "coordinates": [ 12.30868, 51.32924 ] } },
{ "type": "Feature", "properties": { "id": 6918264, "lat": 51.32726, "lng": 12.27672, "artdtsch": "Stiel-Eiche", "artbot": "Quercus robur", "gattungdeutsch": "Quercus", "strname": "Lyoner Straße", "pflanzjahr": "2019", "standalter": "7", "bezirk": "Schönau", "standortnr": "76333", "wassermenge": 100, "wassersumme": 300, "anzahlg": 3 }, "geometry": { "type": "Point", "coordinates": [ 12.27672, 51.32726 ] } },
{ "type": "Feature", "properties": { "id": 6919658, "lat": 51.3214, "lng": 12.3209, "artdtsch": "Speierling", "artbot": "Sorbus domestica", "gattungdeutsch": "Sorbus", "strname": "Gleis-Grün-Zug Bahnhof Plagwitz", "pflanzjahr": "2020", "standalter": "6", "bezirk": "Plagwitz", "standortnr": "G42189", "wassermenge": 10, "wassersumme": 10, "anzahlg": 1 }, "geometry": { "type": "Point", "coordinates": [ 12.3209, 51.3214 ] } },
{ "type": "Feature", "properties": { "id": 6919660, "lat": 51.32162, "lng": 12.32085, "artdtsch": "Haus-Apfel  'Weißer Winter-Calville'", "artbot": "Malus domestica 'Weißer Winter-Calville'", "gattungdeutsch": "Malus", "strname": "Gleis-Grün-Zug Bahnhof Plagwitz", "pflanzjahr": "2020", "standalter": "6", "bezirk": "Plagwitz", "standortnr": "G42191", "wassermenge": 100, "wassersumme": 580, "anzahlg": 8 }, "geometry": { "type": "Point", "coordinates": [ 12.32085, 51.32162 ] } },
{ "type": "Feature", "properties": { "id": 6924303, "lat": 51.31725, "lng": 12.40541, "artdtsch": "Ulme 'New Horizon'", "artbot": "Ulmus 'New Horizon'", "gattungdeutsch": "Ulmus", "strname": "Wilhelm-Külz-Park", "pflanzjahr": "2021", "standalter": "5", "bezirk": "Probstheida", "standortnr": "G10952", "wassermenge": 60, "wassersumme": 100, "anzahlg": 2 }, "geometry": { "type": "Point", "coordinates": [ 12.40541, 51.31725 ] } },
{ "type": "Feature", "properties": { "id": 6918254, "lat": 51.32708, "lng": 12.27502, "artdtsch": "Stiel-Eiche", "artbot": "Quercus robur", "gattungdeutsch": "Quercus", "strname": "Lyoner Straße", "pflanzjahr": "2019", "standalter": "7", "bezirk": "Schönau", "standortnr": "76323", "wassermenge": 100, "wassersumme": 500, "anzahlg": 5 }, "geometry": { "type": "Point", "coordinates": [ 12.27502, 51.32708 ] } },
{ "type": "Feature", "properties": { "id": 6912683, "lat": 51.33062, "lng": 12.30634, "artdtsch": "Sumpf-Eiche", "artbot": "Quercus palustris", "gattungdeutsch": "Quercus", "strname": "Hafenstraße", "pflanzjahr": "2014", "standalter": "12", "bezirk": "Schönau", "standortnr": "74422", "wassermenge": 80, "wassersumme": 870, "anzahlg": 12 }, "geometry": { "type": "Point", "coordinates": [ 12.30634, 51.33062 ] } },
{ "type": "Feature", "properties": { "id": 6926068, "lat": 51.33253, "lng": 12.32404, "artdtsch": "Schmalkronige Mehlbeere", "artbot": "Sorbus intermedia 'Brouwers'", "gattungdeutsch": "Sorbus", "strname": "Jordanstraße", "pflanzjahr": "2026", "standalter": "0", "bezirk": "Lindenau", "standortnr": "148198", "wassermenge": 45, "wassersumme": 45, "anzahlg": 1 }, "geometry": { "type": "Point", "coordinates": [ 12.32404, 51.33253 ] } },
{ "type": "Feature", "properties": { "id": 6906480, "lat": 51.32939, "lng": 12.30849, "artdtsch": "Schwedische Mehlbeere", "artbot": "Sorbus intermedia", "gattungdeutsch": "Sorbus", "strname": "Lindenauer Hafen", "pflanzjahr": "2015", "standalter": "11", "bezirk": "Schönau", "standortnr": "G20491", "wassermenge": 80, "wassersumme": 440, "anzahlg": 7 }, "geometry": { "type": "Point", "coordinates": [ 12.30849, 51.32939 ] } },
{ "type": "Feature", "properties": { "id": 6918946, "lat": 51.34741, "lng": 12.39776, "artdtsch": "Säulen-Hainbuche 'Frans Fontaine'", "artbot": "Carpinus betulus 'Frans Fontaine'", "gattungdeutsch": "Carpinus", "strname": "Mariannenstraße", "pflanzjahr": "2020", "standalter": "6", "bezirk": "Neustadt-Neuschönefeld", "standortnr": "8216", "wassermenge": 30, "wassersumme": 60, "anzahlg": 4 }, "geometry": { "type": "Point", "coordinates": [ 12.39776, 51.34741 ] } },
{ "type": "Feature", "properties": { "id": 6900933, "lat": 51.32174, "lng": 12.36579, "artdtsch": "Thüringische Säulen-Eberesche", "artbot": "Sorbus x thuringiaca 'Fastigiata'", "gattungdeutsch": "Sorbus", "strname": "Fockestraße", "pflanzjahr": "2006", "standalter": "20", "bezirk": "Südvorstadt", "standortnr": "41483", "wassermenge": 10, "wassersumme": 10, "anzahlg": 1 }, "geometry": { "type": "Point", "coordinates": [ 12.36579, 51.32174 ] } },
{ "type": "Feature", "properties": { "id": 6918966, "lat": 51.33281, "lng": 12.40652, "artdtsch": "Kegelförmiger Spitz-Ahorn", "artbot": "Acer platanoides 'Emerald Queen'", "gattungdeutsch": "Acer", "strname": "Riebeckstraße", "pflanzjahr": "2020", "standalter": "6", "bezirk": "Reudnitz-Thonberg", "standortnr": "22123", "wassermenge": 100, "wassersumme": 355, "anzahlg": 6 }, "geometry": { "type": "Point", "coordinates": [ 12.40652, 51.33281 ] } },
{ "type": "Feature", "properties": { "id": 6919975, "lat": 51.36548, "lng": 12.3751, "artdtsch": "Spitz-Ahorn 'Allershausen'", "artbot": "Acer platanoides 'Allershausen'", "gattungdeutsch": "Acer", "strname": "Daumierstraße", "pflanzjahr": "2019", "standalter": "7", "bezirk": "Gohlis-Mitte", "standortnr": "76291", "wassermenge": 40, "wassersumme": 100, "anzahlg": 3 }, "geometry": { "type": "Point", "coordinates": [ 12.3751, 51.36548 ] } },
{ "type": "Feature", "properties": { "id": 6906486, "lat": 51.32925, "lng": 12.30824, "artdtsch": "Vogel-Kirsche", "artbot": "Prunus avium", "gattungdeutsch": "Prunus", "strname": "Lindenauer Hafen", "pflanzjahr": "2015", "standalter": "11", "bezirk": "Schönau", "standortnr": "G20506", "wassermenge": 80, "wassersumme": 380, "anzahlg": 6 }, "geometry": { "type": "Point", "coordinates": [ 12.30824, 51.32925 ] } },
{ "type": "Feature", "properties": { "id": 6918968, "lat": 51.34733, "lng": 12.39738, "artdtsch": "Robinie 'Sandraudiga'", "artbot": "Robinia pseudoacacia 'Sandraudiga'", "gattungdeutsch": "Robinia", "strname": "Rosa-Luxemburg-Straße", "pflanzjahr": "2018", "standalter": "8", "bezirk": "Neustadt-Neuschönefeld", "standortnr": "9170", "wassermenge": 45, "wassersumme": 159, "anzahlg": 7 }, "geometry": { "type": "Point", "coordinates": [ 12.39738, 51.34733 ] } },
{ "type": "Feature", "properties": { "id": 6990713, "lat": 51.368692730930235, "lng": 12.406484115828533, "artdtsch": "NULL", "artbot": "NULL", "gattungdeutsch": "NULL", "strname": "Mockauer Straße", "pflanzjahr": "2026", "standalter": "0", "bezirk": "Mockau-Süd", "standortnr": "osm_friedi_parklet", "wassermenge": 20, "wassersumme": 103, "anzahlg": 9 }, "geometry": { "type": "Point", "coordinates": [ 12.406484115828533, 51.368692730930235 ] } },
{ "type": "Feature", "properties": { "id": 6911221, "lat": 51.36902, "lng": 12.4068, "artdtsch": "Chinesische Wildbirne 'Chanticleer'", "artbot": "Pyrus calleryana 'Chanticleer'", "gattungdeutsch": "Pyrus", "strname": "Mockauer Straße", "pflanzjahr": "2013", "standalter": "13", "bezirk": "Mockau-Süd", "standortnr": "10295", "wassermenge": 50, "wassersumme": 110, "anzahlg": 3 }, "geometry": { "type": "Point", "coordinates": [ 12.4068, 51.36902 ] } },
{ "type": "Feature", "properties": { "id": 6920155, "lat": 51.36316, "lng": 12.37659, "artdtsch": "Feld-Ahorn ''Huibers Elegant'", "artbot": "Acer campestre 'Huibers Elegant'", "gattungdeutsch": "Acer", "strname": "Wilhelm-Sammet-Straße", "pflanzjahr": "2020", "standalter": "6", "bezirk": "Gohlis-Mitte", "standortnr": "77013", "wassermenge": 8, "wassersumme": 40, "anzahlg": 7 }, "geometry": { "type": "Point", "coordinates": [ 12.37659, 51.36316 ] } },
{ "type": "Feature", "properties": { "id": 6916593, "lat": 51.31199, "lng": 12.28393, "artdtsch": "Platane", "artbot": "Platanus x acerifolia", "gattungdeutsch": "Platanus", "strname": "Ratzelstraße", "pflanzjahr": "2019", "standalter": "7", "bezirk": "Grünau-Siedlung", "standortnr": "76231", "wassermenge": 150, "wassersumme": 650, "anzahlg": 6 }, "geometry": { "type": "Point", "coordinates": [ 12.28393, 51.31199 ] } },
{ "type": "Feature", "properties": { "id": 6922227, "lat": 51.33494, "lng": 12.35732, "artdtsch": "Säulen-Eiche", "artbot": "Quercus robur 'Fastigiata'", "gattungdeutsch": "Quercus", "strname": "Sebastian-Bach-Straße", "pflanzjahr": "2023", "standalter": "3", "bezirk": "Zentrum-West", "standortnr": "38610", "wassermenge": 40, "wassersumme": 200, "anzahlg": 6 }, "geometry": { "type": "Point", "coordinates": [ 12.35732, 51.33494 ] } },
{ "type": "Feature", "properties": { "id": 6913606, "lat": 51.31932, "lng": 12.33566, "artdtsch": "Stadt-Linde", "artbot": "Tilia cordata 'Greenspire'", "gattungdeutsch": "Tilia", "strname": "Antonienstraße", "pflanzjahr": "2014", "standalter": "12", "bezirk": "Plagwitz", "standortnr": "39341", "wassermenge": 100, "wassersumme": 100, "anzahlg": 1 }, "geometry": { "type": "Point", "coordinates": [ 12.33566, 51.31932 ] } },
{ "type": "Feature", "properties": { "id": 6912300, "lat": 51.34179, "lng": 12.40597, "artdtsch": "Kaiser-Linde", "artbot": "Tilia x vulgaris 'Pallida'", "gattungdeutsch": "Tilia", "strname": "Hermann-Liebmann-Straße", "pflanzjahr": "2011", "standalter": "15", "bezirk": "Neustadt-Neuschönefeld", "standortnr": "9042", "wassermenge": 40, "wassersumme": 720, "anzahlg": 18 }, "geometry": { "type": "Point", "coordinates": [ 12.40597, 51.34179 ] } },
{ "type": "Feature", "properties": { "id": 6917359, "lat": 51.33388, "lng": 12.33577, "artdtsch": "Amberbaum", "artbot": "Liquidambar styraciflua", "gattungdeutsch": "Liquidambar", "strname": "Siemeringstraße", "pflanzjahr": "2017", "standalter": "9", "bezirk": "Lindenau", "standortnr": "75083", "wassermenge": 60, "wassersumme": 180, "anzahlg": 3 }, "geometry": { "type": "Point", "coordinates": [ 12.33577, 51.33388 ] } },
{ "type": "Feature", "properties": { "id": 6882790, "lat": 51.33951, "lng": 12.48186, "artdtsch": "Stadt-Linde", "artbot": "Tilia cordata 'Greenspire'", "gattungdeutsch": "Tilia", "strname": "Opalstraße", "pflanzjahr": "2000", "standalter": "26", "bezirk": "Engelsdorf", "standortnr": "19851", "wassermenge": 20, "wassersumme": 80, "anzahlg": 5 }, "geometry": { "type": "Point", "coordinates": [ 12.48186, 51.33951 ] } },
{ "type": "Feature", "properties": { "id": 6919663, "lat": 51.32177, "lng": 12.32103, "artdtsch": "Haus-Pflaume 'Ontariopflaume'", "artbot": "Prunus domestica 'Ontariopflaume'", "gattungdeutsch": "Prunus", "strname": "Gleis-Grün-Zug Bahnhof Plagwitz", "pflanzjahr": "2016", "standalter": "10", "bezirk": "Plagwitz", "standortnr": "G42195", "wassermenge": 100, "wassersumme": 440, "anzahlg": 6 }, "geometry": { "type": "Point", "coordinates": [ 12.32103, 51.32177 ] } },
{ "type": "Feature", "properties": { "id": 6920675, "lat": 51.3393, "lng": 12.48356, "artdtsch": "Zerr-Eiche", "artbot": "Quercus cerris", "gattungdeutsch": "Quercus", "strname": "Wohngebiet \"Am Gaswerksweg\" 1. BA (B-Plan E-161.1 Wohngebiet \"Am Gaswerksweg I. BA\")", "pflanzjahr": "2021", "standalter": "5", "bezirk": "Engelsdorf", "standortnr": "79637", "wassermenge": 32, "wassersumme": 96, "anzahlg": 4 }, "geometry": { "type": "Point", "coordinates": [ 12.48356, 51.3393 ] } },
{ "type": "Feature", "properties": { "id": 6925377, "lat": 51.32471, "lng": 12.3421, "artdtsch": "Gleditschie 'Skyline'", "artbot": "Gleditsia triacanthos 'Skyline'", "gattungdeutsch": "Gleditsia", "strname": "Brockhausstraße", "pflanzjahr": "2024", "standalter": "2", "bezirk": "Schleußig", "standortnr": "40841", "wassermenge": 15, "wassersumme": 15, "anzahlg": 1 }, "geometry": { "type": "Point", "coordinates": [ 12.3421, 51.32471 ] } },
{ "type": "Feature", "properties": { "id": 6916344, "lat": 51.31135, "lng": 12.28061, "artdtsch": "Platane", "artbot": "Platanus x acerifolia", "gattungdeutsch": "Platanus", "strname": "Ratzelstraße", "pflanzjahr": "2019", "standalter": "7", "bezirk": "Grünau-Siedlung", "standortnr": "76236", "wassermenge": 100, "wassersumme": 600, "anzahlg": 6 }, "geometry": { "type": "Point", "coordinates": [ 12.28061, 51.31135 ] } },
{ "type": "Feature", "properties": { "id": 6907305, "lat": 51.32917, "lng": 12.30735, "artdtsch": "Eingriffliger Weißdorn", "artbot": "Crataegus monogyna", "gattungdeutsch": "Crataegus", "strname": "Lindenauer Hafen", "pflanzjahr": "2014", "standalter": "12", "bezirk": "Schönau", "standortnr": "G20519", "wassermenge": 80, "wassersumme": 340, "anzahlg": 5 }, "geometry": { "type": "Point", "coordinates": [ 12.30735, 51.32917 ] } },
{ "type": "Feature", "properties": { "id": 6990714, "lat": 51.370577067888519, "lng": 12.408348512344986, "artdtsch": "NULL", "artbot": "NULL", "gattungdeutsch": "NULL", "strname": "Gontardweg", "pflanzjahr": "2026", "standalter": "0", "bezirk": "Mockau-Süd", "standortnr": "osm_hefespitze_parklet", "wassermenge": 20, "wassersumme": 73, "anzahlg": 6 }, "geometry": { "type": "Point", "coordinates": [ 12.408348512344986, 51.370577067888519 ] } },
{ "type": "Feature", "properties": { "id": 6924934, "lat": 51.35522, "lng": 12.26475, "artdtsch": "Trauben-Eiche", "artbot": "Quercus petraea", "gattungdeutsch": "Quercus", "strname": "Parkplatz 7501", "pflanzjahr": "2021", "standalter": "5", "bezirk": "Burghausen-Rückmarsdorf", "standortnr": "74290", "wassermenge": 50, "wassersumme": 400, "anzahlg": 9 }, "geometry": { "type": "Point", "coordinates": [ 12.26475, 51.35522 ] } },
{ "type": "Feature", "properties": { "id": 6919666, "lat": 51.32266, "lng": 12.32154, "artdtsch": "Walnuss", "artbot": "Juglans regia", "gattungdeutsch": "Juglans", "strname": "Gleis-Grün-Zug Bahnhof Plagwitz", "pflanzjahr": "2016", "standalter": "10", "bezirk": "Plagwitz", "standortnr": "G42209", "wassermenge": 100, "wassersumme": 416, "anzahlg": 6 }, "geometry": { "type": "Point", "coordinates": [ 12.32154, 51.32266 ] } },
{ "type": "Feature", "properties": { "id": 6911506, "lat": 51.33105, "lng": 12.31749, "artdtsch": "Stadt-Linde", "artbot": "Tilia cordata 'Greenspire'", "gattungdeutsch": "Tilia", "strname": "Lützner Straße", "pflanzjahr": "2014", "standalter": "12", "bezirk": "Neulindenau", "standortnr": "74479", "wassermenge": 60, "wassersumme": 60, "anzahlg": 1 }, "geometry": { "type": "Point", "coordinates": [ 12.31749, 51.33105 ] } },
{ "type": "Feature", "properties": { "id": 6915444, "lat": 51.32446, "lng": 12.34181, "artdtsch": "Straßen-Robinie", "artbot": "Robinia pseudoacacia 'Monophylla'", "gattungdeutsch": "Robinia", "strname": "Brockhausstraße", "pflanzjahr": "2019", "standalter": "7", "bezirk": "Schleußig", "standortnr": "40845", "wassermenge": 40, "wassersumme": 160, "anzahlg": 5 }, "geometry": { "type": "Point", "coordinates": [ 12.34181, 51.32446 ] } },
{ "type": "Feature", "properties": { "id": 6906848, "lat": 51.33141, "lng": 12.37382, "artdtsch": "Platane", "artbot": "Platanus x acerifolia", "gattungdeutsch": "Platanus", "strname": "Karl-Liebknecht-Straße", "pflanzjahr": "2015", "standalter": "11", "bezirk": "Zentrum-Süd", "standortnr": "34274", "wassermenge": 80, "wassersumme": 120, "anzahlg": 2 }, "geometry": { "type": "Point", "coordinates": [ 12.37382, 51.33141 ] } },
{ "type": "Feature", "properties": { "id": 6907751, "lat": 51.32942, "lng": 12.30856, "artdtsch": "Schwedische Mehlbeere", "artbot": "Sorbus intermedia", "gattungdeutsch": "Sorbus", "strname": "Lindenauer Hafen", "pflanzjahr": "2015", "standalter": "11", "bezirk": "Schönau", "standortnr": "G20490", "wassermenge": 80, "wassersumme": 460, "anzahlg": 7 }, "geometry": { "type": "Point", "coordinates": [ 12.30856, 51.32942 ] } },
{ "type": "Feature", "properties": { "id": 6916264, "lat": 51.29814, "lng": 12.40555, "artdtsch": "Silber-Linde", "artbot": "Tilia tomentosa", "gattungdeutsch": "Tilia", "strname": "Park Lößnig/Dölitz, Erholungspark", "pflanzjahr": "2020", "standalter": "6", "bezirk": "Lößnig", "standortnr": "G34316", "wassermenge": 90, "wassersumme": 150, "anzahlg": 2 }, "geometry": { "type": "Point", "coordinates": [ 12.40555, 51.29814 ] } },
{ "type": "Feature", "properties": { "id": 6942854, "lat": 51.35644, "lng": 12.4563, "artdtsch": "Linde", "artbot": "Tilia species", "gattungdeutsch": "Tilia", "strname": "Goldsternstraße 023, 025 und Hainbuchenstraße 013 (011297)", "pflanzjahr": "NULL", "standalter": "NULL", "bezirk": "Paunsdorf", "standortnr": "115066", "wassermenge": 14, "wassersumme": 14, "anzahlg": 1 }, "geometry": { "type": "Point", "coordinates": [ 12.4563, 51.35644 ] } },
{ "type": "Feature", "properties": { "id": 6916701, "lat": 51.34752, "lng": 12.39789, "artdtsch": "Robinie 'Sandraudiga'", "artbot": "Robinia pseudoacacia 'Sandraudiga'", "gattungdeutsch": "Robinia", "strname": "Rosa-Luxemburg-Straße", "pflanzjahr": "2018", "standalter": "8", "bezirk": "Neustadt-Neuschönefeld", "standortnr": "9174", "wassermenge": 10, "wassersumme": 30, "anzahlg": 3 }, "geometry": { "type": "Point", "coordinates": [ 12.39789, 51.34752 ] } },
{ "type": "Feature", "properties": { "id": 6907315, "lat": 51.33004, "lng": 12.30586, "artdtsch": "Vogel-Kirsche", "artbot": "Prunus avium", "gattungdeutsch": "Prunus", "strname": "Lindenauer Hafen", "pflanzjahr": "2014", "standalter": "12", "bezirk": "Schönau", "standortnr": "G20544", "wassermenge": 90, "wassersumme": 440, "anzahlg": 5 }, "geometry": { "type": "Point", "coordinates": [ 12.30586, 51.33004 ] } },
{ "type": "Feature", "properties": { "id": 6907752, "lat": 51.32934, "lng": 12.30838, "artdtsch": "Schwedische Mehlbeere", "artbot": "Sorbus intermedia", "gattungdeutsch": "Sorbus", "strname": "Lindenauer Hafen", "pflanzjahr": "2015", "standalter": "11", "bezirk": "Schönau", "standortnr": "G20494", "wassermenge": 80, "wassersumme": 460, "anzahlg": 8 }, "geometry": { "type": "Point", "coordinates": [ 12.30838, 51.32934 ] } },
{ "type": "Feature", "properties": { "id": 6906481, "lat": 51.32934, "lng": 12.30854, "artdtsch": "Schwedische Mehlbeere", "artbot": "Sorbus intermedia", "gattungdeutsch": "Sorbus", "strname": "Lindenauer Hafen", "pflanzjahr": "2015", "standalter": "11", "bezirk": "Schönau", "standortnr": "G20492", "wassermenge": 80, "wassersumme": 400, "anzahlg": 7 }, "geometry": { "type": "Point", "coordinates": [ 12.30854, 51.32934 ] } },
{ "type": "Feature", "properties": { "id": 6922895, "lat": 51.32054, "lng": 12.27678, "artdtsch": "Zerr-Eiche", "artbot": "Quercus cerris", "gattungdeutsch": "Quercus", "strname": "Kiewer Straße", "pflanzjahr": "2021", "standalter": "5", "bezirk": "Grünau-Nord", "standortnr": "85429", "wassermenge": 150, "wassersumme": 450, "anzahlg": 3 }, "geometry": { "type": "Point", "coordinates": [ 12.27678, 51.32054 ] } },
{ "type": "Feature", "properties": { "id": 6906501, "lat": 51.3295, "lng": 12.3083, "artdtsch": "Winter-Linde", "artbot": "Tilia cordata", "gattungdeutsch": "Tilia", "strname": "Lindenauer Hafen", "pflanzjahr": "2015", "standalter": "11", "bezirk": "Schönau", "standortnr": "G20520", "wassermenge": 60, "wassersumme": 280, "anzahlg": 5 }, "geometry": { "type": "Point", "coordinates": [ 12.3083, 51.3295 ] } },
{ "type": "Feature", "properties": { "id": 6915673, "lat": 51.3459, "lng": 12.36959, "artdtsch": "Trauben-Eiche", "artbot": "Quercus petraea", "gattungdeutsch": "Quercus", "strname": "Lortzingstraße", "pflanzjahr": "2017", "standalter": "9", "bezirk": "Zentrum-Nordwest", "standortnr": "75183", "wassermenge": 12, "wassersumme": 60, "anzahlg": 9 }, "geometry": { "type": "Point", "coordinates": [ 12.36959, 51.3459 ] } },
{ "type": "Feature", "properties": { "id": 6915443, "lat": 51.3249, "lng": 12.34226, "artdtsch": "Straßen-Robinie", "artbot": "Robinia pseudoacacia 'Monophylla'", "gattungdeutsch": "Robinia", "strname": "Brockhausstraße", "pflanzjahr": "2018", "standalter": "8", "bezirk": "Schleußig", "standortnr": "40839", "wassermenge": 30, "wassersumme": 30, "anzahlg": 1 }, "geometry": { "type": "Point", "coordinates": [ 12.34226, 51.3249 ] } },
{ "type": "Feature", "properties": { "id": 6876360, "lat": 51.26832, "lng": 12.29313, "artdtsch": "Rotblühende Rosskastanie 'Briotii'", "artbot": "Aesculus x carnea 'Briotii'", "gattungdeutsch": "Aesculus", "strname": "Am Klucksgraben", "pflanzjahr": "1999", "standalter": "27", "bezirk": "Knautkleeberg-Knauthain", "standortnr": "51674", "wassermenge": 60, "wassersumme": 120, "anzahlg": 2 }, "geometry": { "type": "Point", "coordinates": [ 12.29313, 51.26832 ] } },
{ "type": "Feature", "properties": { "id": 6916342, "lat": 51.31192, "lng": 12.28358, "artdtsch": "Platane", "artbot": "Platanus x acerifolia", "gattungdeutsch": "Platanus", "strname": "Ratzelstraße", "pflanzjahr": "2019", "standalter": "7", "bezirk": "Grünau-Siedlung", "standortnr": "76233", "wassermenge": 150, "wassersumme": 650, "anzahlg": 6 }, "geometry": { "type": "Point", "coordinates": [ 12.28358, 51.31192 ] } },
{ "type": "Feature", "properties": { "id": 6911219, "lat": 51.37036, "lng": 12.4082, "artdtsch": "Winter-Linde 'Roelvo'", "artbot": "Tilia cordata 'Roelvo'", "gattungdeutsch": "Tilia", "strname": "Gontardweg", "pflanzjahr": "2013", "standalter": "13", "bezirk": "Mockau-Süd", "standortnr": "2116", "wassermenge": 50, "wassersumme": 90, "anzahlg": 2 }, "geometry": { "type": "Point", "coordinates": [ 12.4082, 51.37036 ] } },
{ "type": "Feature", "properties": { "id": 6925401, "lat": 51.34735, "lng": 12.39795, "artdtsch": "Sorte Gemeiner Fliede", "artbot": "Syringa vulgaris 'Mme Florentine Stepman'", "gattungdeutsch": "Syringa", "strname": "Mariannenstraße", "pflanzjahr": "2023", "standalter": "3", "bezirk": "Neustadt-Neuschönefeld", "standortnr": "8212", "wassermenge": 10, "wassersumme": 40, "anzahlg": 4 }, "geometry": { "type": "Point", "coordinates": [ 12.39795, 51.34735 ] } },
{ "type": "Feature", "properties": { "id": 6914219, "lat": 51.3578, "lng": 12.35844, "artdtsch": "Sand-Birke", "artbot": "Betula pendula", "gattungdeutsch": "Betula", "strname": "Schillerhain", "pflanzjahr": "2016", "standalter": "10", "bezirk": "Gohlis-Süd", "standortnr": "G38658", "wassermenge": 20, "wassersumme": 20, "anzahlg": 1 }, "geometry": { "type": "Point", "coordinates": [ 12.35844, 51.3578 ] } },
{ "type": "Feature", "properties": { "id": 6921270, "lat": 51.31862, "lng": 12.32316, "artdtsch": "Säulen-Ulme", "artbot": "Ulmus 'Columella'", "gattungdeutsch": "Ulmus", "strname": "Rolf-Axen-Straße", "pflanzjahr": "2021", "standalter": "5", "bezirk": "Kleinzschocher", "standortnr": "76569", "wassermenge": 40, "wassersumme": 170, "anzahlg": 5 }, "geometry": { "type": "Point", "coordinates": [ 12.32316, 51.31862 ] } },
{ "type": "Feature", "properties": { "id": 6916137, "lat": 51.32216, "lng": 12.32118, "artdtsch": "Kirsche", "artbot": "Prunus species", "gattungdeutsch": "Prunus", "strname": "Gleis-Grün-Zug Bahnhof Plagwitz", "pflanzjahr": "2016", "standalter": "10", "bezirk": "Plagwitz", "standortnr": "G42186", "wassermenge": 100, "wassersumme": 410, "anzahlg": 5 }, "geometry": { "type": "Point", "coordinates": [ 12.32118, 51.32216 ] } },
{ "type": "Feature", "properties": { "id": 6911370, "lat": 51.30323, "lng": 12.39239, "artdtsch": "Stadt-Linde", "artbot": "Tilia cordata 'Greenspire'", "gattungdeutsch": "Tilia", "strname": "Probstheidaer Straße", "pflanzjahr": "2015", "standalter": "11", "bezirk": "Lößnig", "standortnr": "32847", "wassermenge": 70, "wassersumme": 70, "anzahlg": 1 }, "geometry": { "type": "Point", "coordinates": [ 12.39239, 51.30323 ] } },
{ "type": "Feature", "properties": { "id": 6998735, "lat": 51.30345, "lng": 12.3933, "artdtsch": "Stadt-Linde", "artbot": "Tilia cordata 'Greenspire'", "gattungdeutsch": "Tilia", "strname": "Probstheidaer Straße", "pflanzjahr": "2026", "standalter": "0", "bezirk": "Marienbrunn", "standortnr": "32890", "wassermenge": 15, "wassersumme": 40, "anzahlg": 3 }, "geometry": { "type": "Point", "coordinates": [ 12.3933, 51.30345 ] } },
{ "type": "Feature", "properties": { "id": 6918969, "lat": 51.34735, "lng": 12.39746, "artdtsch": "Robinie 'Sandraudiga'", "artbot": "Robinia pseudoacacia 'Sandraudiga'", "gattungdeutsch": "Robinia", "strname": "Rosa-Luxemburg-Straße", "pflanzjahr": "2018", "standalter": "8", "bezirk": "Neustadt-Neuschönefeld", "standortnr": "9171", "wassermenge": 50, "wassersumme": 90, "anzahlg": 5 }, "geometry": { "type": "Point", "coordinates": [ 12.39746, 51.34735 ] } },
{ "type": "Feature", "properties": { "id": 6913604, "lat": 51.31927, "lng": 12.33607, "artdtsch": "Stadt-Linde", "artbot": "Tilia cordata 'Greenspire'", "gattungdeutsch": "Tilia", "strname": "Antonienstraße", "pflanzjahr": "2014", "standalter": "12", "bezirk": "Plagwitz", "standortnr": "39336", "wassermenge": 100, "wassersumme": 100, "anzahlg": 1 }, "geometry": { "type": "Point", "coordinates": [ 12.33607, 51.31927 ] } },
{ "type": "Feature", "properties": { "id": 6919367, "lat": 51.35389, "lng": 12.46176, "artdtsch": "Rot-Esche Summit", "artbot": "Fraxinus pennsylvanica 'Summit'", "gattungdeutsch": "Fraxinus", "strname": "Schlehenweg", "pflanzjahr": "2020", "standalter": "6", "bezirk": "Paunsdorf", "standortnr": "50369", "wassermenge": 90, "wassersumme": 1080, "anzahlg": 51 }, "geometry": { "type": "Point", "coordinates": [ 12.46176, 51.35389 ] } },
{ "type": "Feature", "properties": { "id": 6985788, "lat": 51.35532, "lng": 12.26483, "artdtsch": "Scharlach-Eiche", "artbot": "Quercus coccinea", "gattungdeutsch": "Quercus", "strname": "Parkplatz 7501", "pflanzjahr": "2025", "standalter": "1", "bezirk": "Burghausen-Rückmarsdorf", "standortnr": "168908", "wassermenge": 40, "wassersumme": 300, "anzahlg": 8 }, "geometry": { "type": "Point", "coordinates": [ 12.26483, 51.35532 ] } },
{ "type": "Feature", "properties": { "id": 6916133, "lat": 51.32219, "lng": 12.32142, "artdtsch": "Süßkirsche 'Hedelfinger Riesenkirsche'", "artbot": "Prunus avium 'Hedelfinger Riesenkirsche'", "gattungdeutsch": "Prunus", "strname": "Gleis-Grün-Zug Bahnhof Plagwitz", "pflanzjahr": "2016", "standalter": "10", "bezirk": "Plagwitz", "standortnr": "G42181", "wassermenge": 100, "wassersumme": 466, "anzahlg": 6 }, "geometry": { "type": "Point", "coordinates": [ 12.32142, 51.32219 ] } },
{ "type": "Feature", "properties": { "id": 6984233, "lat": 51.2848, "lng": 12.3365167, "artdtsch": "Gemeine Esche", "artbot": "Fraxinus excelsior", "gattungdeutsch": "Fraxinus", "strname": "Lauerscher Weg", "pflanzjahr": "2024", "standalter": "2", "bezirk": "Großzschocher", "standortnr": "osm_cossi_2", "wassermenge": 80, "wassersumme": 80, "anzahlg": 1 }, "geometry": { "type": "Point", "coordinates": [ 12.3365167, 51.2848 ] } },
{ "type": "Feature", "properties": { "id": 6990593, "lat": 51.32912, "lng": 12.30829, "artdtsch": "Südlicher Zürgelbaum", "artbot": "Celtis australis", "gattungdeutsch": "Celtis", "strname": "Lindenauer Hafen", "pflanzjahr": "2026", "standalter": "0", "bezirk": "Schönau", "standortnr": "G20511", "wassermenge": 80, "wassersumme": 420, "anzahlg": 7 }, "geometry": { "type": "Point", "coordinates": [ 12.30829, 51.32912 ] } },
{ "type": "Feature", "properties": { "id": 6922887, "lat": 51.32046, "lng": 12.27683, "artdtsch": "Zerr-Eiche", "artbot": "Quercus cerris", "gattungdeutsch": "Quercus", "strname": "Kiewer Straße", "pflanzjahr": "2021", "standalter": "5", "bezirk": "Grünau-Nord", "standortnr": "47460", "wassermenge": 150, "wassersumme": 450, "anzahlg": 3 }, "geometry": { "type": "Point", "coordinates": [ 12.27683, 51.32046 ] } },
{ "type": "Feature", "properties": { "id": 6921748, "lat": 51.34387, "lng": 12.31872, "artdtsch": "Säulen-Tulpenbaum", "artbot": "Liriodendron tulipifera 'Fastigiatum'", "gattungdeutsch": "Liriodendron", "strname": "Pufendorfstraße", "pflanzjahr": "2021", "standalter": "5", "bezirk": "Leutzsch", "standortnr": "77004", "wassermenge": 60, "wassersumme": 295, "anzahlg": 10 }, "geometry": { "type": "Point", "coordinates": [ 12.31872, 51.34387 ] } },
{ "type": "Feature", "properties": { "id": 6922889, "lat": 51.32114, "lng": 12.27642, "artdtsch": "Zerr-Eiche", "artbot": "Quercus cerris", "gattungdeutsch": "Quercus", "strname": "Kiewer Straße", "pflanzjahr": "2021", "standalter": "5", "bezirk": "Grünau-Nord", "standortnr": "47486", "wassermenge": 150, "wassersumme": 450, "anzahlg": 3 }, "geometry": { "type": "Point", "coordinates": [ 12.27642, 51.32114 ] } },
{ "type": "Feature", "properties": { "id": 6916266, "lat": 51.29884, "lng": 12.40631, "artdtsch": "Hopfenbuche", "artbot": "Ostrya carpinifolia", "gattungdeutsch": "Ostrya", "strname": "Park Lößnig/Dölitz, Erholungspark", "pflanzjahr": "2018", "standalter": "8", "bezirk": "Lößnig", "standortnr": "G34361", "wassermenge": 60, "wassersumme": 120, "anzahlg": 2 }, "geometry": { "type": "Point", "coordinates": [ 12.40631, 51.29884 ] } },
{ "type": "Feature", "properties": { "id": 6916149, "lat": 51.32292, "lng": 12.32117, "artdtsch": "Haus-Apfel  'Roter Eiserapfel'", "artbot": "Malus domestica 'Roter Eiserapfel'", "gattungdeutsch": "Malus", "strname": "Gleis-Grün-Zug Bahnhof Plagwitz", "pflanzjahr": "2016", "standalter": "10", "bezirk": "Plagwitz", "standortnr": "G42216", "wassermenge": 100, "wassersumme": 306, "anzahlg": 5 }, "geometry": { "type": "Point", "coordinates": [ 12.32117, 51.32292 ] } },
{ "type": "Feature", "properties": { "id": 6984225, "lat": 51.322354, "lng": 12.371113, "artdtsch": "Kirsche", "artbot": "Prunus species", "gattungdeutsch": "Prunus", "strname": "Alfred-Kästner-Str.", "pflanzjahr": "2022", "standalter": "4", "bezirk": "Südvorstadt", "standortnr": "osm_kaestner_kirsche_21", "wassermenge": 20, "wassersumme": 30, "anzahlg": 2 }, "geometry": { "type": "Point", "coordinates": [ 12.371113, 51.322354 ] } },
{ "type": "Feature", "properties": { "id": 6919667, "lat": 51.32258, "lng": 12.32147, "artdtsch": "Walnuss", "artbot": "Juglans regia", "gattungdeutsch": "Juglans", "strname": "Gleis-Grün-Zug Bahnhof Plagwitz", "pflanzjahr": "2016", "standalter": "10", "bezirk": "Plagwitz", "standortnr": "G42210", "wassermenge": 80, "wassersumme": 301, "anzahlg": 5 }, "geometry": { "type": "Point", "coordinates": [ 12.32147, 51.32258 ] } },
{ "type": "Feature", "properties": { "id": 6918256, "lat": 51.32711, "lng": 12.27537, "artdtsch": "Stiel-Eiche", "artbot": "Quercus robur", "gattungdeutsch": "Quercus", "strname": "Lyoner Straße", "pflanzjahr": "2019", "standalter": "7", "bezirk": "Schönau", "standortnr": "76325", "wassermenge": 100, "wassersumme": 500, "anzahlg": 5 }, "geometry": { "type": "Point", "coordinates": [ 12.27537, 51.32711 ] } },
{ "type": "Feature", "properties": { "id": 6995643, "lat": 51.31978, "lng": 12.3701, "artdtsch": "Dreispitz-Ahorn", "artbot": "Acer buergerianum", "gattungdeutsch": "Acer", "strname": "Scharnhorststraße", "pflanzjahr": "2026", "standalter": "0", "bezirk": "Südvorstadt", "standortnr": "174689", "wassermenge": 50, "wassersumme": 200, "anzahlg": 4 }, "geometry": { "type": "Point", "coordinates": [ 12.3701, 51.31978 ] } },
{ "type": "Feature", "properties": { "id": 6907754, "lat": 51.3293, "lng": 12.3084, "artdtsch": "Schwedische Mehlbeere", "artbot": "Sorbus intermedia", "gattungdeutsch": "Sorbus", "strname": "Lindenauer Hafen", "pflanzjahr": "2015", "standalter": "11", "bezirk": "Schönau", "standortnr": "G20496", "wassermenge": 80, "wassersumme": 460, "anzahlg": 8 }, "geometry": { "type": "Point", "coordinates": [ 12.3084, 51.3293 ] } },
{ "type": "Feature", "properties": { "id": 6889793, "lat": 51.34902, "lng": 12.42608, "artdtsch": "Rotbuche", "artbot": "Fagus sylvatica", "gattungdeutsch": "Fagus", "strname": "Louis-Fürnberg-Straße 002 (002788)", "pflanzjahr": "2005", "standalter": "21", "bezirk": "Sellerhausen-Stünz", "standortnr": "112965", "wassermenge": 15, "wassersumme": 15, "anzahlg": 1 }, "geometry": { "type": "Point", "coordinates": [ 12.42608, 51.34902 ] } },
{ "type": "Feature", "properties": { "id": 6918606, "lat": 51.36077, "lng": 12.39188, "artdtsch": "Stadt-Linde", "artbot": "Tilia cordata 'Greenspire'", "gattungdeutsch": "Tilia", "strname": "Dessauer Straße", "pflanzjahr": "2016", "standalter": "10", "bezirk": "Eutritzsch", "standortnr": "3415", "wassermenge": 30, "wassersumme": 629, "anzahlg": 31 }, "geometry": { "type": "Point", "coordinates": [ 12.39188, 51.36077 ] } },
{ "type": "Feature", "properties": { "id": 6919000, "lat": 51.32181, "lng": 12.41582, "artdtsch": "Apfel-Dorn", "artbot": "Crataegus x lavallei", "gattungdeutsch": "Crataegus", "strname": "Weißestraße", "pflanzjahr": "2016", "standalter": "10", "bezirk": "Stötteritz", "standortnr": "25341", "wassermenge": 60, "wassersumme": 1021, "anzahlg": 21 }, "geometry": { "type": "Point", "coordinates": [ 12.41582, 51.32181 ] } },
{ "type": "Feature", "properties": { "id": 6917798, "lat": 51.35293, "lng": 12.4146, "artdtsch": "Feld-Ahorn 'Elsrijk'", "artbot": "Acer campestre 'Elsrijk'", "gattungdeutsch": "Acer", "strname": "Kohlweg", "pflanzjahr": "2016", "standalter": "10", "bezirk": "Schönefeld-Abtnaundorf", "standortnr": "74792", "wassermenge": 50, "wassersumme": 50, "anzahlg": 1 }, "geometry": { "type": "Point", "coordinates": [ 12.4146, 51.35293 ] } },
{ "type": "Feature", "properties": { "id": 6916151, "lat": 51.32278, "lng": 12.32134, "artdtsch": "Feld-Ahorn", "artbot": "Acer campestre", "gattungdeutsch": "Acer", "strname": "Gleis-Grün-Zug Bahnhof Plagwitz", "pflanzjahr": "2020", "standalter": "6", "bezirk": "Plagwitz", "standortnr": "G47636", "wassermenge": 80, "wassersumme": 276, "anzahlg": 5 }, "geometry": { "type": "Point", "coordinates": [ 12.32134, 51.32278 ] } },
{ "type": "Feature", "properties": { "id": 6912685, "lat": 51.3305, "lng": 12.30653, "artdtsch": "Sumpf-Eiche", "artbot": "Quercus palustris", "gattungdeutsch": "Quercus", "strname": "Hafenstraße", "pflanzjahr": "2014", "standalter": "12", "bezirk": "Schönau", "standortnr": "74424", "wassermenge": 80, "wassersumme": 480, "anzahlg": 11 }, "geometry": { "type": "Point", "coordinates": [ 12.30653, 51.3305 ] } },
{ "type": "Feature", "properties": { "id": 6915439, "lat": 51.3213, "lng": 12.3396, "artdtsch": "Straßen-Robinie", "artbot": "Robinia pseudoacacia 'Monophylla'", "gattungdeutsch": "Robinia", "strname": "Brockhausstraße", "pflanzjahr": "2018", "standalter": "8", "bezirk": "Schleußig", "standortnr": "40729", "wassermenge": 70, "wassersumme": 70, "anzahlg": 1 }, "geometry": { "type": "Point", "coordinates": [ 12.3396, 51.3213 ] } },
{ "type": "Feature", "properties": { "id": 6984234, "lat": 51.28485, "lng": 12.3364, "artdtsch": "Gemeine Esche", "artbot": "Fraxinus excelsior", "gattungdeutsch": "Fraxinus", "strname": "Lauerscher Weg", "pflanzjahr": "2024", "standalter": "2", "bezirk": "Großzschocher", "standortnr": "osm_cossi_3", "wassermenge": 80, "wassersumme": 80, "anzahlg": 1 }, "geometry": { "type": "Point", "coordinates": [ 12.3364, 51.28485 ] } },
{ "type": "Feature", "properties": { "id": 6906478, "lat": 51.32933, "lng": 12.30871, "artdtsch": "Vogel-Kirsche", "artbot": "Prunus avium", "gattungdeutsch": "Prunus", "strname": "Lindenauer Hafen", "pflanzjahr": "2015", "standalter": "11", "bezirk": "Schönau", "standortnr": "G20487", "wassermenge": 80, "wassersumme": 460, "anzahlg": 7 }, "geometry": { "type": "Point", "coordinates": [ 12.30871, 51.32933 ] } },
{ "type": "Feature", "properties": { "id": 6917462, "lat": 51.3268, "lng": 12.37204, "artdtsch": "Säulen-Eiche 'Fastigiata Koster'", "artbot": "Quercus robur 'Fastigiata Koster'", "gattungdeutsch": "Quercus", "strname": "Braustraße", "pflanzjahr": "2016", "standalter": "10", "bezirk": "Zentrum-Süd", "standortnr": "74853", "wassermenge": 90, "wassersumme": 90, "anzahlg": 1 }, "geometry": { "type": "Point", "coordinates": [ 12.37204, 51.3268 ] } },
{ "type": "Feature", "properties": { "id": 6906490, "lat": 51.32921, "lng": 12.30836, "artdtsch": "Schwedische Mehlbeere", "artbot": "Sorbus intermedia", "gattungdeutsch": "Sorbus", "strname": "Lindenauer Hafen", "pflanzjahr": "2015", "standalter": "11", "bezirk": "Schönau", "standortnr": "G20507", "wassermenge": 80, "wassersumme": 520, "anzahlg": 9 }, "geometry": { "type": "Point", "coordinates": [ 12.30836, 51.32921 ] } },
{ "type": "Feature", "properties": { "id": 6879039, "lat": 51.34728, "lng": 12.39794, "artdtsch": "Säulen-Hainbuche 'Frans Fontaine'", "artbot": "Carpinus betulus 'Frans Fontaine'", "gattungdeutsch": "Carpinus", "strname": "Mariannenstraße", "pflanzjahr": "1999", "standalter": "27", "bezirk": "Neustadt-Neuschönefeld", "standortnr": "8206", "wassermenge": 10, "wassersumme": 31, "anzahlg": 4 }, "geometry": { "type": "Point", "coordinates": [ 12.39794, 51.34728 ] } },
{ "type": "Feature", "properties": { "id": 6921345, "lat": 51.32392, "lng": 12.29256, "artdtsch": "Ess-Kastanie", "artbot": "Castanea sativa", "gattungdeutsch": "Castanea", "strname": "Parkplatz 6104", "pflanzjahr": "2021", "standalter": "5", "bezirk": "Grünau-Ost", "standortnr": "53309", "wassermenge": 150, "wassersumme": 150, "anzahlg": 1 }, "geometry": { "type": "Point", "coordinates": [ 12.29256, 51.32392 ] } },
{ "type": "Feature", "properties": { "id": 6926241, "lat": 51.37079, "lng": 12.40832, "artdtsch": "Woll-Apfel", "artbot": "Malus tschonoskii", "gattungdeutsch": "Malus", "strname": "Mockauer Straße", "pflanzjahr": "2021", "standalter": "5", "bezirk": "Mockau-Süd", "standortnr": "10340", "wassermenge": 40, "wassersumme": 195, "anzahlg": 12 }, "geometry": { "type": "Point", "coordinates": [ 12.40832, 51.37079 ] } },
{ "type": "Feature", "properties": { "id": 6922631, "lat": 51.34433, "lng": 12.32469, "artdtsch": "Säulen-Eiche 'Fastigiata Koster'", "artbot": "Quercus robur 'Fastigiata Koster'", "gattungdeutsch": "Quercus", "strname": "Paul-Küstner-Straße", "pflanzjahr": "2024", "standalter": "2", "bezirk": "Altlindenau", "standortnr": "133935", "wassermenge": 75, "wassersumme": 225, "anzahlg": 4 }, "geometry": { "type": "Point", "coordinates": [ 12.32469, 51.34433 ] } },
{ "type": "Feature", "properties": { "id": 6984232, "lat": 51.2849167, "lng": 12.33665, "artdtsch": "Gemeine Esche", "artbot": "Fraxinus excelsior", "gattungdeutsch": "Fraxinus", "strname": "Lauerscher Weg", "pflanzjahr": "2024", "standalter": "2", "bezirk": "Großzschocher", "standortnr": "osm_cossi_1\n", "wassermenge": 80, "wassersumme": 80, "anzahlg": 1 }, "geometry": { "type": "Point", "coordinates": [ 12.33665, 51.2849167 ] } },
{ "type": "Feature", "properties": { "id": 6915137, "lat": 51.38864, "lng": 12.32512, "artdtsch": "Zierkirsche", "artbot": "Prunus x schmittii", "gattungdeutsch": "Prunus", "strname": "Sandweg", "pflanzjahr": "2020", "standalter": "6", "bezirk": "Lindenthal", "standortnr": "62151", "wassermenge": 150, "wassersumme": 150, "anzahlg": 1 }, "geometry": { "type": "Point", "coordinates": [ 12.32512, 51.38864 ] } },
{ "type": "Feature", "properties": { "id": 6925569, "lat": 51.36452, "lng": 12.3653, "artdtsch": "Hopfenbuche", "artbot": "Ostrya carpinifolia", "gattungdeutsch": "Ostrya", "strname": "Cöthner Straße", "pflanzjahr": "2023", "standalter": "3", "bezirk": "Gohlis-Süd", "standortnr": "88605", "wassermenge": 100, "wassersumme": 730, "anzahlg": 13 }, "geometry": { "type": "Point", "coordinates": [ 12.3653, 51.36452 ] } },
{ "type": "Feature", "properties": { "id": 6924938, "lat": 51.34382, "lng": 12.31888, "artdtsch": "Säulen-Tulpenbaum", "artbot": "Liriodendron tulipifera 'Fastigiatum'", "gattungdeutsch": "Liriodendron", "strname": "Pufendorfstraße", "pflanzjahr": "2021", "standalter": "5", "bezirk": "Leutzsch", "standortnr": "77003", "wassermenge": 100, "wassersumme": 304, "anzahlg": 9 }, "geometry": { "type": "Point", "coordinates": [ 12.31888, 51.34382 ] } },
{ "type": "Feature", "properties": { "id": 6906484, "lat": 51.32929, "lng": 12.30855, "artdtsch": "Vogel-Kirsche", "artbot": "Prunus avium", "gattungdeutsch": "Prunus", "strname": "Lindenauer Hafen", "pflanzjahr": "2015", "standalter": "11", "bezirk": "Schönau", "standortnr": "G20498", "wassermenge": 80, "wassersumme": 460, "anzahlg": 8 }, "geometry": { "type": "Point", "coordinates": [ 12.30855, 51.32929 ] } },
{ "type": "Feature", "properties": { "id": 6910075, "lat": 51.32929, "lng": 12.30714, "artdtsch": "Speierling", "artbot": "Sorbus domestica", "gattungdeutsch": "Sorbus", "strname": "Lindenauer Hafen", "pflanzjahr": "2014", "standalter": "12", "bezirk": "Schönau", "standortnr": "G20528", "wassermenge": 60, "wassersumme": 60, "anzahlg": 1 }, "geometry": { "type": "Point", "coordinates": [ 12.30714, 51.32929 ] } },
{ "type": "Feature", "properties": { "id": 6915663, "lat": 51.3278, "lng": 12.34595, "artdtsch": "Stadt-Linde", "artbot": "Tilia cordata 'Greenspire'", "gattungdeutsch": "Tilia", "strname": "Könneritzstraße", "pflanzjahr": "2016", "standalter": "10", "bezirk": "Schleußig", "standortnr": "39601", "wassermenge": 32, "wassersumme": 127, "anzahlg": 7 }, "geometry": { "type": "Point", "coordinates": [ 12.34595, 51.3278 ] } },
{ "type": "Feature", "properties": { "id": 6934038, "lat": 51.33559, "lng": 12.36661, "artdtsch": "Götterbaum", "artbot": "Ailanthus altissima", "gattungdeutsch": "Ailanthus", "strname": "Johannapark", "pflanzjahr": "1920", "standalter": "106", "bezirk": "Zentrum-West", "standortnr": "G4009", "wassermenge": 17, "wassersumme": 27, "anzahlg": 2 }, "geometry": { "type": "Point", "coordinates": [ 12.36661, 51.33559 ] } },
{ "type": "Feature", "properties": { "id": 6909881, "lat": 51.32584, "lng": 12.27633, "artdtsch": "Nelken-Kirsche", "artbot": "Prunus serrulata 'Kanzan'", "gattungdeutsch": "Prunus", "strname": "Mühlhäuser Ring", "pflanzjahr": "2014", "standalter": "12", "bezirk": "Schönau", "standortnr": "74225", "wassermenge": 40, "wassersumme": 200, "anzahlg": 7 }, "geometry": { "type": "Point", "coordinates": [ 12.27633, 51.32584 ] } },
{ "type": "Feature", "properties": { "id": 6914760, "lat": 51.35853, "lng": 12.41785, "artdtsch": "Linde", "artbot": "Tilia species", "gattungdeutsch": "Tilia", "strname": "Gorkistraße 025 (016951)", "pflanzjahr": "2018", "standalter": "8", "bezirk": "Schönefeld-Ost", "standortnr": "117993", "wassermenge": 50, "wassersumme": 55, "anzahlg": 2 }, "geometry": { "type": "Point", "coordinates": [ 12.41785, 51.35853 ] } },
{ "type": "Feature", "properties": { "id": 6916343, "lat": 51.31189, "lng": 12.2834, "artdtsch": "Platane", "artbot": "Platanus x acerifolia", "gattungdeutsch": "Platanus", "strname": "Ratzelstraße", "pflanzjahr": "2019", "standalter": "7", "bezirk": "Grünau-Siedlung", "standortnr": "76234", "wassermenge": 150, "wassersumme": 650, "anzahlg": 6 }, "geometry": { "type": "Point", "coordinates": [ 12.2834, 51.31189 ] } },
{ "type": "Feature", "properties": { "id": 6916586, "lat": 51.31303, "lng": 12.28929, "artdtsch": "Platane", "artbot": "Platanus x acerifolia", "gattungdeutsch": "Platanus", "strname": "Ratzelstraße", "pflanzjahr": "2019", "standalter": "7", "bezirk": "Grünau-Siedlung", "standortnr": "76222", "wassermenge": 100, "wassersumme": 100, "anzahlg": 1 }, "geometry": { "type": "Point", "coordinates": [ 12.28929, 51.31303 ] } },
{ "type": "Feature", "properties": { "id": 6920145, "lat": 51.36282, "lng": 12.37753, "artdtsch": "Feld-Ahorn ''Huibers Elegant'", "artbot": "Acer campestre 'Huibers Elegant'", "gattungdeutsch": "Acer", "strname": "Wilhelm-Sammet-Straße", "pflanzjahr": "2020", "standalter": "6", "bezirk": "Gohlis-Mitte", "standortnr": "58666", "wassermenge": 4, "wassersumme": 4, "anzahlg": 1 }, "geometry": { "type": "Point", "coordinates": [ 12.37753, 51.36282 ] } },
{ "type": "Feature", "properties": { "id": 6916595, "lat": 51.31185, "lng": 12.28322, "artdtsch": "Platane", "artbot": "Platanus x acerifolia", "gattungdeutsch": "Platanus", "strname": "Ratzelstraße", "pflanzjahr": "2019", "standalter": "7", "bezirk": "Grünau-Siedlung", "standortnr": "76235", "wassermenge": 150, "wassersumme": 650, "anzahlg": 6 }, "geometry": { "type": "Point", "coordinates": [ 12.28322, 51.31185 ] } },
{ "type": "Feature", "properties": { "id": 6915485, "lat": 51.32216, "lng": 12.33865, "artdtsch": "Kegel-Linde", "artbot": "Tilia flavescens 'Glenleven'", "gattungdeutsch": "Tilia", "strname": "Holbeinstraße", "pflanzjahr": "2017", "standalter": "9", "bezirk": "Schleußig", "standortnr": "40456", "wassermenge": 76, "wassersumme": 286, "anzahlg": 5 }, "geometry": { "type": "Point", "coordinates": [ 12.33865, 51.32216 ] } },
{ "type": "Feature", "properties": { "id": 6926010, "lat": 51.34011, "lng": 12.36779, "artdtsch": "Säulen-Magnolie", "artbot": "Magnolia kobus 'Isis'", "gattungdeutsch": "Magnolia", "strname": "Thomasiusstraße", "pflanzjahr": "2024", "standalter": "2", "bezirk": "Zentrum-West", "standortnr": "146839", "wassermenge": 80, "wassersumme": 160, "anzahlg": 2 }, "geometry": { "type": "Point", "coordinates": [ 12.36779, 51.34011 ] } },
{ "type": "Feature", "properties": { "id": 6918247, "lat": 51.32702, "lng": 12.27384, "artdtsch": "Stiel-Eiche", "artbot": "Quercus robur", "gattungdeutsch": "Quercus", "strname": "Lyoner Straße", "pflanzjahr": "2019", "standalter": "7", "bezirk": "Schönau", "standortnr": "76316", "wassermenge": 100, "wassersumme": 500, "anzahlg": 5 }, "geometry": { "type": "Point", "coordinates": [ 12.27384, 51.32702 ] } },
{ "type": "Feature", "properties": { "id": 6907319, "lat": 51.33026, "lng": 12.3055, "artdtsch": "Vogel-Kirsche", "artbot": "Prunus avium", "gattungdeutsch": "Prunus", "strname": "Lindenauer Hafen", "pflanzjahr": "2014", "standalter": "12", "bezirk": "Schönau", "standortnr": "G20557", "wassermenge": 80, "wassersumme": 200, "anzahlg": 3 }, "geometry": { "type": "Point", "coordinates": [ 12.3055, 51.33026 ] } },
{ "type": "Feature", "properties": { "id": 6913831, "lat": 51.32911, "lng": 12.30861, "artdtsch": "Vogel-Kirsche", "artbot": "Prunus avium", "gattungdeutsch": "Prunus", "strname": "Lindenauer Hafen", "pflanzjahr": "2020", "standalter": "6", "bezirk": "Schönau", "standortnr": "G20505", "wassermenge": 80, "wassersumme": 560, "anzahlg": 8 }, "geometry": { "type": "Point", "coordinates": [ 12.30861, 51.32911 ] } },
{ "type": "Feature", "properties": { "id": 6985480, "lat": 51.30734, "lng": 12.41274, "artdtsch": "Rhododendron", "artbot": "Rhododendron species", "gattungdeutsch": "Rhododendron", "strname": "Südfriedhof", "pflanzjahr": "NULL", "standalter": "NULL", "bezirk": "Probstheida", "standortnr": "168748", "wassermenge": 30, "wassersumme": 270, "anzahlg": 16 }, "geometry": { "type": "Point", "coordinates": [ 12.41274, 51.30734 ] } },
{ "type": "Feature", "properties": { "id": 6916136, "lat": 51.3222, "lng": 12.32133, "artdtsch": "Süßkirsche 'Burlat'", "artbot": "Prunus avium 'Burlat'", "gattungdeutsch": "Prunus", "strname": "Gleis-Grün-Zug Bahnhof Plagwitz", "pflanzjahr": "2016", "standalter": "10", "bezirk": "Plagwitz", "standortnr": "G42184", "wassermenge": 100, "wassersumme": 466, "anzahlg": 6 }, "geometry": { "type": "Point", "coordinates": [ 12.32133, 51.3222 ] } },
{ "type": "Feature", "properties": { "id": 6870584, "lat": 51.32182, "lng": 12.4162, "artdtsch": "Rotdorn", "artbot": "Crataegus laevigata 'Paul's Scarlet'", "gattungdeutsch": "Crataegus", "strname": "Weißestraße", "pflanzjahr": "2000", "standalter": "26", "bezirk": "Stötteritz", "standortnr": "25337", "wassermenge": 7, "wassersumme": 14, "anzahlg": 2 }, "geometry": { "type": "Point", "coordinates": [ 12.4162, 51.32182 ] } },
{ "type": "Feature", "properties": { "id": 6907328, "lat": 51.33064, "lng": 12.30485, "artdtsch": "Apfel-Dorn", "artbot": "Crataegus x lavallei", "gattungdeutsch": "Crataegus", "strname": "Lindenauer Hafen", "pflanzjahr": "2026", "standalter": "0", "bezirk": "Schönau", "standortnr": "G20569", "wassermenge": 60, "wassersumme": 60, "anzahlg": 1 }, "geometry": { "type": "Point", "coordinates": [ 12.30485, 51.33064 ] } },
{ "type": "Feature", "properties": { "id": 6918252, "lat": 51.32706, "lng": 12.27467, "artdtsch": "Stiel-Eiche", "artbot": "Quercus robur", "gattungdeutsch": "Quercus", "strname": "Lyoner Straße", "pflanzjahr": "2019", "standalter": "7", "bezirk": "Schönau", "standortnr": "76321", "wassermenge": 100, "wassersumme": 500, "anzahlg": 5 }, "geometry": { "type": "Point", "coordinates": [ 12.27467, 51.32706 ] } },
{ "type": "Feature", "properties": { "id": 6908450, "lat": 51.33543, "lng": 12.36138, "artdtsch": "Holländische Linde", "artbot": "Tilia x vulgaris", "gattungdeutsch": "Tilia", "strname": "Johannapark", "pflanzjahr": "2011", "standalter": "15", "bezirk": "Zentrum-West", "standortnr": "37729", "wassermenge": 80, "wassersumme": 90, "anzahlg": 2 }, "geometry": { "type": "Point", "coordinates": [ 12.36138, 51.33543 ] } },
{ "type": "Feature", "properties": { "id": 6985787, "lat": 51.35513, "lng": 12.26482, "artdtsch": "Kobushi-Magnolie", "artbot": "Magnolia kobus", "gattungdeutsch": "Magnolia", "strname": "Parkplatz 7501", "pflanzjahr": "2025", "standalter": "1", "bezirk": "Burghausen-Rückmarsdorf", "standortnr": "168907", "wassermenge": 40, "wassersumme": 80, "anzahlg": 2 }, "geometry": { "type": "Point", "coordinates": [ 12.26482, 51.35513 ] } },
{ "type": "Feature", "properties": { "id": 6924302, "lat": 51.31763, "lng": 12.40584, "artdtsch": "Gemeine Esche", "artbot": "Fraxinus excelsior", "gattungdeutsch": "Fraxinus", "strname": "Wilhelm-Külz-Park", "pflanzjahr": "2021", "standalter": "5", "bezirk": "Probstheida", "standortnr": "G10928", "wassermenge": 20, "wassersumme": 110, "anzahlg": 9 }, "geometry": { "type": "Point", "coordinates": [ 12.40584, 51.31763 ] } },
{ "type": "Feature", "properties": { "id": 6910087, "lat": 51.33011, "lng": 12.30574, "artdtsch": "Eingriffliger Weißdorn", "artbot": "Crataegus monogyna", "gattungdeutsch": "Crataegus", "strname": "Lindenauer Hafen", "pflanzjahr": "2014", "standalter": "12", "bezirk": "Schönau", "standortnr": "G20552", "wassermenge": 90, "wassersumme": 410, "anzahlg": 5 }, "geometry": { "type": "Point", "coordinates": [ 12.30574, 51.33011 ] } },
{ "type": "Feature", "properties": { "id": 6917367, "lat": 51.34658, "lng": 12.31597, "artdtsch": "Säulen-Eiche 'Fastigiata Koster'", "artbot": "Quercus robur 'Fastigiata Koster'", "gattungdeutsch": "Quercus", "strname": "Weinbergstraße", "pflanzjahr": "2019", "standalter": "7", "bezirk": "Leutzsch", "standortnr": "75863", "wassermenge": 50, "wassersumme": 200, "anzahlg": 7 }, "geometry": { "type": "Point", "coordinates": [ 12.31597, 51.34658 ] } },
{ "type": "Feature", "properties": { "id": 6918253, "lat": 51.32707, "lng": 12.27486, "artdtsch": "Stiel-Eiche", "artbot": "Quercus robur", "gattungdeutsch": "Quercus", "strname": "Lyoner Straße", "pflanzjahr": "2019", "standalter": "7", "bezirk": "Schönau", "standortnr": "76322", "wassermenge": 100, "wassersumme": 500, "anzahlg": 5 }, "geometry": { "type": "Point", "coordinates": [ 12.27486, 51.32707 ] } },
{ "type": "Feature", "properties": { "id": 6890230, "lat": 51.33195, "lng": 12.32993, "artdtsch": "Apfel-Dorn", "artbot": "Crataegus x lavallei", "gattungdeutsch": "Crataegus", "strname": "Aurelienstraße", "pflanzjahr": "2004", "standalter": "22", "bezirk": "Lindenau", "standortnr": "44366", "wassermenge": 6, "wassersumme": 6, "anzahlg": 1 }, "geometry": { "type": "Point", "coordinates": [ 12.32993, 51.33195 ] } },
{ "type": "Feature", "properties": { "id": 6907308, "lat": 51.32926, "lng": 12.3072, "artdtsch": "Vogel-Kirsche", "artbot": "Prunus avium", "gattungdeutsch": "Prunus", "strname": "Lindenauer Hafen", "pflanzjahr": "2014", "standalter": "12", "bezirk": "Schönau", "standortnr": "G20527", "wassermenge": 80, "wassersumme": 330, "anzahlg": 5 }, "geometry": { "type": "Point", "coordinates": [ 12.3072, 51.32926 ] } },
{ "type": "Feature", "properties": { "id": 6925626, "lat": 51.3674, "lng": 12.37858, "artdtsch": "Tulpenbaum", "artbot": "Liriodendron tulipifera", "gattungdeutsch": "Liriodendron", "strname": "Krokerstraße", "pflanzjahr": "2024", "standalter": "2", "bezirk": "Gohlis-Mitte", "standortnr": "133820", "wassermenge": 40, "wassersumme": 70, "anzahlg": 2 }, "geometry": { "type": "Point", "coordinates": [ 12.37858, 51.3674 ] } },
{ "type": "Feature", "properties": { "id": 6910551, "lat": 51.32136, "lng": 12.36897, "artdtsch": "Kaiser-Linde", "artbot": "Tilia x vulgaris 'Pallida'", "gattungdeutsch": "Tilia", "strname": "August-Bebel-Straße", "pflanzjahr": "2013", "standalter": "13", "bezirk": "Südvorstadt", "standortnr": "41859", "wassermenge": 20, "wassersumme": 20, "anzahlg": 1 }, "geometry": { "type": "Point", "coordinates": [ 12.36897, 51.32136 ] } },
{ "type": "Feature", "properties": { "id": 6924614, "lat": 51.32414, "lng": 12.29377, "artdtsch": "Säulen-Tulpenbaum", "artbot": "Liriodendron tulipifera 'Fastigiatum'", "gattungdeutsch": "Liriodendron", "strname": "Weißdornstraße", "pflanzjahr": "2021", "standalter": "5", "bezirk": "Grünau-Ost", "standortnr": "85562", "wassermenge": 100, "wassersumme": 100, "anzahlg": 1 }, "geometry": { "type": "Point", "coordinates": [ 12.29377, 51.32414 ] } },
{ "type": "Feature", "properties": { "id": 6916144, "lat": 51.32267, "lng": 12.3211, "artdtsch": "Haus-Apfel 'Rote Sternrenette'", "artbot": "Malus domestica 'Rote Sternrenette'", "gattungdeutsch": "Malus", "strname": "Gleis-Grün-Zug Bahnhof Plagwitz", "pflanzjahr": "2016", "standalter": "10", "bezirk": "Plagwitz", "standortnr": "G42212", "wassermenge": 100, "wassersumme": 346, "anzahlg": 5 }, "geometry": { "type": "Point", "coordinates": [ 12.3211, 51.32267 ] } },
{ "type": "Feature", "properties": { "id": 6919535, "lat": 51.33375, "lng": 12.40203, "artdtsch": "Späte Trauben-Kirsche", "artbot": "Prunus serotina", "gattungdeutsch": "Prunus", "strname": "Lene-Voigt-Park", "pflanzjahr": "2020", "standalter": "6", "bezirk": "Reudnitz-Thonberg", "standortnr": "G6831", "wassermenge": 20, "wassersumme": 442, "anzahlg": 51 }, "geometry": { "type": "Point", "coordinates": [ 12.40203, 51.33375 ] } },
{ "type": "Feature", "properties": { "id": 6917252, "lat": 51.34157, "lng": 12.3368, "artdtsch": "Blumen-Esche", "artbot": "Fraxinus ornus", "gattungdeutsch": "Fraxinus", "strname": "Erich-Köhn-Straße", "pflanzjahr": "2019", "standalter": "7", "bezirk": "Altlindenau", "standortnr": "54978", "wassermenge": 30, "wassersumme": 665, "anzahlg": 29 }, "geometry": { "type": "Point", "coordinates": [ 12.3368, 51.34157 ] } },
{ "type": "Feature", "properties": { "id": 6984231, "lat": 51.3213912, "lng": 12.3208937, "artdtsch": "NULL", "artbot": "NULL", "gattungdeutsch": "NULL", "strname": "NULL", "pflanzjahr": "2016", "standalter": "10", "bezirk": "Plagwitz", "standortnr": "osm_6058038301", "wassermenge": 80, "wassersumme": 100, "anzahlg": 3 }, "geometry": { "type": "Point", "coordinates": [ 12.3208937, 51.3213912 ] } },
{ "type": "Feature", "properties": { "id": 6919510, "lat": 51.33467, "lng": 12.35662, "artdtsch": "Säulen-Eiche", "artbot": "Quercus robur 'Fastigiata'", "gattungdeutsch": "Quercus", "strname": "Sebastian-Bach-Straße", "pflanzjahr": "2018", "standalter": "8", "bezirk": "Zentrum-West", "standortnr": "75756", "wassermenge": 100, "wassersumme": 100, "anzahlg": 1 }, "geometry": { "type": "Point", "coordinates": [ 12.35662, 51.33467 ] } },
{ "type": "Feature", "properties": { "id": 6907757, "lat": 51.3292, "lng": 12.30863, "artdtsch": "Schwedische Mehlbeere", "artbot": "Sorbus intermedia", "gattungdeutsch": "Sorbus", "strname": "Lindenauer Hafen", "pflanzjahr": "2015", "standalter": "11", "bezirk": "Schönau", "standortnr": "G20502", "wassermenge": 80, "wassersumme": 440, "anzahlg": 7 }, "geometry": { "type": "Point", "coordinates": [ 12.30863, 51.3292 ] } },
{ "type": "Feature", "properties": { "id": 6916378, "lat": 51.33916, "lng": 12.3989, "artdtsch": "Stadt-Linde", "artbot": "Tilia cordata 'Greenspire'", "gattungdeutsch": "Tilia", "strname": "Dresdner Straße", "pflanzjahr": "2018", "standalter": "8", "bezirk": "Reudnitz-Thonberg", "standortnr": "5938", "wassermenge": 100, "wassersumme": 214, "anzahlg": 3 }, "geometry": { "type": "Point", "coordinates": [ 12.3989, 51.33916 ] } },
{ "type": "Feature", "properties": { "id": 6963351, "lat": 51.35641, "lng": 12.45592, "artdtsch": "Baumhasel", "artbot": "Corylus colurna", "gattungdeutsch": "Corylus", "strname": "Goldsternstraße 023, 025 und Hainbuchenstraße 013 (011297)", "pflanzjahr": "NULL", "standalter": "NULL", "bezirk": "Paunsdorf", "standortnr": "115077", "wassermenge": 30, "wassersumme": 30, "anzahlg": 1 }, "geometry": { "type": "Point", "coordinates": [ 12.45592, 51.35641 ] } },
{ "type": "Feature", "properties": { "id": 6920147, "lat": 51.36298, "lng": 12.37713, "artdtsch": "Feld-Ahorn ''Huibers Elegant'", "artbot": "Acer campestre 'Huibers Elegant'", "gattungdeutsch": "Acer", "strname": "Wilhelm-Sammet-Straße", "pflanzjahr": "2020", "standalter": "6", "bezirk": "Gohlis-Mitte", "standortnr": "58668", "wassermenge": 5, "wassersumme": 9, "anzahlg": 2 }, "geometry": { "type": "Point", "coordinates": [ 12.37713, 51.36298 ] } },
{ "type": "Feature", "properties": { "id": 6910092, "lat": 51.33051, "lng": 12.30508, "artdtsch": "Eingriffliger Weißdorn", "artbot": "Crataegus monogyna", "gattungdeutsch": "Crataegus", "strname": "Lindenauer Hafen", "pflanzjahr": "2014", "standalter": "12", "bezirk": "Schönau", "standortnr": "G20563", "wassermenge": 80, "wassersumme": 140, "anzahlg": 2 }, "geometry": { "type": "Point", "coordinates": [ 12.30508, 51.33051 ] } },
{ "type": "Feature", "properties": { "id": 6910078, "lat": 51.32964, "lng": 12.30654, "artdtsch": "Eingriffliger Weißdorn", "artbot": "Crataegus monogyna", "gattungdeutsch": "Crataegus", "strname": "Lindenauer Hafen", "pflanzjahr": "2014", "standalter": "12", "bezirk": "Schönau", "standortnr": "G20536", "wassermenge": 80, "wassersumme": 320, "anzahlg": 5 }, "geometry": { "type": "Point", "coordinates": [ 12.30654, 51.32964 ] } },
{ "type": "Feature", "properties": { "id": 6906479, "lat": 51.32938, "lng": 12.30861, "artdtsch": "Schwedische Mehlbeere", "artbot": "Sorbus intermedia", "gattungdeutsch": "Sorbus", "strname": "Lindenauer Hafen", "pflanzjahr": "2015", "standalter": "11", "bezirk": "Schönau", "standortnr": "G20488", "wassermenge": 80, "wassersumme": 380, "anzahlg": 6 }, "geometry": { "type": "Point", "coordinates": [ 12.30861, 51.32938 ] } },
{ "type": "Feature", "properties": { "id": 6906485, "lat": 51.32918, "lng": 12.30858, "artdtsch": "Schwedische Mehlbeere", "artbot": "Sorbus intermedia", "gattungdeutsch": "Sorbus", "strname": "Lindenauer Hafen", "pflanzjahr": "2015", "standalter": "11", "bezirk": "Schönau", "standortnr": "G20503", "wassermenge": 80, "wassersumme": 500, "anzahlg": 8 }, "geometry": { "type": "Point", "coordinates": [ 12.30858, 51.32918 ] } },
{ "type": "Feature", "properties": { "id": 6918992, "lat": 51.33409, "lng": 12.39638, "artdtsch": "Brabanter Silber-Linde", "artbot": "Tilia tomentosa 'Brabant'", "gattungdeutsch": "Tilia", "strname": "Teubnerstraße", "pflanzjahr": "2019", "standalter": "7", "bezirk": "Reudnitz-Thonberg", "standortnr": "75088", "wassermenge": 100, "wassersumme": 285, "anzahlg": 5 }, "geometry": { "type": "Point", "coordinates": [ 12.39638, 51.33409 ] } },
{ "type": "Feature", "properties": { "id": 6907307, "lat": 51.32922, "lng": 12.30726, "artdtsch": "Eingriffliger Weißdorn", "artbot": "Crataegus monogyna", "gattungdeutsch": "Crataegus", "strname": "Lindenauer Hafen", "pflanzjahr": "2014", "standalter": "12", "bezirk": "Schönau", "standortnr": "G20526", "wassermenge": 80, "wassersumme": 340, "anzahlg": 5 }, "geometry": { "type": "Point", "coordinates": [ 12.30726, 51.32922 ] } },
{ "type": "Feature", "properties": { "id": 6918255, "lat": 51.3271, "lng": 12.27518, "artdtsch": "Stiel-Eiche", "artbot": "Quercus robur", "gattungdeutsch": "Quercus", "strname": "Lyoner Straße", "pflanzjahr": "2019", "standalter": "7", "bezirk": "Schönau", "standortnr": "76324", "wassermenge": 100, "wassersumme": 500, "anzahlg": 5 }, "geometry": { "type": "Point", "coordinates": [ 12.27518, 51.3271 ] } },
{ "type": "Feature", "properties": { "id": 6916684, "lat": 51.34499, "lng": 12.40005, "artdtsch": "Gefülltblühende Rosskastanie", "artbot": "Aesculus hippocastanum 'Baumannii'", "gattungdeutsch": "Aesculus", "strname": "Lorenzstraße", "pflanzjahr": "2018", "standalter": "8", "bezirk": "Neustadt-Neuschönefeld", "standortnr": "41589", "wassermenge": 80, "wassersumme": 560, "anzahlg": 12 }, "geometry": { "type": "Point", "coordinates": [ 12.40005, 51.34499 ] } },
{ "type": "Feature", "properties": { "id": 6920674, "lat": 51.33936, "lng": 12.48364, "artdtsch": "Gleditschie 'Skyline'", "artbot": "Gleditsia triacanthos 'Skyline'", "gattungdeutsch": "Gleditsia", "strname": "Wohngebiet \"Am Gaswerksweg\" 1. BA (B-Plan E-161.1 Wohngebiet \"Am Gaswerksweg I. BA\")", "pflanzjahr": "2021", "standalter": "5", "bezirk": "Engelsdorf", "standortnr": "79636", "wassermenge": 10, "wassersumme": 10, "anzahlg": 1 }, "geometry": { "type": "Point", "coordinates": [ 12.48364, 51.33936 ] } },
{ "type": "Feature", "properties": { "id": 6920170, "lat": 51.34506, "lng": 12.36658, "artdtsch": "Stadt-Linde", "artbot": "Tilia cordata 'Greenspire'", "gattungdeutsch": "Tilia", "strname": "Gustav-Adolf-Straße", "pflanzjahr": "2018", "standalter": "8", "bezirk": "Zentrum-Nordwest", "standortnr": "75536", "wassermenge": 50, "wassersumme": 50, "anzahlg": 1 }, "geometry": { "type": "Point", "coordinates": [ 12.36658, 51.34506 ] } },
{ "type": "Feature", "properties": { "id": 6921130, "lat": 51.34175, "lng": 12.35714, "artdtsch": "Stadt-Linde", "artbot": "Tilia cordata 'Greenspire'", "gattungdeutsch": "Tilia", "strname": "Jahnallee", "pflanzjahr": "2021", "standalter": "5", "bezirk": "Zentrum-West", "standortnr": "35879", "wassermenge": 16, "wassersumme": 56, "anzahlg": 6 }, "geometry": { "type": "Point", "coordinates": [ 12.35714, 51.34175 ] } },
{ "type": "Feature", "properties": { "id": 6918920, "lat": 51.31402, "lng": 12.42212, "artdtsch": "Stadt-Linde", "artbot": "Tilia cordata 'Greenspire'", "gattungdeutsch": "Tilia", "strname": "Kommandant-Prendel-Allee", "pflanzjahr": "2018", "standalter": "8", "bezirk": "Stötteritz", "standortnr": "25991", "wassermenge": 45, "wassersumme": 275, "anzahlg": 11 }, "geometry": { "type": "Point", "coordinates": [ 12.42212, 51.31402 ] } },
{ "type": "Feature", "properties": { "id": 6907302, "lat": 51.32896, "lng": 12.30771, "artdtsch": "Speierling", "artbot": "Sorbus domestica", "gattungdeutsch": "Sorbus", "strname": "Lindenauer Hafen", "pflanzjahr": "2014", "standalter": "12", "bezirk": "Schönau", "standortnr": "G20516", "wassermenge": 80, "wassersumme": 400, "anzahlg": 6 }, "geometry": { "type": "Point", "coordinates": [ 12.30771, 51.32896 ] } },
{ "type": "Feature", "properties": { "id": 6907303, "lat": 51.329, "lng": 12.30764, "artdtsch": "Speierling", "artbot": "Sorbus domestica", "gattungdeutsch": "Sorbus", "strname": "Lindenauer Hafen", "pflanzjahr": "2014", "standalter": "12", "bezirk": "Schönau", "standortnr": "G20517", "wassermenge": 80, "wassersumme": 400, "anzahlg": 6 }, "geometry": { "type": "Point", "coordinates": [ 12.30764, 51.329 ] } },
{ "type": "Feature", "properties": { "id": 6919614, "lat": 51.30948, "lng": 12.42512, "artdtsch": "Trauben-Eiche", "artbot": "Quercus petraea", "gattungdeutsch": "Quercus", "strname": "Park der Freundschaft (Etzoldsche Sandgrube)", "pflanzjahr": "2020", "standalter": "6", "bezirk": "Probstheida", "standortnr": "G53209", "wassermenge": 30, "wassersumme": 30, "anzahlg": 1 }, "geometry": { "type": "Point", "coordinates": [ 12.42512, 51.30948 ] } },
{ "type": "Feature", "properties": { "id": 6916376, "lat": 51.33895, "lng": 12.39839, "artdtsch": "Stadt-Linde", "artbot": "Tilia cordata 'Greenspire'", "gattungdeutsch": "Tilia", "strname": "Crusiusstraße", "pflanzjahr": "2018", "standalter": "8", "bezirk": "Reudnitz-Thonberg", "standortnr": "21827", "wassermenge": 100, "wassersumme": 670, "anzahlg": 8 }, "geometry": { "type": "Point", "coordinates": [ 12.39839, 51.33895 ] } },
{ "type": "Feature", "properties": { "id": 6912768, "lat": 51.30352, "lng": 12.39425, "artdtsch": "Baumhasel", "artbot": "Corylus colurna", "gattungdeutsch": "Corylus", "strname": "Probstheidaer Straße", "pflanzjahr": "2011", "standalter": "15", "bezirk": "Marienbrunn", "standortnr": "32902", "wassermenge": 20, "wassersumme": 20, "anzahlg": 1 }, "geometry": { "type": "Point", "coordinates": [ 12.39425, 51.30352 ] } },
{ "type": "Feature", "properties": { "id": 6924615, "lat": 51.32409, "lng": 12.2938, "artdtsch": "Säulen-Tulpenbaum", "artbot": "Liriodendron tulipifera 'Fastigiatum'", "gattungdeutsch": "Liriodendron", "strname": "Weißdornstraße", "pflanzjahr": "2021", "standalter": "5", "bezirk": "Grünau-Ost", "standortnr": "85563", "wassermenge": 100, "wassersumme": 100, "anzahlg": 1 }, "geometry": { "type": "Point", "coordinates": [ 12.2938, 51.32409 ] } },
{ "type": "Feature", "properties": { "id": 6911433, "lat": 51.32338, "lng": 12.32338, "artdtsch": "Feld-Ahorn", "artbot": "Acer campestre", "gattungdeutsch": "Acer", "strname": "Weg 5202", "pflanzjahr": "2013", "standalter": "13", "bezirk": "Plagwitz", "standortnr": "73663", "wassermenge": 60, "wassersumme": 60, "anzahlg": 1 }, "geometry": { "type": "Point", "coordinates": [ 12.32338, 51.32338 ] } },
{ "type": "Feature", "properties": { "id": 6912003, "lat": 51.36125, "lng": 12.38368, "artdtsch": "Stadt-Linde", "artbot": "Tilia cordata 'Greenspire'", "gattungdeutsch": "Tilia", "strname": "Wilhelminenstraße", "pflanzjahr": "2013", "standalter": "13", "bezirk": "Eutritzsch", "standortnr": "4042", "wassermenge": 10, "wassersumme": 70, "anzahlg": 7 }, "geometry": { "type": "Point", "coordinates": [ 12.38368, 51.36125 ] } },
{ "type": "Feature", "properties": { "id": 6917256, "lat": 51.31994, "lng": 12.33462, "artdtsch": "Stadt-Linde", "artbot": "Tilia cordata 'Greenspire'", "gattungdeutsch": "Tilia", "strname": "Erich-Zeigner-Allee", "pflanzjahr": "2017", "standalter": "9", "bezirk": "Plagwitz", "standortnr": "40042", "wassermenge": 100, "wassersumme": 100, "anzahlg": 1 }, "geometry": { "type": "Point", "coordinates": [ 12.33462, 51.31994 ] } },
{ "type": "Feature", "properties": { "id": 6896774, "lat": 51.31181, "lng": 12.41845, "artdtsch": "Stadt-Linde", "artbot": "Tilia cordata 'Greenspire'", "gattungdeutsch": "Tilia", "strname": "Kommandant-Prendel-Allee", "pflanzjahr": "2025", "standalter": "1", "bezirk": "Stötteritz", "standortnr": "25893", "wassermenge": 10, "wassersumme": 10, "anzahlg": 1 }, "geometry": { "type": "Point", "coordinates": [ 12.41845, 51.31181 ] } },
{ "type": "Feature", "properties": { "id": 6907180, "lat": 51.33859, "lng": 12.39861, "artdtsch": "Rotdorn", "artbot": "Crataegus laevigata 'Paul's Scarlet'", "gattungdeutsch": "Crataegus", "strname": "Stephaniplatz", "pflanzjahr": "2013", "standalter": "13", "bezirk": "Reudnitz-Thonberg", "standortnr": "G1840", "wassermenge": 100, "wassersumme": 280, "anzahlg": 3 }, "geometry": { "type": "Point", "coordinates": [ 12.39861, 51.33859 ] } },
{ "type": "Feature", "properties": { "id": 6910090, "lat": 51.33016, "lng": 12.30566, "artdtsch": "Eingriffliger Weißdorn", "artbot": "Crataegus monogyna", "gattungdeutsch": "Crataegus", "strname": "Lindenauer Hafen", "pflanzjahr": "2014", "standalter": "12", "bezirk": "Schönau", "standortnr": "G20555", "wassermenge": 90, "wassersumme": 320, "anzahlg": 4 }, "geometry": { "type": "Point", "coordinates": [ 12.30566, 51.33016 ] } },
{ "type": "Feature", "properties": { "id": 6925757, "lat": 51.34369, "lng": 12.3255, "artdtsch": "Winter-Linde 'Rancho'", "artbot": "Tilia cordata 'Rancho'", "gattungdeutsch": "Tilia", "strname": "Hempelstraße", "pflanzjahr": "2023", "standalter": "3", "bezirk": "Altlindenau", "standortnr": "132662", "wassermenge": 65, "wassersumme": 215, "anzahlg": 4 }, "geometry": { "type": "Point", "coordinates": [ 12.3255, 51.34369 ] } },
{ "type": "Feature", "properties": { "id": 6907750, "lat": 51.32943, "lng": 12.30862, "artdtsch": "Schwedische Mehlbeere", "artbot": "Sorbus intermedia", "gattungdeutsch": "Sorbus", "strname": "Lindenauer Hafen", "pflanzjahr": "2015", "standalter": "11", "bezirk": "Schönau", "standortnr": "G20489", "wassermenge": 80, "wassersumme": 460, "anzahlg": 7 }, "geometry": { "type": "Point", "coordinates": [ 12.30862, 51.32943 ] } },
{ "type": "Feature", "properties": { "id": 6918260, "lat": 51.32718, "lng": 12.27603, "artdtsch": "Stiel-Eiche", "artbot": "Quercus robur", "gattungdeutsch": "Quercus", "strname": "Lyoner Straße", "pflanzjahr": "2019", "standalter": "7", "bezirk": "Schönau", "standortnr": "76329", "wassermenge": 100, "wassersumme": 400, "anzahlg": 4 }, "geometry": { "type": "Point", "coordinates": [ 12.27603, 51.32718 ] } },
{ "type": "Feature", "properties": { "id": 6921186, "lat": 51.3249, "lng": 12.32258, "artdtsch": "Bienenbaum", "artbot": "Tetradium daniellii", "gattungdeutsch": "Tetradium", "strname": "Gleis-Grün-Zug Bahnhof Plagwitz", "pflanzjahr": "2022", "standalter": "4", "bezirk": "Plagwitz", "standortnr": "136768", "wassermenge": 45, "wassersumme": 135, "anzahlg": 3 }, "geometry": { "type": "Point", "coordinates": [ 12.32258, 51.3249 ] } },
{ "type": "Feature", "properties": { "id": 6916663, "lat": 51.34684, "lng": 12.39751, "artdtsch": "Stadt-Linde", "artbot": "Tilia cordata 'Greenspire'", "gattungdeutsch": "Tilia", "strname": "Bussestraße", "pflanzjahr": "2020", "standalter": "6", "bezirk": "Neustadt-Neuschönefeld", "standortnr": "77070", "wassermenge": 30, "wassersumme": 50, "anzahlg": 2 }, "geometry": { "type": "Point", "coordinates": [ 12.39751, 51.34684 ] } },
{ "type": "Feature", "properties": { "id": 6917244, "lat": 51.34158, "lng": 12.33701, "artdtsch": "Blumen-Esche", "artbot": "Fraxinus ornus", "gattungdeutsch": "Fraxinus", "strname": "Erich-Köhn-Straße", "pflanzjahr": "2019", "standalter": "7", "bezirk": "Altlindenau", "standortnr": "54959", "wassermenge": 30, "wassersumme": 430, "anzahlg": 24 }, "geometry": { "type": "Point", "coordinates": [ 12.33701, 51.34158 ] } },
{ "type": "Feature", "properties": { "id": 6908493, "lat": 51.35862, "lng": 12.41784, "artdtsch": "Linde", "artbot": "Tilia species", "gattungdeutsch": "Tilia", "strname": "Gorkistraße 025 (016951)", "pflanzjahr": "2015", "standalter": "11", "bezirk": "Schönefeld-Ost", "standortnr": "117994", "wassermenge": 60, "wassersumme": 60, "anzahlg": 1 }, "geometry": { "type": "Point", "coordinates": [ 12.41784, 51.35862 ] } },
{ "type": "Feature", "properties": { "id": 6827581, "lat": 51.3341, "lng": 12.39777, "artdtsch": "Rosskastanie", "artbot": "Aesculus hippocastanum", "gattungdeutsch": "Aesculus", "strname": "Eilenburger Straße", "pflanzjahr": "1970", "standalter": "56", "bezirk": "Reudnitz-Thonberg", "standortnr": "22422", "wassermenge": 50, "wassersumme": 120, "anzahlg": 3 }, "geometry": { "type": "Point", "coordinates": [ 12.39777, 51.3341 ] } },
{ "type": "Feature", "properties": { "id": 6912303, "lat": 51.34217, "lng": 12.40584, "artdtsch": "Nelken-Kirsche", "artbot": "Prunus serrulata 'Kanzan'", "gattungdeutsch": "Prunus", "strname": "Hermann-Liebmann-Straße", "pflanzjahr": "2011", "standalter": "15", "bezirk": "Neustadt-Neuschönefeld", "standortnr": "71315", "wassermenge": 40, "wassersumme": 720, "anzahlg": 18 }, "geometry": { "type": "Point", "coordinates": [ 12.40584, 51.34217 ] } },
{ "type": "Feature", "properties": { "id": 6910737, "lat": 51.34176, "lng": 12.40588, "artdtsch": "Amberbaum", "artbot": "Liquidambar styraciflua", "gattungdeutsch": "Liquidambar", "strname": "Hermann-Liebmann-Straße", "pflanzjahr": "2011", "standalter": "15", "bezirk": "Neustadt-Neuschönefeld", "standortnr": "9046", "wassermenge": 40, "wassersumme": 680, "anzahlg": 17 }, "geometry": { "type": "Point", "coordinates": [ 12.40588, 51.34176 ] } },
{ "type": "Feature", "properties": { "id": 6916213, "lat": 51.34471, "lng": 12.31821, "artdtsch": "Berg-Ahorn", "artbot": "Acer pseudoplatanus", "gattungdeutsch": "Acer", "strname": "Spielplatz zwischen Georg-Schwarz-Straße und Pufendorfstraße (B-Plan 69.3 \"Rosenmüllerstraße\")", "pflanzjahr": "2017", "standalter": "9", "bezirk": "Leutzsch", "standortnr": "G43661", "wassermenge": 40, "wassersumme": 140, "anzahlg": 5 }, "geometry": { "type": "Point", "coordinates": [ 12.31821, 51.34471 ] } },
{ "type": "Feature", "properties": { "id": 6914034, "lat": 51.33568, "lng": 12.29969, "artdtsch": "Gleditschie", "artbot": "Gleditsia triacanthos", "gattungdeutsch": "Gleditsia", "strname": "Lindenauer Hafen-Nord, Grün-/Wegeverbindung von Hafentor bis Lyoner Straße (B-Plan 359 \"Lindenauer H", "pflanzjahr": "2019", "standalter": "7", "bezirk": "Schönau", "standortnr": "G53724", "wassermenge": 27, "wassersumme": 49, "anzahlg": 2 }, "geometry": { "type": "Point", "coordinates": [ 12.29969, 51.33568 ] } },
{ "type": "Feature", "properties": { "id": 6908664, "lat": 51.33565, "lng": 12.36178, "artdtsch": "Holländische Linde", "artbot": "Tilia x vulgaris", "gattungdeutsch": "Tilia", "strname": "Johannapark", "pflanzjahr": "2013", "standalter": "13", "bezirk": "Zentrum-West", "standortnr": "37770", "wassermenge": 80, "wassersumme": 100, "anzahlg": 2 }, "geometry": { "type": "Point", "coordinates": [ 12.36178, 51.33565 ] } },
{ "type": "Feature", "properties": { "id": 6911427, "lat": 51.32324, "lng": 12.32458, "artdtsch": "Hainbuche", "artbot": "Carpinus betulus", "gattungdeutsch": "Carpinus", "strname": "Weg 5202", "pflanzjahr": "2013", "standalter": "13", "bezirk": "Plagwitz", "standortnr": "73657", "wassermenge": 60, "wassersumme": 70, "anzahlg": 2 }, "geometry": { "type": "Point", "coordinates": [ 12.32458, 51.32324 ] } },
{ "type": "Feature", "properties": { "id": 6913156, "lat": 51.35436, "lng": 12.4146, "artdtsch": "Feld-Ahorn 'Elsrijk'", "artbot": "Acer campestre 'Elsrijk'", "gattungdeutsch": "Acer", "strname": "Kohlweg", "pflanzjahr": "2013", "standalter": "13", "bezirk": "Schönefeld-Abtnaundorf", "standortnr": "11446", "wassermenge": 20, "wassersumme": 40, "anzahlg": 2 }, "geometry": { "type": "Point", "coordinates": [ 12.4146, 51.35436 ] } },
{ "type": "Feature", "properties": { "id": 6918261, "lat": 51.3272, "lng": 12.27619, "artdtsch": "Stiel-Eiche", "artbot": "Quercus robur", "gattungdeutsch": "Quercus", "strname": "Lyoner Straße", "pflanzjahr": "2019", "standalter": "7", "bezirk": "Schönau", "standortnr": "76330", "wassermenge": 100, "wassersumme": 400, "anzahlg": 4 }, "geometry": { "type": "Point", "coordinates": [ 12.27619, 51.3272 ] } },
{ "type": "Feature", "properties": { "id": 6920146, "lat": 51.36292, "lng": 12.3773, "artdtsch": "Feld-Ahorn ''Huibers Elegant'", "artbot": "Acer campestre 'Huibers Elegant'", "gattungdeutsch": "Acer", "strname": "Wilhelm-Sammet-Straße", "pflanzjahr": "2020", "standalter": "6", "bezirk": "Gohlis-Mitte", "standortnr": "58667", "wassermenge": 4, "wassersumme": 4, "anzahlg": 1 }, "geometry": { "type": "Point", "coordinates": [ 12.3773, 51.36292 ] } },
{ "type": "Feature", "properties": { "id": 6923261, "lat": 51.32986, "lng": 12.41035, "artdtsch": "Stadt-Linde", "artbot": "Tilia cordata 'Greenspire'", "gattungdeutsch": "Tilia", "strname": "Holsteinstraße", "pflanzjahr": "2021", "standalter": "5", "bezirk": "Reudnitz-Thonberg", "standortnr": "20376", "wassermenge": 4, "wassersumme": 4, "anzahlg": 1 }, "geometry": { "type": "Point", "coordinates": [ 12.41035, 51.32986 ] } },
{ "type": "Feature", "properties": { "id": 6920084, "lat": 51.37035, "lng": 12.36483, "artdtsch": "Spitz-Ahorn", "artbot": "Acer platanoides", "gattungdeutsch": "Acer", "strname": "Landsberger Straße", "pflanzjahr": "2017", "standalter": "9", "bezirk": "Gohlis-Mitte", "standortnr": "60038", "wassermenge": 95, "wassersumme": 625, "anzahlg": 7 }, "geometry": { "type": "Point", "coordinates": [ 12.36483, 51.37035 ] } },
{ "type": "Feature", "properties": { "id": 6909879, "lat": 51.32588, "lng": 12.2766, "artdtsch": "Nelken-Kirsche", "artbot": "Prunus serrulata 'Kanzan'", "gattungdeutsch": "Prunus", "strname": "Mühlhäuser Ring", "pflanzjahr": "2014", "standalter": "12", "bezirk": "Schönau", "standortnr": "74223", "wassermenge": 80, "wassersumme": 440, "anzahlg": 7 }, "geometry": { "type": "Point", "coordinates": [ 12.2766, 51.32588 ] } },
{ "type": "Feature", "properties": { "id": 6923015, "lat": 51.3324, "lng": 12.32425, "artdtsch": "Schmalkronige Mehlbeere", "artbot": "Sorbus intermedia 'Brouwers'", "gattungdeutsch": "Sorbus", "strname": "Jordanstraße", "pflanzjahr": "2026", "standalter": "0", "bezirk": "Lindenau", "standortnr": "148197", "wassermenge": 30, "wassersumme": 30, "anzahlg": 1 }, "geometry": { "type": "Point", "coordinates": [ 12.32425, 51.3324 ] } },
{ "type": "Feature", "properties": { "id": 6908915, "lat": 51.33339, "lng": 12.4044, "artdtsch": "Zerr-Eiche", "artbot": "Quercus cerris", "gattungdeutsch": "Quercus", "strname": "Lene-Voigt-Park", "pflanzjahr": "2015", "standalter": "11", "bezirk": "Reudnitz-Thonberg", "standortnr": "G32616", "wassermenge": 4, "wassersumme": 4, "anzahlg": 1 }, "geometry": { "type": "Point", "coordinates": [ 12.4044, 51.33339 ] } },
{ "type": "Feature", "properties": { "id": 6821689, "lat": 51.33412, "lng": 12.40238, "artdtsch": "Berg-Ahorn", "artbot": "Acer pseudoplatanus", "gattungdeutsch": "Acer", "strname": "Reichpietschstraße", "pflanzjahr": "1960", "standalter": "66", "bezirk": "Reudnitz-Thonberg", "standortnr": "22206", "wassermenge": 10, "wassersumme": 143, "anzahlg": 18 }, "geometry": { "type": "Point", "coordinates": [ 12.40238, 51.33412 ] } },
{ "type": "Feature", "properties": { "id": 6923933, "lat": 51.33935, "lng": 12.48369, "artdtsch": "Purpur-Erle", "artbot": "Alnus x spaethii", "gattungdeutsch": "Alnus", "strname": "Wohngebiet \"Am Gaswerksweg\" 1. BA (B-Plan E-161.1 Wohngebiet \"Am Gaswerksweg I. BA\")", "pflanzjahr": "2021", "standalter": "5", "bezirk": "Engelsdorf", "standortnr": "79635", "wassermenge": 24, "wassersumme": 32, "anzahlg": 2 }, "geometry": { "type": "Point", "coordinates": [ 12.48369, 51.33935 ] } },
{ "type": "Feature", "properties": { "id": 6919664, "lat": 51.3218, "lng": 12.32097, "artdtsch": "Haus-Pflaume 'Hauszwetschge'", "artbot": "Prunus domestica 'Hauszwetschge'", "gattungdeutsch": "Prunus", "strname": "Gleis-Grün-Zug Bahnhof Plagwitz", "pflanzjahr": "2016", "standalter": "10", "bezirk": "Plagwitz", "standortnr": "G42196", "wassermenge": 100, "wassersumme": 360, "anzahlg": 5 }, "geometry": { "type": "Point", "coordinates": [ 12.32097, 51.3218 ] } },
{ "type": "Feature", "properties": { "id": 6918258, "lat": 51.32714, "lng": 12.27569, "artdtsch": "Stiel-Eiche", "artbot": "Quercus robur", "gattungdeutsch": "Quercus", "strname": "Lyoner Straße", "pflanzjahr": "2019", "standalter": "7", "bezirk": "Schönau", "standortnr": "76327", "wassermenge": 100, "wassersumme": 400, "anzahlg": 4 }, "geometry": { "type": "Point", "coordinates": [ 12.27569, 51.32714 ] } },
{ "type": "Feature", "properties": { "id": 6916698, "lat": 51.34729, "lng": 12.3973, "artdtsch": "Robinie 'Sandraudiga'", "artbot": "Robinia pseudoacacia 'Sandraudiga'", "gattungdeutsch": "Robinia", "strname": "Rosa-Luxemburg-Straße", "pflanzjahr": "2018", "standalter": "8", "bezirk": "Neustadt-Neuschönefeld", "standortnr": "9169", "wassermenge": 30, "wassersumme": 60, "anzahlg": 4 }, "geometry": { "type": "Point", "coordinates": [ 12.3973, 51.34729 ] } },
{ "type": "Feature", "properties": { "id": 6916590, "lat": 51.31286, "lng": 12.28833, "artdtsch": "Platane", "artbot": "Platanus x acerifolia", "gattungdeutsch": "Platanus", "strname": "Ratzelstraße", "pflanzjahr": "2019", "standalter": "7", "bezirk": "Grünau-Siedlung", "standortnr": "76227", "wassermenge": 100, "wassersumme": 100, "anzahlg": 1 }, "geometry": { "type": "Point", "coordinates": [ 12.28833, 51.31286 ] } },
{ "type": "Feature", "properties": { "id": 6901750, "lat": 51.36625, "lng": 12.37956, "artdtsch": "Stadt-Linde", "artbot": "Tilia cordata 'Greenspire'", "gattungdeutsch": "Tilia", "strname": "Coppistraße", "pflanzjahr": "2009", "standalter": "17", "bezirk": "Gohlis-Mitte", "standortnr": "58929", "wassermenge": 20, "wassersumme": 40, "anzahlg": 2 }, "geometry": { "type": "Point", "coordinates": [ 12.37956, 51.36625 ] } },
{ "type": "Feature", "properties": { "id": 6893931, "lat": 51.32412, "lng": 12.41574, "artdtsch": "Chinesische Wildbirne 'Chanticleer'", "artbot": "Pyrus calleryana 'Chanticleer'", "gattungdeutsch": "Pyrus", "strname": "Schwarzackerstraße", "pflanzjahr": "2001", "standalter": "25", "bezirk": "Stötteritz", "standortnr": "26173", "wassermenge": 30, "wassersumme": 160, "anzahlg": 8 }, "geometry": { "type": "Point", "coordinates": [ 12.41574, 51.32412 ] } },
{ "type": "Feature", "properties": { "id": 6912418, "lat": 51.33398, "lng": 12.32766, "artdtsch": "Trauben-Kirsche", "artbot": "Prunus padus", "gattungdeutsch": "Prunus", "strname": "Henriettenpark", "pflanzjahr": "2012", "standalter": "14", "bezirk": "Lindenau", "standortnr": "G3533", "wassermenge": 60, "wassersumme": 180, "anzahlg": 3 }, "geometry": { "type": "Point", "coordinates": [ 12.32766, 51.33398 ] } },
{ "type": "Feature", "properties": { "id": 6916683, "lat": 51.31563, "lng": 12.42507, "artdtsch": "Stadt-Linde", "artbot": "Tilia cordata 'Greenspire'", "gattungdeutsch": "Tilia", "strname": "Kommandant-Prendel-Allee", "pflanzjahr": "2016", "standalter": "10", "bezirk": "Stötteritz", "standortnr": "26027", "wassermenge": 60, "wassersumme": 90, "anzahlg": 2 }, "geometry": { "type": "Point", "coordinates": [ 12.42507, 51.31563 ] } },
{ "type": "Feature", "properties": { "id": 6921216, "lat": 51.29833, "lng": 12.38561, "artdtsch": "Zerr-Eiche", "artbot": "Quercus cerris", "gattungdeutsch": "Quercus", "strname": "Rembrandtplatz", "pflanzjahr": "2021", "standalter": "5", "bezirk": "Lößnig", "standortnr": "G32485", "wassermenge": 30, "wassersumme": 50, "anzahlg": 2 }, "geometry": { "type": "Point", "coordinates": [ 12.38561, 51.29833 ] } },
{ "type": "Feature", "properties": { "id": 6851044, "lat": 51.32183, "lng": 12.36579, "artdtsch": "Eberesche", "artbot": "Sorbus aucuparia", "gattungdeutsch": "Sorbus", "strname": "Fockestraße", "pflanzjahr": "1988", "standalter": "38", "bezirk": "Südvorstadt", "standortnr": "41482", "wassermenge": 17, "wassersumme": 17, "anzahlg": 1 }, "geometry": { "type": "Point", "coordinates": [ 12.36579, 51.32183 ] } },
{ "type": "Feature", "properties": { "id": 6926411, "lat": 51.30362, "lng": 12.39677, "artdtsch": "Stadt-Linde", "artbot": "Tilia cordata 'Greenspire'", "gattungdeutsch": "Tilia", "strname": "Probstheidaer Straße", "pflanzjahr": "2021", "standalter": "5", "bezirk": "Marienbrunn", "standortnr": "32978", "wassermenge": 20, "wassersumme": 345, "anzahlg": 22 }, "geometry": { "type": "Point", "coordinates": [ 12.39677, 51.30362 ] } },
{ "type": "Feature", "properties": { "id": 6925041, "lat": 51.32221, "lng": 12.32123, "artdtsch": "Süßkirsche 'Große Schwarze Knorpel '", "artbot": "Prunus avium 'Große Schwarze Knorpel'", "gattungdeutsch": "Prunus", "strname": "Gleis-Grün-Zug Bahnhof Plagwitz", "pflanzjahr": "2024", "standalter": "2", "bezirk": "Plagwitz", "standortnr": "G42185", "wassermenge": 80, "wassersumme": 135, "anzahlg": 2 }, "geometry": { "type": "Point", "coordinates": [ 12.32123, 51.32221 ] } },
{ "type": "Feature", "properties": { "id": 6919877, "lat": 51.3204, "lng": 12.38015, "artdtsch": "Stadt-Linde", "artbot": "Tilia cordata 'Greenspire'", "gattungdeutsch": "Tilia", "strname": "Kurt-Eisner-Straße", "pflanzjahr": "2020", "standalter": "6", "bezirk": "Südvorstadt", "standortnr": "31522", "wassermenge": 10, "wassersumme": 20, "anzahlg": 2 }, "geometry": { "type": "Point", "coordinates": [ 12.38015, 51.3204 ] } },
{ "type": "Feature", "properties": { "id": 6915666, "lat": 51.32798, "lng": 12.34581, "artdtsch": "Hopfenbuche", "artbot": "Ostrya carpinifolia", "gattungdeutsch": "Ostrya", "strname": "Könneritzstraße", "pflanzjahr": "2016", "standalter": "10", "bezirk": "Schleußig", "standortnr": "39624", "wassermenge": 18, "wassersumme": 81, "anzahlg": 5 }, "geometry": { "type": "Point", "coordinates": [ 12.34581, 51.32798 ] } },
{ "type": "Feature", "properties": { "id": 6915591, "lat": 51.32027, "lng": 12.34168, "artdtsch": "Hopfenbuche", "artbot": "Ostrya carpinifolia", "gattungdeutsch": "Ostrya", "strname": "Könneritzstraße", "pflanzjahr": "2017", "standalter": "9", "bezirk": "Schleußig", "standortnr": "39422", "wassermenge": 50, "wassersumme": 50, "anzahlg": 1 }, "geometry": { "type": "Point", "coordinates": [ 12.34168, 51.32027 ] } },
{ "type": "Feature", "properties": { "id": 6911262, "lat": 51.30089, "lng": 12.38413, "artdtsch": "Stadt-Linde", "artbot": "Tilia cordata 'Greenspire'", "gattungdeutsch": "Tilia", "strname": "Bornaische Straße", "pflanzjahr": "2013", "standalter": "13", "bezirk": "Connewitz", "standortnr": "33203", "wassermenge": 30, "wassersumme": 30, "anzahlg": 1 }, "geometry": { "type": "Point", "coordinates": [ 12.38413, 51.30089 ] } },
{ "type": "Feature", "properties": { "id": 6915636, "lat": 51.3249, "lng": 12.34442, "artdtsch": "Stadt-Linde", "artbot": "Tilia cordata 'Greenspire'", "gattungdeutsch": "Tilia", "strname": "Könneritzstraße", "pflanzjahr": "2016", "standalter": "10", "bezirk": "Schleußig", "standortnr": "39535", "wassermenge": 110, "wassersumme": 110, "anzahlg": 1 }, "geometry": { "type": "Point", "coordinates": [ 12.34442, 51.3249 ] } },
{ "type": "Feature", "properties": { "id": 6925737, "lat": 51.33881, "lng": 12.39835, "artdtsch": "Stadt-Linde", "artbot": "Tilia cordata 'Greenspire'", "gattungdeutsch": "Tilia", "strname": "Crusiusstraße", "pflanzjahr": "2023", "standalter": "3", "bezirk": "Reudnitz-Thonberg", "standortnr": "21829", "wassermenge": 40, "wassersumme": 40, "anzahlg": 1 }, "geometry": { "type": "Point", "coordinates": [ 12.39835, 51.33881 ] } },
{ "type": "Feature", "properties": { "id": 6963350, "lat": 51.35645, "lng": 12.45595, "artdtsch": "Baumhasel", "artbot": "Corylus colurna", "gattungdeutsch": "Corylus", "strname": "Goldsternstraße 023, 025 und Hainbuchenstraße 013 (011297)", "pflanzjahr": "NULL", "standalter": "NULL", "bezirk": "Paunsdorf", "standortnr": "115076", "wassermenge": 21, "wassersumme": 21, "anzahlg": 1 }, "geometry": { "type": "Point", "coordinates": [ 12.45595, 51.35645 ] } },
{ "type": "Feature", "properties": { "id": 6911429, "lat": 51.32332, "lng": 12.32394, "artdtsch": "Feld-Ahorn", "artbot": "Acer campestre", "gattungdeutsch": "Acer", "strname": "Weg 5202", "pflanzjahr": "2013", "standalter": "13", "bezirk": "Plagwitz", "standortnr": "73659", "wassermenge": 50, "wassersumme": 100, "anzahlg": 2 }, "geometry": { "type": "Point", "coordinates": [ 12.32394, 51.32332 ] } },
{ "type": "Feature", "properties": { "id": 6986529, "lat": 51.35682, "lng": 12.26537, "artdtsch": "Kaiser-Linde", "artbot": "Tilia x vulgaris 'Pallida'", "gattungdeutsch": "Tilia", "strname": "Am Dorfplatz (Burghausen)", "pflanzjahr": "2023", "standalter": "3", "bezirk": "Burghausen-Rückmarsdorf", "standortnr": "57999", "wassermenge": 40, "wassersumme": 40, "anzahlg": 1 }, "geometry": { "type": "Point", "coordinates": [ 12.26537, 51.35682 ] } },
{ "type": "Feature", "properties": { "id": 6941496, "lat": 51.30739, "lng": 12.4124, "artdtsch": "Douglasie", "artbot": "Pseudotsuga menziesii", "gattungdeutsch": "Pseudotsuga", "strname": "Südfriedhof", "pflanzjahr": "NULL", "standalter": "NULL", "bezirk": "Probstheida", "standortnr": "140095", "wassermenge": 10, "wassersumme": 150, "anzahlg": 15 }, "geometry": { "type": "Point", "coordinates": [ 12.4124, 51.30739 ] } },
{ "type": "Feature", "properties": { "id": 6985785, "lat": 51.35509, "lng": 12.26488, "artdtsch": "Kobushi-Magnolie", "artbot": "Magnolia kobus", "gattungdeutsch": "Magnolia", "strname": "Parkplatz 7501", "pflanzjahr": "2025", "standalter": "1", "bezirk": "Burghausen-Rückmarsdorf", "standortnr": "168905", "wassermenge": 40, "wassersumme": 40, "anzahlg": 1 }, "geometry": { "type": "Point", "coordinates": [ 12.26488, 51.35509 ] } },
{ "type": "Feature", "properties": { "id": 6821687, "lat": 51.33418, "lng": 12.40207, "artdtsch": "Berg-Ahorn", "artbot": "Acer pseudoplatanus", "gattungdeutsch": "Acer", "strname": "Reichpietschstraße", "pflanzjahr": "1960", "standalter": "66", "bezirk": "Reudnitz-Thonberg", "standortnr": "22204", "wassermenge": 12, "wassersumme": 356, "anzahlg": 50 }, "geometry": { "type": "Point", "coordinates": [ 12.40207, 51.33418 ] } },
{ "type": "Feature", "properties": { "id": 6925339, "lat": 51.34796, "lng": 12.37192, "artdtsch": "Stadt-Linde", "artbot": "Tilia cordata 'Greenspire'", "gattungdeutsch": "Tilia", "strname": "Parthenstraße", "pflanzjahr": "2022", "standalter": "4", "bezirk": "Zentrum-Nord", "standortnr": "12942", "wassermenge": 100, "wassersumme": 100, "anzahlg": 1 }, "geometry": { "type": "Point", "coordinates": [ 12.37192, 51.34796 ] } },
{ "type": "Feature", "properties": { "id": 6918334, "lat": 51.34639, "lng": 12.40737, "artdtsch": "Hopfenbuche", "artbot": "Ostrya carpinifolia", "gattungdeutsch": "Ostrya", "strname": "Hildegardstraße", "pflanzjahr": "2020", "standalter": "6", "bezirk": "Volkmarsdorf", "standortnr": "5623", "wassermenge": 83, "wassersumme": 83, "anzahlg": 1 }, "geometry": { "type": "Point", "coordinates": [ 12.40737, 51.34639 ] } },
{ "type": "Feature", "properties": { "id": 6917797, "lat": 51.35302, "lng": 12.4146, "artdtsch": "Feld-Ahorn 'Elsrijk'", "artbot": "Acer campestre 'Elsrijk'", "gattungdeutsch": "Acer", "strname": "Kohlweg", "pflanzjahr": "2016", "standalter": "10", "bezirk": "Schönefeld-Abtnaundorf", "standortnr": "74791", "wassermenge": 50, "wassersumme": 175, "anzahlg": 4 }, "geometry": { "type": "Point", "coordinates": [ 12.4146, 51.35302 ] } },
{ "type": "Feature", "properties": { "id": 6907179, "lat": 51.33865, "lng": 12.39867, "artdtsch": "Silber-Pappel", "artbot": "Populus alba", "gattungdeutsch": "Populus", "strname": "Stephaniplatz", "pflanzjahr": "2013", "standalter": "13", "bezirk": "Reudnitz-Thonberg", "standortnr": "G1839", "wassermenge": 100, "wassersumme": 100, "anzahlg": 1 }, "geometry": { "type": "Point", "coordinates": [ 12.39867, 51.33865 ] } },
{ "type": "Feature", "properties": { "id": 6916140, "lat": 51.32196, "lng": 12.32097, "artdtsch": "Haus-Apfel 'Topaz'", "artbot": "Malus domestica 'Topaz'", "gattungdeutsch": "Malus", "strname": "Gleis-Grün-Zug Bahnhof Plagwitz", "pflanzjahr": "2016", "standalter": "10", "bezirk": "Plagwitz", "standortnr": "G42201", "wassermenge": 100, "wassersumme": 386, "anzahlg": 5 }, "geometry": { "type": "Point", "coordinates": [ 12.32097, 51.32196 ] } },
{ "type": "Feature", "properties": { "id": 6918605, "lat": 51.36074, "lng": 12.39193, "artdtsch": "Stadt-Linde", "artbot": "Tilia cordata 'Greenspire'", "gattungdeutsch": "Tilia", "strname": "Dessauer Straße", "pflanzjahr": "2016", "standalter": "10", "bezirk": "Eutritzsch", "standortnr": "3400", "wassermenge": 25, "wassersumme": 85, "anzahlg": 4 }, "geometry": { "type": "Point", "coordinates": [ 12.39193, 51.36074 ] } },
{ "type": "Feature", "properties": { "id": 6910552, "lat": 51.32185, "lng": 12.36919, "artdtsch": "Kaiser-Linde", "artbot": "Tilia x vulgaris 'Pallida'", "gattungdeutsch": "Tilia", "strname": "August-Bebel-Straße", "pflanzjahr": "2013", "standalter": "13", "bezirk": "Südvorstadt", "standortnr": "41869", "wassermenge": 13, "wassersumme": 13, "anzahlg": 1 }, "geometry": { "type": "Point", "coordinates": [ 12.36919, 51.32185 ] } },
{ "type": "Feature", "properties": { "id": 6915701, "lat": 51.34384, "lng": 12.36749, "artdtsch": "Stadt-Linde", "artbot": "Tilia cordata 'Greenspire'", "gattungdeutsch": "Tilia", "strname": "Ranstädter Steinweg", "pflanzjahr": "2019", "standalter": "7", "bezirk": "Zentrum-Nordwest", "standortnr": "446", "wassermenge": 150, "wassersumme": 375, "anzahlg": 4 }, "geometry": { "type": "Point", "coordinates": [ 12.36749, 51.34384 ] } },
{ "type": "Feature", "properties": { "id": 6909878, "lat": 51.3259, "lng": 12.2767, "artdtsch": "Nelken-Kirsche", "artbot": "Prunus serrulata 'Kanzan'", "gattungdeutsch": "Prunus", "strname": "Mühlhäuser Ring", "pflanzjahr": "2014", "standalter": "12", "bezirk": "Schönau", "standortnr": "74222", "wassermenge": 40, "wassersumme": 200, "anzahlg": 7 }, "geometry": { "type": "Point", "coordinates": [ 12.2767, 51.3259 ] } },
{ "type": "Feature", "properties": { "id": 6919916, "lat": 51.30816, "lng": 12.3798, "artdtsch": "Amberbaum", "artbot": "Liquidambar styraciflua", "gattungdeutsch": "Liquidambar", "strname": "Pfeffingerstraße", "pflanzjahr": "2018", "standalter": "8", "bezirk": "Connewitz", "standortnr": "75524", "wassermenge": 100, "wassersumme": 430, "anzahlg": 5 }, "geometry": { "type": "Point", "coordinates": [ 12.3798, 51.30816 ] } },
{ "type": "Feature", "properties": { "id": 6916174, "lat": 51.33362, "lng": 12.32748, "artdtsch": "Pflaumenblättriger Weißdorn 'Splendens'", "artbot": "Crataegus persimilis 'Splendens'", "gattungdeutsch": "Crataegus", "strname": "Henriettenpark", "pflanzjahr": "2018", "standalter": "8", "bezirk": "Lindenau", "standortnr": "G15867", "wassermenge": 80, "wassersumme": 320, "anzahlg": 4 }, "geometry": { "type": "Point", "coordinates": [ 12.32748, 51.33362 ] } },
{ "type": "Feature", "properties": { "id": 6903034, "lat": 51.34379, "lng": 12.36727, "artdtsch": "Stadt-Linde", "artbot": "Tilia cordata 'Greenspire'", "gattungdeutsch": "Tilia", "strname": "Ranstädter Steinweg", "pflanzjahr": "2006", "standalter": "20", "bezirk": "Zentrum-Nordwest", "standortnr": "447", "wassermenge": 60, "wassersumme": 60, "anzahlg": 1 }, "geometry": { "type": "Point", "coordinates": [ 12.36727, 51.34379 ] } },
{ "type": "Feature", "properties": { "id": 6889493, "lat": 51.30667, "lng": 12.29485, "artdtsch": "Stadt-Linde", "artbot": "Tilia cordata 'Greenspire'", "gattungdeutsch": "Tilia", "strname": "Rapsweg", "pflanzjahr": "2004", "standalter": "22", "bezirk": "Großzschocher", "standortnr": "51612", "wassermenge": 180, "wassersumme": 505, "anzahlg": 5 }, "geometry": { "type": "Point", "coordinates": [ 12.29485, 51.30667 ] } },
{ "type": "Feature", "properties": { "id": 6921741, "lat": 51.35508, "lng": 12.26471, "artdtsch": "Trauben-Eiche", "artbot": "Quercus petraea", "gattungdeutsch": "Quercus", "strname": "Parkplatz 7501", "pflanzjahr": "2021", "standalter": "5", "bezirk": "Burghausen-Rückmarsdorf", "standortnr": "86699", "wassermenge": 50, "wassersumme": 400, "anzahlg": 9 }, "geometry": { "type": "Point", "coordinates": [ 12.26471, 51.35508 ] } },
{ "type": "Feature", "properties": { "id": 6918266, "lat": 51.32731, "lng": 12.27707, "artdtsch": "Stiel-Eiche", "artbot": "Quercus robur", "gattungdeutsch": "Quercus", "strname": "Lyoner Straße", "pflanzjahr": "2019", "standalter": "7", "bezirk": "Schönau", "standortnr": "76335", "wassermenge": 100, "wassersumme": 300, "anzahlg": 3 }, "geometry": { "type": "Point", "coordinates": [ 12.27707, 51.32731 ] } },
{ "type": "Feature", "properties": { "id": 6912684, "lat": 51.33056, "lng": 12.30644, "artdtsch": "Sumpf-Eiche", "artbot": "Quercus palustris", "gattungdeutsch": "Quercus", "strname": "Hafenstraße", "pflanzjahr": "2014", "standalter": "12", "bezirk": "Schönau", "standortnr": "74423", "wassermenge": 50, "wassersumme": 360, "anzahlg": 9 }, "geometry": { "type": "Point", "coordinates": [ 12.30644, 51.33056 ] } },
{ "type": "Feature", "properties": { "id": 6907758, "lat": 51.3292, "lng": 12.30827, "artdtsch": "Schwedische Mehlbeere", "artbot": "Sorbus intermedia", "gattungdeutsch": "Sorbus", "strname": "Lindenauer Hafen", "pflanzjahr": "2015", "standalter": "11", "bezirk": "Schönau", "standortnr": "G20508", "wassermenge": 80, "wassersumme": 460, "anzahlg": 8 }, "geometry": { "type": "Point", "coordinates": [ 12.30827, 51.3292 ] } },
{ "type": "Feature", "properties": { "id": 6922038, "lat": 51.30569, "lng": 12.29393, "artdtsch": "Stadt-Linde", "artbot": "Tilia cordata 'Greenspire'", "gattungdeutsch": "Tilia", "strname": "Rapsweg", "pflanzjahr": "2022", "standalter": "4", "bezirk": "Großzschocher", "standortnr": "51605", "wassermenge": 180, "wassersumme": 310, "anzahlg": 2 }, "geometry": { "type": "Point", "coordinates": [ 12.29393, 51.30569 ] } },
{ "type": "Feature", "properties": { "id": 6906509, "lat": 51.32933, "lng": 12.30798, "artdtsch": "Winter-Linde", "artbot": "Tilia cordata", "gattungdeutsch": "Tilia", "strname": "Lindenauer Hafen", "pflanzjahr": "2015", "standalter": "11", "bezirk": "Schönau", "standortnr": "G20523", "wassermenge": 60, "wassersumme": 280, "anzahlg": 5 }, "geometry": { "type": "Point", "coordinates": [ 12.30798, 51.32933 ] } },
{ "type": "Feature", "properties": { "id": 6919665, "lat": 51.3226, "lng": 12.32171, "artdtsch": "Mispel", "artbot": "Mespilus germanica", "gattungdeutsch": "Mespilus", "strname": "Gleis-Grün-Zug Bahnhof Plagwitz", "pflanzjahr": "2016", "standalter": "10", "bezirk": "Plagwitz", "standortnr": "G42208", "wassermenge": 100, "wassersumme": 389, "anzahlg": 7 }, "geometry": { "type": "Point", "coordinates": [ 12.32171, 51.3226 ] } },
{ "type": "Feature", "properties": { "id": 6920237, "lat": 51.36267, "lng": 12.385, "artdtsch": "Säulen-Hainbuche 'Frans Fontaine'", "artbot": "Carpinus betulus 'Frans Fontaine'", "gattungdeutsch": "Carpinus", "strname": "Magdalenenstraße", "pflanzjahr": "2019", "standalter": "7", "bezirk": "Eutritzsch", "standortnr": "4003", "wassermenge": 16, "wassersumme": 44, "anzahlg": 4 }, "geometry": { "type": "Point", "coordinates": [ 12.385, 51.36267 ] } },
{ "type": "Feature", "properties": { "id": 6918248, "lat": 51.32703, "lng": 12.27399, "artdtsch": "Stiel-Eiche", "artbot": "Quercus robur", "gattungdeutsch": "Quercus", "strname": "Lyoner Straße", "pflanzjahr": "2019", "standalter": "7", "bezirk": "Schönau", "standortnr": "76317", "wassermenge": 100, "wassersumme": 500, "anzahlg": 5 }, "geometry": { "type": "Point", "coordinates": [ 12.27399, 51.32703 ] } },
{ "type": "Feature", "properties": { "id": 6923937, "lat": 51.33928, "lng": 12.48348, "artdtsch": "Zerr-Eiche", "artbot": "Quercus cerris", "gattungdeutsch": "Quercus", "strname": "Wohngebiet \"Am Gaswerksweg\" 1. BA (B-Plan E-161.1 Wohngebiet \"Am Gaswerksweg I. BA\")", "pflanzjahr": "2021", "standalter": "5", "bezirk": "Engelsdorf", "standortnr": "82971", "wassermenge": 32, "wassersumme": 96, "anzahlg": 4 }, "geometry": { "type": "Point", "coordinates": [ 12.48348, 51.33928 ] } },
{ "type": "Feature", "properties": { "id": 6912766, "lat": 51.30349, "lng": 12.39378, "artdtsch": "Baumhasel", "artbot": "Corylus colurna", "gattungdeutsch": "Corylus", "strname": "Probstheidaer Straße", "pflanzjahr": "2011", "standalter": "15", "bezirk": "Marienbrunn", "standortnr": "32896", "wassermenge": 20, "wassersumme": 125, "anzahlg": 8 }, "geometry": { "type": "Point", "coordinates": [ 12.39378, 51.30349 ] } },
{ "type": "Feature", "properties": { "id": 6916592, "lat": 51.31203, "lng": 12.28411, "artdtsch": "Platane", "artbot": "Platanus x acerifolia", "gattungdeutsch": "Platanus", "strname": "Ratzelstraße", "pflanzjahr": "2019", "standalter": "7", "bezirk": "Grünau-Siedlung", "standortnr": "76230", "wassermenge": 150, "wassersumme": 650, "anzahlg": 6 }, "geometry": { "type": "Point", "coordinates": [ 12.28411, 51.31203 ] } },
{ "type": "Feature", "properties": { "id": 6924820, "lat": 51.32923, "lng": 12.30774, "artdtsch": "Stadt-Linde", "artbot": "Tilia cordata 'Greenspire'", "gattungdeutsch": "Tilia", "strname": "Lindenauer Hafen", "pflanzjahr": "2023", "standalter": "3", "bezirk": "Schönau", "standortnr": "124852", "wassermenge": 60, "wassersumme": 280, "anzahlg": 5 }, "geometry": { "type": "Point", "coordinates": [ 12.30774, 51.32923 ] } },
{ "type": "Feature", "properties": { "id": 6984209, "lat": 51.3214288, "lng": 12.321114, "artdtsch": "NULL", "artbot": "NULL", "gattungdeutsch": "NULL", "strname": "NULL", "pflanzjahr": "2016", "standalter": "10", "bezirk": "Plagwitz", "standortnr": "osm_6058038334", "wassermenge": 10, "wassersumme": 10, "anzahlg": 1 }, "geometry": { "type": "Point", "coordinates": [ 12.321114, 51.3214288 ] } },
{ "type": "Feature", "properties": { "id": 6909947, "lat": 51.32278, "lng": 12.26591, "artdtsch": "Platane", "artbot": "Platanus x acerifolia", "gattungdeutsch": "Platanus", "strname": "WG Grünau WK 7-Plovdiver Straße nördlich Max-Klinger-Gymnasium", "pflanzjahr": "2011", "standalter": "15", "bezirk": "Grünau-Nord", "standortnr": "G2004", "wassermenge": 88, "wassersumme": 131, "anzahlg": 3 }, "geometry": { "type": "Point", "coordinates": [ 12.26591, 51.32278 ] } },
{ "type": "Feature", "properties": { "id": 6925328, "lat": 51.32137, "lng": 12.33964, "artdtsch": "Gleditschie 'Skyline'", "artbot": "Gleditsia triacanthos 'Skyline'", "gattungdeutsch": "Gleditsia", "strname": "Brockhausstraße", "pflanzjahr": "2021", "standalter": "5", "bezirk": "Schleußig", "standortnr": "40728", "wassermenge": 70, "wassersumme": 70, "anzahlg": 1 }, "geometry": { "type": "Point", "coordinates": [ 12.33964, 51.32137 ] } },
{ "type": "Feature", "properties": { "id": 6924600, "lat": 51.31822, "lng": 12.32342, "artdtsch": "Säulen-Ulme", "artbot": "Ulmus 'Columella'", "gattungdeutsch": "Ulmus", "strname": "Rolf-Axen-Straße", "pflanzjahr": "2021", "standalter": "5", "bezirk": "Kleinzschocher", "standortnr": "44454", "wassermenge": 24, "wassersumme": 24, "anzahlg": 1 }, "geometry": { "type": "Point", "coordinates": [ 12.32342, 51.31822 ] } },
{ "type": "Feature", "properties": { "id": 6927038, "lat": 51.36865, "lng": 12.40672, "artdtsch": "Robinie", "artbot": "Robinia pseudoacacia", "gattungdeutsch": "Robinia", "strname": "Parkplatz 1201", "pflanzjahr": "1910", "standalter": "116", "bezirk": "Mockau-Süd", "standortnr": "68384", "wassermenge": 50, "wassersumme": 50, "anzahlg": 1 }, "geometry": { "type": "Point", "coordinates": [ 12.40672, 51.36865 ] } },
{ "type": "Feature", "properties": { "id": 6919943, "lat": 51.30902, "lng": 12.3791, "artdtsch": "Hopfenbuche", "artbot": "Ostrya carpinifolia", "gattungdeutsch": "Ostrya", "strname": "Stockartstraße", "pflanzjahr": "2018", "standalter": "8", "bezirk": "Connewitz", "standortnr": "75532", "wassermenge": 10, "wassersumme": 50, "anzahlg": 5 }, "geometry": { "type": "Point", "coordinates": [ 12.3791, 51.30902 ] } },
{ "type": "Feature", "properties": { "id": 6925733, "lat": 51.31415, "lng": 12.42232, "artdtsch": "Stadt-Linde", "artbot": "Tilia cordata 'Greenspire'", "gattungdeutsch": "Tilia", "strname": "Kommandant-Prendel-Allee", "pflanzjahr": "2023", "standalter": "3", "bezirk": "Stötteritz", "standortnr": "25989", "wassermenge": 20, "wassersumme": 20, "anzahlg": 1 }, "geometry": { "type": "Point", "coordinates": [ 12.42232, 51.31415 ] } },
{ "type": "Feature", "properties": { "id": 6917353, "lat": 51.33504, "lng": 12.33514, "artdtsch": "Amberbaum", "artbot": "Liquidambar styraciflua", "gattungdeutsch": "Liquidambar", "strname": "Siemeringstraße", "pflanzjahr": "2017", "standalter": "9", "bezirk": "Lindenau", "standortnr": "75077", "wassermenge": 60, "wassersumme": 110, "anzahlg": 3 }, "geometry": { "type": "Point", "coordinates": [ 12.33514, 51.33504 ] } },
{ "type": "Feature", "properties": { "id": 6921184, "lat": 51.32198, "lng": 12.32105, "artdtsch": "Kultur-Birne 'Clapps Liebling'", "artbot": "Pyrus communis 'Clapps Liebling'", "gattungdeutsch": "Pyrus", "strname": "Gleis-Grün-Zug Bahnhof Plagwitz", "pflanzjahr": "2022", "standalter": "4", "bezirk": "Plagwitz", "standortnr": "G42200", "wassermenge": 100, "wassersumme": 180, "anzahlg": 2 }, "geometry": { "type": "Point", "coordinates": [ 12.32105, 51.32198 ] } },
{ "type": "Feature", "properties": { "id": 6918956, "lat": 51.32514, "lng": 12.44949, "artdtsch": "Feld-Ahorn 'Elsrijk'", "artbot": "Acer campestre 'Elsrijk'", "gattungdeutsch": "Acer", "strname": "Obernaundorfer Straße", "pflanzjahr": "2020", "standalter": "6", "bezirk": "Mölkau", "standortnr": "17615", "wassermenge": 20, "wassersumme": 390, "anzahlg": 24 }, "geometry": { "type": "Point", "coordinates": [ 12.44949, 51.32514 ] } },
{ "type": "Feature", "properties": { "id": 6911369, "lat": 51.30322, "lng": 12.39229, "artdtsch": "Stadt-Linde", "artbot": "Tilia cordata 'Greenspire'", "gattungdeutsch": "Tilia", "strname": "Probstheidaer Straße", "pflanzjahr": "2015", "standalter": "11", "bezirk": "Lößnig", "standortnr": "32846", "wassermenge": 70, "wassersumme": 70, "anzahlg": 1 }, "geometry": { "type": "Point", "coordinates": [ 12.39229, 51.30322 ] } },
{ "type": "Feature", "properties": { "id": 6911187, "lat": 51.35549, "lng": 12.26312, "artdtsch": "Hänge-Weide", "artbot": "Salix alba 'Tristis'", "gattungdeutsch": "Salix", "strname": "Spielplatz Bienitzstraße/Schkeuditzer Straße", "pflanzjahr": "2013", "standalter": "13", "bezirk": "Burghausen-Rückmarsdorf", "standortnr": "G8909", "wassermenge": 40, "wassersumme": 300, "anzahlg": 8 }, "geometry": { "type": "Point", "coordinates": [ 12.26312, 51.35549 ] } },
{ "type": "Feature", "properties": { "id": 6912302, "lat": 51.3419, "lng": 12.40595, "artdtsch": "Kaiser-Linde", "artbot": "Tilia x vulgaris 'Pallida'", "gattungdeutsch": "Tilia", "strname": "Hermann-Liebmann-Straße", "pflanzjahr": "2011", "standalter": "15", "bezirk": "Neustadt-Neuschönefeld", "standortnr": "9044", "wassermenge": 40, "wassersumme": 760, "anzahlg": 19 }, "geometry": { "type": "Point", "coordinates": [ 12.40595, 51.3419 ] } },
{ "type": "Feature", "properties": { "id": 6909880, "lat": 51.32586, "lng": 12.27643, "artdtsch": "Nelken-Kirsche", "artbot": "Prunus serrulata 'Kanzan'", "gattungdeutsch": "Prunus", "strname": "Mühlhäuser Ring", "pflanzjahr": "2014", "standalter": "12", "bezirk": "Schönau", "standortnr": "74224", "wassermenge": 80, "wassersumme": 440, "anzahlg": 7 }, "geometry": { "type": "Point", "coordinates": [ 12.27643, 51.32586 ] } },
{ "type": "Feature", "properties": { "id": 6918257, "lat": 51.32712, "lng": 12.27553, "artdtsch": "Stiel-Eiche", "artbot": "Quercus robur", "gattungdeutsch": "Quercus", "strname": "Lyoner Straße", "pflanzjahr": "2019", "standalter": "7", "bezirk": "Schönau", "standortnr": "76326", "wassermenge": 100, "wassersumme": 400, "anzahlg": 4 }, "geometry": { "type": "Point", "coordinates": [ 12.27553, 51.32712 ] } },
{ "type": "Feature", "properties": { "id": 6915489, "lat": 51.32041, "lng": 12.33813, "artdtsch": "Kegel-Linde", "artbot": "Tilia flavescens 'Glenleven'", "gattungdeutsch": "Tilia", "strname": "Holbeinstraße", "pflanzjahr": "2017", "standalter": "9", "bezirk": "Schleußig", "standortnr": "40480", "wassermenge": 40, "wassersumme": 70, "anzahlg": 2 }, "geometry": { "type": "Point", "coordinates": [ 12.33813, 51.32041 ] } },
{ "type": "Feature", "properties": { "id": 6908917, "lat": 51.33383, "lng": 12.40233, "artdtsch": "Kolchischer Ahorn 'Rubrum'", "artbot": "Acer cappadocicum 'Rubrum'", "gattungdeutsch": "Acer", "strname": "Lene-Voigt-Park", "pflanzjahr": "2015", "standalter": "11", "bezirk": "Reudnitz-Thonberg", "standortnr": "G32620", "wassermenge": 15, "wassersumme": 429, "anzahlg": 51 }, "geometry": { "type": "Point", "coordinates": [ 12.40233, 51.33383 ] } },
{ "type": "Feature", "properties": { "id": 6977104, "lat": 51.32171, "lng": 12.32088, "artdtsch": "Haus-Apfel 'Cox Orange'", "artbot": "Malus domestica 'Cox Orange'", "gattungdeutsch": "Malus", "strname": "Gleis-Grün-Zug Bahnhof Plagwitz", "pflanzjahr": "2025", "standalter": "1", "bezirk": "Plagwitz", "standortnr": "G42193", "wassermenge": 50, "wassersumme": 60, "anzahlg": 2 }, "geometry": { "type": "Point", "coordinates": [ 12.32088, 51.32171 ] } },
{ "type": "Feature", "properties": { "id": 6870585, "lat": 51.32182, "lng": 12.4161, "artdtsch": "Rotdorn", "artbot": "Crataegus laevigata 'Paul's Scarlet'", "gattungdeutsch": "Crataegus", "strname": "Weißestraße", "pflanzjahr": "2000", "standalter": "26", "bezirk": "Stötteritz", "standortnr": "25338", "wassermenge": 7, "wassersumme": 7, "anzahlg": 1 }, "geometry": { "type": "Point", "coordinates": [ 12.4161, 51.32182 ] } },
{ "type": "Feature", "properties": { "id": 6920488, "lat": 51.34366, "lng": 12.32584, "artdtsch": "Säulen-Ulme", "artbot": "Ulmus 'Columella'", "gattungdeutsch": "Ulmus", "strname": "Paul-Küstner-Straße", "pflanzjahr": "2024", "standalter": "2", "bezirk": "Altlindenau", "standortnr": "133931", "wassermenge": 75, "wassersumme": 175, "anzahlg": 3 }, "geometry": { "type": "Point", "coordinates": [ 12.32584, 51.34366 ] } },
{ "type": "Feature", "properties": { "id": 6911217, "lat": 51.37039, "lng": 12.40852, "artdtsch": "Winter-Linde 'Roelvo'", "artbot": "Tilia cordata 'Roelvo'", "gattungdeutsch": "Tilia", "strname": "Gontardweg", "pflanzjahr": "2013", "standalter": "13", "bezirk": "Mockau-Süd", "standortnr": "2112", "wassermenge": 40, "wassersumme": 40, "anzahlg": 1 }, "geometry": { "type": "Point", "coordinates": [ 12.40852, 51.37039 ] } },
{ "type": "Feature", "properties": { "id": 6925327, "lat": 51.32149, "lng": 12.33972, "artdtsch": "Gleditschie 'Skyline'", "artbot": "Gleditsia triacanthos 'Skyline'", "gattungdeutsch": "Gleditsia", "strname": "Brockhausstraße", "pflanzjahr": "2021", "standalter": "5", "bezirk": "Schleußig", "standortnr": "40726", "wassermenge": 70, "wassersumme": 70, "anzahlg": 1 }, "geometry": { "type": "Point", "coordinates": [ 12.33972, 51.32149 ] } },
{ "type": "Feature", "properties": { "id": 6915597, "lat": 51.3203, "lng": 12.34193, "artdtsch": "Stadt-Linde", "artbot": "Tilia cordata 'Greenspire'", "gattungdeutsch": "Tilia", "strname": "Könneritzstraße", "pflanzjahr": "2016", "standalter": "10", "bezirk": "Schleußig", "standortnr": "39448", "wassermenge": 100, "wassersumme": 100, "anzahlg": 1 }, "geometry": { "type": "Point", "coordinates": [ 12.34193, 51.3203 ] } },
{ "type": "Feature", "properties": { "id": 6916687, "lat": 51.34732, "lng": 12.3975, "artdtsch": "Säulen-Hainbuche 'Frans Fontaine'", "artbot": "Carpinus betulus 'Frans Fontaine'", "gattungdeutsch": "Carpinus", "strname": "Mariannenstraße", "pflanzjahr": "2018", "standalter": "8", "bezirk": "Neustadt-Neuschönefeld", "standortnr": "8204", "wassermenge": 50, "wassersumme": 120, "anzahlg": 6 }, "geometry": { "type": "Point", "coordinates": [ 12.3975, 51.34732 ] } },
{ "type": "Feature", "properties": { "id": 6907324, "lat": 51.33053, "lng": 12.30504, "artdtsch": "Eingriffliger Weißdorn", "artbot": "Crataegus monogyna", "gattungdeutsch": "Crataegus", "strname": "Lindenauer Hafen", "pflanzjahr": "2014", "standalter": "12", "bezirk": "Schönau", "standortnr": "G20565", "wassermenge": 80, "wassersumme": 140, "anzahlg": 2 }, "geometry": { "type": "Point", "coordinates": [ 12.30504, 51.33053 ] } },
{ "type": "Feature", "properties": { "id": 6909207, "lat": 51.35779, "lng": 12.35853, "artdtsch": "Sand-Birke", "artbot": "Betula pendula", "gattungdeutsch": "Betula", "strname": "Schillerhain", "pflanzjahr": "2015", "standalter": "11", "bezirk": "Gohlis-Süd", "standortnr": "G38659", "wassermenge": 30, "wassersumme": 30, "anzahlg": 1 }, "geometry": { "type": "Point", "coordinates": [ 12.35853, 51.35779 ] } },
{ "type": "Feature", "properties": { "id": 6912767, "lat": 51.30351, "lng": 12.39409, "artdtsch": "Baumhasel", "artbot": "Corylus colurna", "gattungdeutsch": "Corylus", "strname": "Probstheidaer Straße", "pflanzjahr": "2011", "standalter": "15", "bezirk": "Marienbrunn", "standortnr": "32900", "wassermenge": 20, "wassersumme": 125, "anzahlg": 8 }, "geometry": { "type": "Point", "coordinates": [ 12.39409, 51.30351 ] } },
{ "type": "Feature", "properties": { "id": 6910738, "lat": 51.34188, "lng": 12.40585, "artdtsch": "Amberbaum", "artbot": "Liquidambar styraciflua", "gattungdeutsch": "Liquidambar", "strname": "Hermann-Liebmann-Straße", "pflanzjahr": "2011", "standalter": "15", "bezirk": "Neustadt-Neuschönefeld", "standortnr": "9047", "wassermenge": 40, "wassersumme": 600, "anzahlg": 15 }, "geometry": { "type": "Point", "coordinates": [ 12.40585, 51.34188 ] } },
{ "type": "Feature", "properties": { "id": 6985250, "lat": 51.30734, "lng": 12.41267, "artdtsch": "Rhododendron", "artbot": "Rhododendron species", "gattungdeutsch": "Rhododendron", "strname": "Südfriedhof", "pflanzjahr": "NULL", "standalter": "NULL", "bezirk": "Probstheida", "standortnr": "168721", "wassermenge": 20, "wassersumme": 230, "anzahlg": 15 }, "geometry": { "type": "Point", "coordinates": [ 12.41267, 51.30734 ] } },
{ "type": "Feature", "properties": { "id": 6918251, "lat": 51.32706, "lng": 12.27451, "artdtsch": "Stiel-Eiche", "artbot": "Quercus robur", "gattungdeutsch": "Quercus", "strname": "Lyoner Straße", "pflanzjahr": "2019", "standalter": "7", "bezirk": "Schönau", "standortnr": "76320", "wassermenge": 100, "wassersumme": 500, "anzahlg": 5 }, "geometry": { "type": "Point", "coordinates": [ 12.27451, 51.32706 ] } },
{ "type": "Feature", "properties": { "id": 6919517, "lat": 51.3328, "lng": 12.35334, "artdtsch": "Säulen-Eiche", "artbot": "Quercus robur 'Fastigiata'", "gattungdeutsch": "Quercus", "strname": "Sebastian-Bach-Straße", "pflanzjahr": "2018", "standalter": "8", "bezirk": "Zentrum-West", "standortnr": "75763", "wassermenge": 5, "wassersumme": 5, "anzahlg": 1 }, "geometry": { "type": "Point", "coordinates": [ 12.35334, 51.3328 ] } },
{ "type": "Feature", "properties": { "id": 6916134, "lat": 51.32215, "lng": 12.32136, "artdtsch": "Süßkirsche 'Hedelfinger Riesenkirsche'", "artbot": "Prunus avium 'Hedelfinger Riesenkirsche'", "gattungdeutsch": "Prunus", "strname": "Gleis-Grün-Zug Bahnhof Plagwitz", "pflanzjahr": "2016", "standalter": "10", "bezirk": "Plagwitz", "standortnr": "G42182", "wassermenge": 100, "wassersumme": 466, "anzahlg": 7 }, "geometry": { "type": "Point", "coordinates": [ 12.32136, 51.32215 ] } },
{ "type": "Feature", "properties": { "id": 6910089, "lat": 51.33014, "lng": 12.3057, "artdtsch": "Eingriffliger Weißdorn", "artbot": "Crataegus monogyna", "gattungdeutsch": "Crataegus", "strname": "Lindenauer Hafen", "pflanzjahr": "2014", "standalter": "12", "bezirk": "Schönau", "standortnr": "G20554", "wassermenge": 90, "wassersumme": 410, "anzahlg": 5 }, "geometry": { "type": "Point", "coordinates": [ 12.3057, 51.33014 ] } },
{ "type": "Feature", "properties": { "id": 6923210, "lat": 51.37073, "lng": 12.40864, "artdtsch": "Kaiser-Linde", "artbot": "Tilia x vulgaris 'Pallida'", "gattungdeutsch": "Tilia", "strname": "Gontardweg", "pflanzjahr": "2022", "standalter": "4", "bezirk": "Mockau-Süd", "standortnr": "2111", "wassermenge": 20, "wassersumme": 30, "anzahlg": 2 }, "geometry": { "type": "Point", "coordinates": [ 12.40864, 51.37073 ] } },
{ "type": "Feature", "properties": { "id": 6918967, "lat": 51.33271, "lng": 12.40646, "artdtsch": "Kegelförmiger Spitz-Ahorn", "artbot": "Acer platanoides 'Emerald Queen'", "gattungdeutsch": "Acer", "strname": "Riebeckstraße", "pflanzjahr": "2020", "standalter": "6", "bezirk": "Reudnitz-Thonberg", "standortnr": "22124", "wassermenge": 100, "wassersumme": 355, "anzahlg": 6 }, "geometry": { "type": "Point", "coordinates": [ 12.40646, 51.33271 ] } },
{ "type": "Feature", "properties": { "id": 6985789, "lat": 51.35513, "lng": 12.26533, "artdtsch": "Brabanter Silber-Linde", "artbot": "Tilia tomentosa 'Brabant'", "gattungdeutsch": "Tilia", "strname": "Parkplatz 7501", "pflanzjahr": "2025", "standalter": "1", "bezirk": "Burghausen-Rückmarsdorf", "standortnr": "168909", "wassermenge": 40, "wassersumme": 40, "anzahlg": 1 }, "geometry": { "type": "Point", "coordinates": [ 12.26533, 51.35513 ] } },
{ "type": "Feature", "properties": { "id": 6919830, "lat": 51.31806, "lng": 12.37138, "artdtsch": "Hopfenbuche", "artbot": "Ostrya carpinifolia", "gattungdeutsch": "Ostrya", "strname": "Kochstraße", "pflanzjahr": "2018", "standalter": "8", "bezirk": "Südvorstadt", "standortnr": "75702", "wassermenge": 10, "wassersumme": 20, "anzahlg": 2 }, "geometry": { "type": "Point", "coordinates": [ 12.37138, 51.31806 ] } },
{ "type": "Feature", "properties": { "id": 6865182, "lat": 51.3342, "lng": 12.40193, "artdtsch": "Gefülltblühende Rosskastanie", "artbot": "Aesculus hippocastanum 'Baumannii'", "gattungdeutsch": "Aesculus", "strname": "Reichpietschstraße", "pflanzjahr": "1999", "standalter": "27", "bezirk": "Reudnitz-Thonberg", "standortnr": "22203", "wassermenge": 15, "wassersumme": 425, "anzahlg": 52 }, "geometry": { "type": "Point", "coordinates": [ 12.40193, 51.3342 ] } },
{ "type": "Feature", "properties": { "id": 6911260, "lat": 51.30111, "lng": 12.38406, "artdtsch": "Stadt-Linde", "artbot": "Tilia cordata 'Greenspire'", "gattungdeutsch": "Tilia", "strname": "Bornaische Straße", "pflanzjahr": "2013", "standalter": "13", "bezirk": "Connewitz", "standortnr": "33200", "wassermenge": 120, "wassersumme": 1180, "anzahlg": 14 }, "geometry": { "type": "Point", "coordinates": [ 12.38406, 51.30111 ] } },
{ "type": "Feature", "properties": { "id": 6916141, "lat": 51.322, "lng": 12.32094, "artdtsch": "Haus-Apfel 'Topaz'", "artbot": "Malus domestica 'Topaz'", "gattungdeutsch": "Malus", "strname": "Gleis-Grün-Zug Bahnhof Plagwitz", "pflanzjahr": "2020", "standalter": "6", "bezirk": "Plagwitz", "standortnr": "G42202", "wassermenge": 100, "wassersumme": 356, "anzahlg": 5 }, "geometry": { "type": "Point", "coordinates": [ 12.32094, 51.322 ] } },
{ "type": "Feature", "properties": { "id": 6915487, "lat": 51.32068, "lng": 12.33819, "artdtsch": "Kegel-Linde", "artbot": "Tilia flavescens 'Glenleven'", "gattungdeutsch": "Tilia", "strname": "Holbeinstraße", "pflanzjahr": "2017", "standalter": "9", "bezirk": "Schleußig", "standortnr": "40476", "wassermenge": 100, "wassersumme": 100, "anzahlg": 1 }, "geometry": { "type": "Point", "coordinates": [ 12.33819, 51.32068 ] } },
{ "type": "Feature", "properties": { "id": 6907761, "lat": 51.32927, "lng": 12.30788, "artdtsch": "Winter-Linde", "artbot": "Tilia cordata", "gattungdeutsch": "Tilia", "strname": "Lindenauer Hafen", "pflanzjahr": "2015", "standalter": "11", "bezirk": "Schönau", "standortnr": "G20524", "wassermenge": 60, "wassersumme": 280, "anzahlg": 5 }, "geometry": { "type": "Point", "coordinates": [ 12.30788, 51.32927 ] } },
{ "type": "Feature", "properties": { "id": 6909048, "lat": 51.37522, "lng": 12.32067, "artdtsch": "Platane", "artbot": "Platanus x acerifolia", "gattungdeutsch": "Platanus", "strname": "Georg-Schumann-Straße", "pflanzjahr": "2015", "standalter": "11", "bezirk": "Wahren", "standortnr": "52436", "wassermenge": 10, "wassersumme": 40, "anzahlg": 4 }, "geometry": { "type": "Point", "coordinates": [ 12.32067, 51.37522 ] } },
{ "type": "Feature", "properties": { "id": 6924603, "lat": 51.31755, "lng": 12.32428, "artdtsch": "Säulen-Ulme", "artbot": "Ulmus 'Columella'", "gattungdeutsch": "Ulmus", "strname": "Rolf-Axen-Straße", "pflanzjahr": "2021", "standalter": "5", "bezirk": "Kleinzschocher", "standortnr": "76560", "wassermenge": 24, "wassersumme": 24, "anzahlg": 1 }, "geometry": { "type": "Point", "coordinates": [ 12.32428, 51.31755 ] } },
{ "type": "Feature", "properties": { "id": 6918265, "lat": 51.32728, "lng": 12.2769, "artdtsch": "Stiel-Eiche", "artbot": "Quercus robur", "gattungdeutsch": "Quercus", "strname": "Lyoner Straße", "pflanzjahr": "2019", "standalter": "7", "bezirk": "Schönau", "standortnr": "76334", "wassermenge": 100, "wassersumme": 300, "anzahlg": 3 }, "geometry": { "type": "Point", "coordinates": [ 12.2769, 51.32728 ] } },
{ "type": "Feature", "properties": { "id": 6916135, "lat": 51.32216, "lng": 12.32126, "artdtsch": "Süßkirsche 'Burlat'", "artbot": "Prunus avium 'Burlat'", "gattungdeutsch": "Prunus", "strname": "Gleis-Grün-Zug Bahnhof Plagwitz", "pflanzjahr": "2016", "standalter": "10", "bezirk": "Plagwitz", "standortnr": "G42183", "wassermenge": 100, "wassersumme": 466, "anzahlg": 6 }, "geometry": { "type": "Point", "coordinates": [ 12.32126, 51.32216 ] } },
{ "type": "Feature", "properties": { "id": 6912304, "lat": 51.34228, "lng": 12.40583, "artdtsch": "Nelken-Kirsche", "artbot": "Prunus serrulata 'Kanzan'", "gattungdeutsch": "Prunus", "strname": "Hermann-Liebmann-Straße", "pflanzjahr": "2011", "standalter": "15", "bezirk": "Neustadt-Neuschönefeld", "standortnr": "71316", "wassermenge": 40, "wassersumme": 640, "anzahlg": 16 }, "geometry": { "type": "Point", "coordinates": [ 12.40583, 51.34228 ] } },
{ "type": "Feature", "properties": { "id": 6924916, "lat": 51.33212, "lng": 12.34723, "artdtsch": "Platane", "artbot": "Platanus x acerifolia", "gattungdeutsch": "Platanus", "strname": "Karl-Heine-Straße", "pflanzjahr": "2021", "standalter": "5", "bezirk": "Plagwitz", "standortnr": "39954", "wassermenge": 30, "wassersumme": 50, "anzahlg": 2 }, "geometry": { "type": "Point", "coordinates": [ 12.34723, 51.33212 ] } },
{ "type": "Feature", "properties": { "id": 6990592, "lat": 51.32917, "lng": 12.30838, "artdtsch": "Südlicher Zürgelbaum", "artbot": "Celtis australis", "gattungdeutsch": "Celtis", "strname": "Lindenauer Hafen", "pflanzjahr": "2026", "standalter": "0", "bezirk": "Schönau", "standortnr": "G20510", "wassermenge": 80, "wassersumme": 560, "anzahlg": 9 }, "geometry": { "type": "Point", "coordinates": [ 12.30838, 51.32917 ] } },
{ "type": "Feature", "properties": { "id": 6920489, "lat": 51.34422, "lng": 12.32489, "artdtsch": "Säulen-Eiche 'Fastigiata Koster'", "artbot": "Quercus robur 'Fastigiata Koster'", "gattungdeutsch": "Quercus", "strname": "Paul-Küstner-Straße", "pflanzjahr": "2024", "standalter": "2", "bezirk": "Altlindenau", "standortnr": "133934", "wassermenge": 75, "wassersumme": 300, "anzahlg": 4 }, "geometry": { "type": "Point", "coordinates": [ 12.32489, 51.34422 ] } },
{ "type": "Feature", "properties": { "id": 6915494, "lat": 51.32276, "lng": 12.33888, "artdtsch": "Kegel-Linde", "artbot": "Tilia flavescens 'Glenleven'", "gattungdeutsch": "Tilia", "strname": "Holbeinstraße", "pflanzjahr": "2017", "standalter": "9", "bezirk": "Schleußig", "standortnr": "40511", "wassermenge": 110, "wassersumme": 110, "anzahlg": 1 }, "geometry": { "type": "Point", "coordinates": [ 12.33888, 51.32276 ] } },
{ "type": "Feature", "properties": { "id": 6910869, "lat": 51.34815, "lng": 12.37184, "artdtsch": "Stadt-Linde", "artbot": "Tilia cordata 'Greenspire'", "gattungdeutsch": "Tilia", "strname": "Parthenstraße", "pflanzjahr": "2015", "standalter": "11", "bezirk": "Zentrum-Nord", "standortnr": "12927", "wassermenge": 55, "wassersumme": 95, "anzahlg": 3 }, "geometry": { "type": "Point", "coordinates": [ 12.37184, 51.34815 ] } },
{ "type": "Feature", "properties": { "id": 6907749, "lat": 51.32927, "lng": 12.30876, "artdtsch": "Schwedische Mehlbeere", "artbot": "Sorbus intermedia", "gattungdeutsch": "Sorbus", "strname": "Lindenauer Hafen", "pflanzjahr": "2015", "standalter": "11", "bezirk": "Schönau", "standortnr": "G20486", "wassermenge": 100, "wassersumme": 500, "anzahlg": 7 }, "geometry": { "type": "Point", "coordinates": [ 12.30876, 51.32927 ] } },
{ "type": "Feature", "properties": { "id": 6912301, "lat": 51.34186, "lng": 12.40595, "artdtsch": "Kaiser-Linde", "artbot": "Tilia x vulgaris 'Pallida'", "gattungdeutsch": "Tilia", "strname": "Hermann-Liebmann-Straße", "pflanzjahr": "2011", "standalter": "15", "bezirk": "Neustadt-Neuschönefeld", "standortnr": "9043", "wassermenge": 40, "wassersumme": 680, "anzahlg": 17 }, "geometry": { "type": "Point", "coordinates": [ 12.40595, 51.34186 ] } },
{ "type": "Feature", "properties": { "id": 6918901, "lat": 51.32978, "lng": 12.41029, "artdtsch": "Stadt-Linde", "artbot": "Tilia cordata 'Greenspire'", "gattungdeutsch": "Tilia", "strname": "Holsteinstraße", "pflanzjahr": "2019", "standalter": "7", "bezirk": "Reudnitz-Thonberg", "standortnr": "20377", "wassermenge": 4, "wassersumme": 4, "anzahlg": 1 }, "geometry": { "type": "Point", "coordinates": [ 12.41029, 51.32978 ] } },
{ "type": "Feature", "properties": { "id": 6913601, "lat": 51.31904, "lng": 12.33736, "artdtsch": "Stadt-Linde", "artbot": "Tilia cordata 'Greenspire'", "gattungdeutsch": "Tilia", "strname": "Antonienstraße", "pflanzjahr": "2014", "standalter": "12", "bezirk": "Plagwitz", "standortnr": "39324", "wassermenge": 90, "wassersumme": 100, "anzahlg": 2 }, "geometry": { "type": "Point", "coordinates": [ 12.33736, 51.31904 ] } },
{ "type": "Feature", "properties": { "id": 6994483, "lat": 51.2992, "lng": 12.40049, "artdtsch": "Hänge-Weide", "artbot": "Salix alba 'Tristis'", "gattungdeutsch": "Salix", "strname": "Park Lößnig/Dölitz, Erholungspark", "pflanzjahr": "2026", "standalter": "0", "bezirk": "Lößnig", "standortnr": "172800", "wassermenge": 60, "wassersumme": 60, "anzahlg": 1 }, "geometry": { "type": "Point", "coordinates": [ 12.40049, 51.2992 ] } },
{ "type": "Feature", "properties": { "id": 6922890, "lat": 51.32171, "lng": 12.276, "artdtsch": "Zerr-Eiche", "artbot": "Quercus cerris", "gattungdeutsch": "Quercus", "strname": "Kiewer Straße", "pflanzjahr": "2021", "standalter": "5", "bezirk": "Grünau-Nord", "standortnr": "47493", "wassermenge": 150, "wassersumme": 300, "anzahlg": 2 }, "geometry": { "type": "Point", "coordinates": [ 12.276, 51.32171 ] } },
{ "type": "Feature", "properties": { "id": 6913397, "lat": 51.34061, "lng": 12.36119, "artdtsch": "Säulen-Hainbuche 'Frans Fontaine'", "artbot": "Carpinus betulus 'Frans Fontaine'", "gattungdeutsch": "Carpinus", "strname": "Carl-Maria-von-Weber-Straße (Offenlegung Elstermühlgraben)", "pflanzjahr": "2015", "standalter": "11", "bezirk": "Zentrum-West", "standortnr": "G33769", "wassermenge": 10, "wassersumme": 100, "anzahlg": 10 }, "geometry": { "type": "Point", "coordinates": [ 12.36119, 51.34061 ] } },
{ "type": "Feature", "properties": { "id": 6916142, "lat": 51.32223, "lng": 12.32096, "artdtsch": "Haus-Apfel 'Jacob Lebel'", "artbot": "Malus domestica 'Jacob Lebel'", "gattungdeutsch": "Malus", "strname": "Gleis-Grün-Zug Bahnhof Plagwitz", "pflanzjahr": "2020", "standalter": "6", "bezirk": "Plagwitz", "standortnr": "G42205", "wassermenge": 100, "wassersumme": 446, "anzahlg": 6 }, "geometry": { "type": "Point", "coordinates": [ 12.32096, 51.32223 ] } },
{ "type": "Feature", "properties": { "id": 6924353, "lat": 51.32176, "lng": 12.33989, "artdtsch": "Gleditschie 'Skyline'", "artbot": "Gleditsia triacanthos 'Skyline'", "gattungdeutsch": "Gleditsia", "strname": "Brockhausstraße", "pflanzjahr": "2021", "standalter": "5", "bezirk": "Schleußig", "standortnr": "40722", "wassermenge": 70, "wassersumme": 70, "anzahlg": 1 }, "geometry": { "type": "Point", "coordinates": [ 12.33989, 51.32176 ] } },
{ "type": "Feature", "properties": { "id": 6879061, "lat": 51.31536, "lng": 12.30017, "artdtsch": "Schwarz-Kiefer", "artbot": "Pinus nigra", "gattungdeutsch": "Pinus", "strname": "Ringstraße", "pflanzjahr": "2000", "standalter": "26", "bezirk": "Grünau-Mitte", "standortnr": "75126", "wassermenge": 220, "wassersumme": 4210, "anzahlg": 28 }, "geometry": { "type": "Point", "coordinates": [ 12.30017, 51.31536 ] } },
{ "type": "Feature", "properties": { "id": 6917463, "lat": 51.3268, "lng": 12.37249, "artdtsch": "Säulen-Eiche 'Fastigiata Koster'", "artbot": "Quercus robur 'Fastigiata Koster'", "gattungdeutsch": "Quercus", "strname": "Braustraße", "pflanzjahr": "2016", "standalter": "10", "bezirk": "Zentrum-Süd", "standortnr": "74854", "wassermenge": 110, "wassersumme": 310, "anzahlg": 4 }, "geometry": { "type": "Point", "coordinates": [ 12.37249, 51.3268 ] } },
{ "type": "Feature", "properties": { "id": 6825957, "lat": 51.35311, "lng": 12.36816, "artdtsch": "Ulme", "artbot": "Ulmus species", "gattungdeutsch": "Ulmus", "strname": "Kickerlingsberg/Springerstraße", "pflanzjahr": "1960", "standalter": "66", "bezirk": "Zentrum-Nordwest", "standortnr": "G47474", "wassermenge": 30, "wassersumme": 30, "anzahlg": 1 }, "geometry": { "type": "Point", "coordinates": [ 12.36816, 51.35311 ] } },
{ "type": "Feature", "properties": { "id": 6908661, "lat": 51.33539, "lng": 12.3613, "artdtsch": "Holländische Linde", "artbot": "Tilia x vulgaris", "gattungdeutsch": "Tilia", "strname": "Johannapark", "pflanzjahr": "2011", "standalter": "15", "bezirk": "Zentrum-West", "standortnr": "37730", "wassermenge": 80, "wassersumme": 90, "anzahlg": 2 }, "geometry": { "type": "Point", "coordinates": [ 12.3613, 51.33539 ] } },
{ "type": "Feature", "properties": { "id": 6900848, "lat": 51.33377, "lng": 12.4021, "artdtsch": "Gemeine Esche", "artbot": "Fraxinus excelsior", "gattungdeutsch": "Fraxinus", "strname": "Lene-Voigt-Park", "pflanzjahr": "2006", "standalter": "20", "bezirk": "Reudnitz-Thonberg", "standortnr": "G152", "wassermenge": 5, "wassersumme": 5, "anzahlg": 1 }, "geometry": { "type": "Point", "coordinates": [ 12.4021, 51.33377 ] } },
{ "type": "Feature", "properties": { "id": 6916686, "lat": 51.3467, "lng": 12.39737, "artdtsch": "Stadt-Linde", "artbot": "Tilia cordata 'Greenspire'", "gattungdeutsch": "Tilia", "strname": "Ludwigstraße", "pflanzjahr": "2020", "standalter": "6", "bezirk": "Neustadt-Neuschönefeld", "standortnr": "77072", "wassermenge": 60, "wassersumme": 85, "anzahlg": 3 }, "geometry": { "type": "Point", "coordinates": [ 12.39737, 51.3467 ] } }
]
}
