{"type":"FeatureCollection","features":[{"type":"Feature","properties":{"wassersumme":400},"geometry":{"type":"Polygon","coordinates":[[[12.3209715639,51.32197214070364],[12.320963105417365,51.32197042315427],[12.320957877788947,51.32196592655196],[12.320957877790606,51.321960368446454],[12.32096310542005,51.32195587184513],[12.3209715639,51.321954154296364],[12.32098002237995,51.32195587184513],[12.320985250009395,51.321960368446454],[12.320985250011054,51.32196592655196],[12.320980022382637,51.32197042315427],[12.3209715639,51.32197214070364]]]}},{"type":"Feature","properties":{"wassersumme":400},"geometry":{"type":"Polygon","coordinates":[[[12.3209451246,51.32201200920363],[12.320936666110013,51.322010291654266],[12.32093143847705,51.32200579505196],[12.320931438478707,51.32200023694644],[12.320936666112695,51.321995740345116],[12.3209451246,51.32199402279635],[12.320953583087302,51.321995740345116],[12.32095881072129,51.32200023694644],[12.320958810722948,51.32200579505196],[12.320953583089985,51.322010291654266],[12.3209451246,51.32201200920363]]]}},{"type":"Feature","properties":{"wassersumme":300},"geometry":{"type":"Polygon","coordinates":[[[12.3209632281,51.322240695103645],[12.32095476956784,51.322238977554264],[12.320949541908812,51.32223448095195],[12.320949541910473,51.32222892284644],[12.320954769570525,51.32222442624512],[12.3209632281,51.32222270869635],[12.320971686629475,51.32222442624512],[12.320976914289528,51.32222892284644],[12.320976914291188,51.32223448095195],[12.320971686632161,51.322238977554264],[12.3209632281,51.322240695103645]]]}},{"type":"Feature","properties":{"wassersumme":400},"geometry":{"type":"Polygon","coordinates":[[[12.3210954064,51.32267939700362],[12.321086947786934,51.32267767945425],[12.321081720077904,51.32267318285195],[12.321081720079563,51.32266762474643],[12.32108694778962,51.32266312814511],[12.3210954064,51.32266141059635],[12.321103865010382,51.32266312814511],[12.321109092720436,51.32266762474643],[12.321109092722097,51.32267318285195],[12.321103865013066,51.32267767945425],[12.3210954064,51.32267939700362]]]}},{"type":"Feature","properties":{"wassersumme":400},"geometry":{"type":"Polygon","coordinates":[[[12.3210953699,51.322739117403636],[12.32108691127592,51.322737399854276],[12.321081683560083,51.32273290325195],[12.32108168356174,51.32272734514645],[12.321086911278602,51.32272284854512],[12.3210953699,51.322721130996364],[12.321103828521395,51.32272284854512],[12.321109056238257,51.32272734514645],[12.321109056239916,51.32273290325195],[12.321103828524079,51.322737399854276],[12.3210953699,51.322739117403636]]]}},{"type":"Feature","properties":{"wassersumme":400},"geometry":{"type":"Polygon","coordinates":[[[12.3211241631,51.32279922770362],[12.321115704464836,51.32279751015427],[12.321110476742145,51.32279301355195],[12.321110476743806,51.322787455446424],[12.321115704467518,51.32278295884511],[12.3211241631,51.322781241296354],[12.321132621732481,51.32278295884511],[12.321137849456195,51.322787455446424],[12.321137849457854,51.32279301355195],[12.321132621735165,51.32279751015427],[12.3211241631,51.32279922770362]]]}},{"type":"Feature","properties":{"wassersumme":400},"geometry":{"type":"Polygon","coordinates":[[[12.3211411772,51.322861946503636],[12.321132718553267,51.32286022895427],[12.321127490823429,51.322855732351954],[12.321127490825088,51.32285017424645],[12.321132718555951,51.32284567764513],[12.3211411772,51.322843960096364],[12.321149635844048,51.32284567764513],[12.32115486357491,51.32285017424645],[12.321154863576567,51.322855732351954],[12.321149635846732,51.32286022895427],[12.3211411772,51.322861946503636]]]}},{"type":"Feature","properties":{"wassersumme":400},"geometry":{"type":"Polygon","coordinates":[[[12.321172018000002,51.322926331003636],[12.321163559341395,51.322924613454276],[12.32115833160422,51.32292011685196],[12.321158331605877,51.32291455874645],[12.321163559344079,51.32291006214511],[12.321172018000002,51.322908344596364],[12.321180476655924,51.32291006214511],[12.321185704394123,51.32291455874645],[12.321185704395782,51.32292011685196],[12.321180476658608,51.322924613454276],[12.321172018000002,51.322926331003636]]]}},{"type":"Feature","properties":{"wassersumme":40},"geometry":{"type":"Polygon","coordinates":[[[12.4058403425,51.31763885840363],[12.405831884816386,51.317637140854266],[12.405826657681791,51.31763264425196],[12.40582665768345,51.31762708614644],[12.40583188481907,51.31762258954512],[12.4058403425,51.31762087199636],[12.405848800180927,51.31762258954512],[12.405854027316547,51.31762708614644],[12.405854027318206,51.31763264425196],[12.405848800183609,51.317637140854266],[12.4058403425,51.31763885840363]]]}},{"type":"Feature","properties":{"wassersumme":80},"geometry":{"type":"Polygon","coordinates":[[[12.2555226901,51.32159663260362],[12.255514231686613,51.32159491505427],[12.255509004100993,51.321590418451954],[12.25550900410265,51.321584860346434],[12.255514231689299,51.32158036374511],[12.2555226901,51.321578646196365],[12.2555311485107,51.32158036374511],[12.255536376097348,51.321584860346434],[12.255536376099005,51.321590418451954],[12.255531148513386,51.32159491505427],[12.2555226901,51.32159663260362]]]}},{"type":"Feature","properties":{"wassersumme":30},"geometry":{"type":"Polygon","coordinates":[[[12.3277345531,51.31445734490363],[12.32772609600291,51.31445562735427],[12.327720869230804,51.314451130751955],[12.32772086923246,51.31444557264645],[12.327726096005593,51.31444107604513],[12.3277345531,51.314439358496365],[12.32774301019441,51.31444107604513],[12.327748236967542,51.31444557264645],[12.3277482369692,51.314451130751955],[12.327743010197093,51.31445562735427],[12.3277345531,51.31445734490363]]]}},{"type":"Feature","properties":{"wassersumme":370},"geometry":{"type":"Polygon","coordinates":[[[12.3313752464,51.328236411303635],[12.331366786761931,51.32823469375426],[12.331361558419415,51.328230197151946],[12.331361558421074,51.32822463904644],[12.331366786764614,51.32822014244512],[12.3313752464,51.32821842489636],[12.331383706035385,51.32822014244512],[12.331388934378925,51.32822463904644],[12.331388934380586,51.328230197151946],[12.331383706038071,51.32823469375426],[12.3313752464,51.328236411303635]]]}},{"type":"Feature","properties":{"wassersumme":30},"geometry":{"type":"Polygon","coordinates":[[[12.3344803645,51.32801834720363],[12.334471904902157,51.328016629654265],[12.334466676584503,51.32801213305197],[12.334466676586162,51.32800657494644],[12.334471904904843,51.32800207834512],[12.3344803645,51.32800036079636],[12.334488824095155,51.32800207834512],[12.334494052413834,51.32800657494644],[12.334494052415495,51.32801213305197],[12.334488824097841,51.328016629654265],[12.3344803645,51.32801834720363]]]}},{"type":"Feature","properties":{"wassersumme":140},"geometry":{"type":"Polygon","coordinates":[[[12.3975101455,51.34685330700364],[12.397501682425611,51.34685158945426],[12.397496451959334,51.34684709285195],[12.397496451960993,51.34684153474644],[12.397501682428299,51.34683703814512],[12.3975101455,51.346835320596355],[12.397518608571701,51.34683703814512],[12.397523839039005,51.34684153474644],[12.397523839040666,51.34684709285195],[12.397518608574387,51.34685158945426],[12.3975101455,51.34685330700364]]]}},{"type":"Feature","properties":{"wassersumme":110},"geometry":{"type":"Polygon","coordinates":[[[12.397618699,51.34684861480362],[12.397610235926479,51.34684689725425],[12.397605005460735,51.34684240065195],[12.397605005462397,51.34683684254643],[12.397610235929166,51.34683234594511],[12.397618699,51.34683062839635],[12.397627162070833,51.34683234594511],[12.397632392537602,51.34683684254643],[12.397632392539265,51.34684240065195],[12.397627162073523,51.34684689725425],[12.397618699,51.34684861480362]]]}},{"type":"Feature","properties":{"wassersumme":10},"geometry":{"type":"Polygon","coordinates":[[[12.397367082000002,51.346714317303636],[12.397358618951282,51.34671259975427],[12.397353388500868,51.346708103151954],[12.39735338850253,51.34670254504645],[12.397358618953971,51.34669804844511],[12.397367082000002,51.346696330896364],[12.397375545046035,51.34669804844511],[12.397380775497474,51.34670254504645],[12.397380775499135,51.346708103151954],[12.397375545048721,51.34671259975427],[12.397367082000002,51.346714317303636]]]}},{"type":"Feature","properties":{"wassersumme":50},"geometry":{"type":"Polygon","coordinates":[[[12.3810433408,51.39554558480363],[12.381034868720514,51.39554386725427],[12.38102963268878,51.39553937065196],[12.381029632690447,51.39553381254643],[12.381034868723207,51.39552931594512],[12.3810433408,51.39552759839636],[12.381051812876793,51.39552931594512],[12.381057048909552,51.39553381254643],[12.381057048911218,51.39553937065196],[12.381051812879488,51.39554386725427],[12.3810433408,51.39554558480363]]]}},{"type":"Feature","properties":{"wassersumme":250},"geometry":{"type":"Polygon","coordinates":[[[12.2626039183,51.35694207540364],[12.262595453361879,51.35694035785426],[12.262590221743753,51.35693586125195],[12.262590221745414,51.356930303146434],[12.262595453364568,51.356925806545114],[12.2626039183,51.356924088996365],[12.26261238323543,51.356925806545114],[12.262617614854586,51.356930303146434],[12.262617614856245,51.35693586125195],[12.26261238323812,51.35694035785426],[12.2626039183,51.35694207540364]]]}},{"type":"Feature","properties":{"wassersumme":400},"geometry":{"type":"Polygon","coordinates":[[[12.3214200132,51.32219826390365],[12.321411554675665,51.32219654635427],[12.321406327021473,51.322192049751976],[12.321406327023132,51.32218649164645],[12.321411554678349,51.32218199504513],[12.3214200132,51.322180277496365],[12.321428471721651,51.32218199504513],[12.321433699376868,51.32218649164645],[12.321433699378527,51.322192049751976],[12.321428471724333,51.32219654635427],[12.3214200132,51.32219826390365]]]}},{"type":"Feature","properties":{"wassersumme":400},"geometry":{"type":"Polygon","coordinates":[[[12.3213585466,51.32215692320362],[12.32135008808329,51.32215520565427],[12.32134486043381,51.322150709051954],[12.321344860435469,51.32214515094643],[12.321350088085973,51.322140654345105],[12.3213585466,51.322138936796364],[12.321367005114029,51.322140654345105],[12.321372232764535,51.32214515094643],[12.321372232766192,51.322150709051954],[12.321367005116711,51.32215520565427],[12.3213585466,51.32215692320362]]]}},{"type":"Feature","properties":{"wassersumme":400},"geometry":{"type":"Polygon","coordinates":[[[12.321261414999999,51.32216351450362],[12.321252956482075,51.32216179695427],[12.321247728831842,51.322157300351954],[12.3212477288335,51.32215174224643],[12.321252956484757,51.322147245645105],[12.321261414999999,51.32214552809635],[12.321269873515241,51.322147245645105],[12.321275101166501,51.32215174224643],[12.321275101168156,51.322157300351954],[12.321269873517927,51.32216179695427],[12.321261414999999,51.32216351450362]]]}},{"type":"Feature","properties":{"wassersumme":400},"geometry":{"type":"Polygon","coordinates":[[[12.3213266106,51.322207369003635],[12.321318152073987,51.32220565145427],[12.321312924418756,51.32220115485196],[12.321312924420416,51.32219559674643],[12.32131815207667,51.32219110014512],[12.3213266106,51.32218938259635],[12.321335069123332,51.32219110014512],[12.321340296779585,51.32219559674643],[12.321340296781242,51.32220115485196],[12.321335069126015,51.32220565145427],[12.3213266106,51.322207369003635]]]}},{"type":"Feature","properties":{"wassersumme":400},"geometry":{"type":"Polygon","coordinates":[[[12.321175426000002,51.32216856190364],[12.321166967481144,51.32216684435427],[12.321161739830337,51.322162347751956],[12.321161739831997,51.322156789646435],[12.321166967483828,51.322152293045114],[12.321175426000002,51.322150575496366],[12.321183884516175,51.322152293045114],[12.321189112168007,51.322156789646435],[12.321189112169664,51.322162347751956],[12.321183884518858,51.32216684435427],[12.321175426000002,51.32216856190364]]]}},{"type":"Feature","properties":{"wassersumme":300},"geometry":{"type":"Polygon","coordinates":[[[12.320934425,51.32166863750362],[12.320925966573336,51.321666919954254],[12.32092073897951,51.32166242335196],[12.320920738981167,51.32165686524643],[12.32092596657602,51.32165236864511],[12.320934425,51.32165065109635],[12.32094288342398,51.32165236864511],[12.320948111018833,51.32165686524643],[12.320948111020494,51.32166242335196],[12.320942883426666,51.321666919954254],[12.320934425,51.32166863750362]]]}},{"type":"Feature","properties":{"wassersumme":400},"geometry":{"type":"Polygon","coordinates":[[[12.3210936622,51.32194354570363],[12.321085203722639,51.321941828154266],[12.321079976097478,51.32193733155195],[12.321079976099139,51.321931773446444],[12.321085203725323,51.32192727684511],[12.3210936622,51.32192555929635],[12.321102120674675,51.32192727684511],[12.321107348300863,51.321931773446444],[12.32110734830252,51.32193733155195],[12.321102120677361,51.321941828154266],[12.3210936622,51.32194354570363]]]}},{"type":"Feature","properties":{"wassersumme":400},"geometry":{"type":"Polygon","coordinates":[[[12.321155175299998,51.321964381003646],[12.321146716818795,51.32196266345428],[12.32114148919126,51.32195816685196],[12.32114148919292,51.32195260874644],[12.32114671682148,51.32194811214512],[12.321155175299998,51.321946394596374],[12.321163633778518,51.32194811214512],[12.321168861407077,51.32195260874644],[12.321168861408738,51.32195816685196],[12.321163633781202,51.32196266345428],[12.321155175299998,51.321964381003646]]]}},{"type":"Feature","properties":{"wassersumme":150},"geometry":{"type":"Polygon","coordinates":[[[12.321051431,51.32199330620362],[12.321042972513464,51.32199158865426],[12.321037744882632,51.32198709205195],[12.321037744884292,51.321981533946435],[12.321042972516146,51.321977037345114],[12.321051431,51.32197531979635],[12.321059889483855,51.321977037345114],[12.32106511711571,51.321981533946435],[12.32106511711737,51.32198709205195],[12.321059889486538,51.32199158865426],[12.321051431,51.32199330620362]]]}},{"type":"Feature","properties":{"wassersumme":300},"geometry":{"type":"Polygon","coordinates":[[[12.321256844,51.32253495820363],[12.321248385413574,51.322533240654266],[12.321243157721007,51.322528744051965],[12.321243157722664,51.322523185946444],[12.321248385416256,51.322518689345124],[12.321256844,51.32251697179637],[12.321265302583745,51.322518689345124],[12.321270530277337,51.322523185946444],[12.321270530278994,51.322528744051965],[12.321265302586427,51.322533240654266],[12.321256844,51.32253495820363]]]}},{"type":"Feature","properties":{"wassersumme":300},"geometry":{"type":"Polygon","coordinates":[[[12.321189601,51.32299652800363],[12.321181142328449,51.32299481045426],[12.321175914583273,51.322990313851946],[12.321175914584929,51.32298475574644],[12.321181142331131,51.32298025914511],[12.321189601,51.32297854159635],[12.321198059668868,51.32298025914511],[12.321203287415072,51.32298475574644],[12.32120328741673,51.322990313851946],[12.32119805967155,51.32299481045426],[12.321189601,51.32299652800363]]]}},{"type":"Feature","properties":{"wassersumme":150},"geometry":{"type":"Polygon","coordinates":[[[12.3213408393,51.322785748603636],[12.321332380667322,51.32278403105427],[12.321327152946168,51.32277953445196],[12.321327152947825,51.32277397634644],[12.321332380670004,51.32276947974512],[12.3213408393,51.322767762196364],[12.321349297929995,51.32276947974512],[12.321354525652172,51.32277397634644],[12.321354525653831,51.32277953445196],[12.321349297932677,51.32278403105427],[12.3213408393,51.322785748603636]]]}},{"type":"Feature","properties":{"wassersumme":100},"geometry":{"type":"Polygon","coordinates":[[[12.374704161700002,51.330553631303644],[12.374695701634419,51.33055191375428],[12.374690473027684,51.330547417151955],[12.374690473029345,51.33054185904645],[12.374695701637103,51.330537362445114],[12.374704161700002,51.33053564489635],[12.3747126217629,51.330537362445114],[12.374717850370658,51.33054185904645],[12.374717850372319,51.330547417151955],[12.374712621765584,51.33055191375428],[12.374704161700002,51.330553631303644]]]}},{"type":"Feature","properties":{"wassersumme":120},"geometry":{"type":"Polygon","coordinates":[[[12.417009309,51.342372790403644],[12.41700084675297,51.34237107285428],[12.416995616798022,51.34236657625196],[12.416995616799683,51.34236101814644],[12.417000846755654,51.34235652154512],[12.417009309,51.34235480399636],[12.41701777124435,51.34235652154512],[12.417023001200322,51.34236101814644],[12.417023001201983,51.34236657625196],[12.417017771247036,51.34237107285428],[12.417009309,51.342372790403644]]]}},{"type":"Feature","properties":{"wassersumme":50},"geometry":{"type":"Polygon","coordinates":[[[12.3293517537,51.330814747403636],[12.329343293586241,51.33081302985427],[12.329338064949727,51.330808533251954],[12.329338064951388,51.33080297514645],[12.329343293588925,51.33079847854512],[12.3293517537,51.33079676099636],[12.329360213811075,51.33079847854512],[12.329365442448612,51.33080297514645],[12.329365442450271,51.330808533251954],[12.329360213813759,51.33081302985427],[12.3293517537,51.330814747403636]]]}},{"type":"Feature","properties":{"wassersumme":60},"geometry":{"type":"Polygon","coordinates":[[[12.304723639600002,51.330723163203636],[12.30471517950314,51.33072144565427],[12.304709950877072,51.33071694905196],[12.304709950878731,51.33071139094645],[12.304715179505823,51.33070689434513],[12.304723639600002,51.33070517679636],[12.30473209969418,51.33070689434513],[12.304737328321272,51.33071139094645],[12.30473732832293,51.33071694905196],[12.304732099696864,51.33072144565427],[12.304723639600002,51.330723163203636]]]}},{"type":"Feature","properties":{"wassersumme":80},"geometry":{"type":"Polygon","coordinates":[[[12.305453860400002,51.33034881550362],[12.305445400372209,51.33034709795426],[12.305440171788828,51.33034260135195],[12.305440171790488,51.33033704324644],[12.305445400374893,51.3303325466451],[12.305453860400002,51.330330829096354],[12.305462320425109,51.3303325466451],[12.305467549009514,51.33033704324644],[12.305467549011174,51.33034260135195],[12.305462320427795,51.33034709795426],[12.305453860400002,51.33034881550362]]]}},{"type":"Feature","properties":{"wassersumme":55},"geometry":{"type":"Polygon","coordinates":[[[12.254450814,51.32116032710362],[12.254442355667074,51.32115860955426],[12.254437128131178,51.32115411295194],[12.254437128132837,51.32114855484643],[12.254442355669758,51.3211440582451],[12.254450814,51.32114234069634],[12.254459272330244,51.3211440582451],[12.254464499867163,51.32114855484643],[12.254464499868824,51.32115411295194],[12.254459272332927,51.32115860955426],[12.254450814,51.32116032710362]]]}},{"type":"Feature","properties":{"wassersumme":6},"geometry":{"type":"Polygon","coordinates":[[[12.4073903246,51.346611309503636],[12.407381861570302,51.34660959195426],[12.407376631131648,51.34660509535196],[12.407376631133307,51.34659953724643],[12.40738186157299,51.34659504064511],[12.4073903246,51.34659332309635],[12.407398787627008,51.34659504064511],[12.407404018066691,51.34659953724643],[12.40740401806835,51.34660509535196],[12.407398787629695,51.34660959195426],[12.4073903246,51.346611309503636]]]}},{"type":"Feature","properties":{"wassersumme":202},"geometry":{"type":"Polygon","coordinates":[[[12.3978134355,51.34739077220364],[12.39780497232635,51.347389054654265],[12.397799741798728,51.34738455805196],[12.397799741800387,51.34737899994644],[12.397804972329038,51.347374503345115],[12.3978134355,51.34737278579636],[12.39782189867096,51.347374503345115],[12.397827129199612,51.34737899994644],[12.397827129201271,51.34738455805196],[12.397821898673648,51.347389054654265],[12.3978134355,51.34739077220364]]]}},{"type":"Feature","properties":{"wassersumme":120},"geometry":{"type":"Polygon","coordinates":[[[12.397764409,51.347421130403625],[12.397755945820748,51.34741941285426],[12.397750715289655,51.34741491625195],[12.397750715291318,51.34740935814643],[12.397755945823432,51.34740486154511],[12.397764409,51.347403143996345],[12.397772872176569,51.34740486154511],[12.397778102708683,51.34740935814643],[12.397778102710346,51.34741491625195],[12.397772872179257,51.34741941285426],[12.397764409,51.347421130403625]]]}},{"type":"Feature","properties":{"wassersumme":300},"geometry":{"type":"Polygon","coordinates":[[[12.4064612048,51.33271866500364],[12.40645274433493,51.33271694745427],[12.406447515481297,51.33271245085196],[12.406447515482956,51.33270689274644],[12.406452744337614,51.332702396145116],[12.4064612048,51.33270067859636],[12.406469665262383,51.332702396145116],[12.40647489411704,51.33270689274644],[12.4064748941187,51.33271245085196],[12.40646966526507,51.33271694745427],[12.4064612048,51.33271866500364]]]}},{"type":"Feature","properties":{"wassersumme":420},"geometry":{"type":"Polygon","coordinates":[[[12.308796649399998,51.32926340670364],[12.30878818957246,51.32926168915427],[12.308782961112847,51.32925719255197],[12.308782961114508,51.32925163444645],[12.308788189575145,51.32924713784513],[12.308796649399998,51.32924542029637],[12.30880510922485,51.32924713784513],[12.30881033768549,51.32925163444645],[12.308810337687147,51.32925719255197],[12.308805109227535,51.32926168915427],[12.308796649399998,51.32926340670364]]]}},{"type":"Feature","properties":{"wassersumme":310},"geometry":{"type":"Polygon","coordinates":[[[12.3086138779,51.32912150380364],[12.308605418098642,51.329119786254275],[12.308600189655207,51.32911528965196],[12.308600189656866,51.32910973154644],[12.308605418101328,51.329105234945125],[12.3086138779,51.32910351739636],[12.30862233769867,51.329105234945125],[12.30862756614313,51.32910973154644],[12.308627566144787,51.32911528965196],[12.308622337701355,51.329119786254275],[12.3086138779,51.32912150380364]]]}},{"type":"Feature","properties":{"wassersumme":20},"geometry":{"type":"Polygon","coordinates":[[[12.4111770876,51.346231286803636],[12.411168624640483,51.34622956925427],[12.4111633942452,51.34622507265196],[12.411163394246861,51.34621951454644],[12.411168624643171,51.34621501794512],[12.4111770876,51.34621330039636],[12.411185550556828,51.34621501794512],[12.411190780953138,51.34621951454644],[12.411190780954799,51.34622507265196],[12.411185550559516,51.34622956925427],[12.4111770876,51.346231286803636]]]}},{"type":"Feature","properties":{"wassersumme":310},"geometry":{"type":"Polygon","coordinates":[[[12.4065153021,51.33281582950365],[12.406506841617,51.33281411195427],[12.406501612752288,51.33280961535197],[12.406501612753948,51.33280405724644],[12.406506841619688,51.33279956064512],[12.4065153021,51.33279784309636],[12.406523762580314,51.33279956064512],[12.406528991446052,51.33280405724644],[12.406528991447713,51.33280961535197],[12.406523762583001,51.33281411195427],[12.4065153021,51.33281582950365]]]}},{"type":"Feature","properties":{"wassersumme":120},"geometry":{"type":"Polygon","coordinates":[[[12.327659350299998,51.33398630600364],[12.327650889601003,51.33398458845427],[12.327645660602798,51.33398009185197],[12.327645660604457,51.33397453374645],[12.327650889603689,51.33397003714512],[12.327659350299998,51.33396831959637],[12.327667810996308,51.33397003714512],[12.327673039995538,51.33397453374645],[12.3276730399972,51.33398009185197],[12.327667810998994,51.33398458845427],[12.327659350299998,51.33398630600364]]]}},{"type":"Feature","properties":{"wassersumme":265},"geometry":{"type":"Polygon","coordinates":[[[12.3274796089,51.33362567530363],[12.327471148267554,51.33362395775427],[12.327465919310482,51.333619461151955],[12.32746591931214,51.33361390304645],[12.327471148270241,51.333609406445106],[12.3274796089,51.33360768889636],[12.327488069529757,51.333609406445106],[12.327493298487857,51.33361390304645],[12.327493298489518,51.333619461151955],[12.327488069532444,51.33362395775427],[12.3274796089,51.33362567530363]]]}},{"type":"Feature","properties":{"wassersumme":1045},"geometry":{"type":"Polygon","coordinates":[[[12.461795520500003,51.35389708420363],[12.461787056124507,51.353895366654264],[12.461781824854102,51.35389087005195],[12.461781824855763,51.35388531194644],[12.461787056127196,51.353880815345114],[12.461795520500003,51.35387909779635],[12.461803984872807,51.353880815345114],[12.461809216144239,51.35388531194644],[12.461809216145902,51.35389087005195],[12.461803984875496,51.353895366654264],[12.461795520500003,51.35389708420363]]]}},{"type":"Feature","properties":{"wassersumme":7},"geometry":{"type":"Polygon","coordinates":[[[12.4152565014,51.35577938670363],[12.415248036676724,51.35577766915427],[12.415242805191376,51.35577317255195],[12.415242805193039,51.35576761444645],[12.415248036679413,51.35576311784511],[12.4152565014,51.35576140029636],[12.41526496612059,51.35576311784511],[12.415270197606963,51.35576761444645],[12.415270197608626,51.35577317255195],[12.41526496612328,51.35577766915427],[12.4152565014,51.35577938670363]]]}},{"type":"Feature","properties":{"wassersumme":375},"geometry":{"type":"Polygon","coordinates":[[[12.2945326967,51.30723752210363],[12.2945242409335,51.30723580455427],[12.294519014983743,51.30723130795196],[12.2945190149854,51.30722574984644],[12.294524240936182,51.30722125324512],[12.2945326967,51.307219535696355],[12.294541152463815,51.30722125324512],[12.294546378414596,51.30722574984644],[12.294546378416253,51.30723130795196],[12.294541152466495,51.30723580455427],[12.2945326967,51.30723752210363]]]}},{"type":"Feature","properties":{"wassersumme":75},"geometry":{"type":"Polygon","coordinates":[[[12.290299144399999,51.32510829090362],[12.29029068533896,51.32510657335427],[12.290285457353066,51.32510207675195],[12.290285457354727,51.32509651864645],[12.290290685341644,51.32509202204511],[12.290299144399999,51.325090304496364],[12.290307603458356,51.32509202204511],[12.290312831445275,51.32509651864645],[12.290312831446933,51.32510207675195],[12.29030760346104,51.32510657335427],[12.290299144399999,51.32510829090362]]]}},{"type":"Feature","properties":{"wassersumme":100},"geometry":{"type":"Polygon","coordinates":[[[12.255129655500001,51.320333037703634],[12.255121197319628,51.32033132015427],[12.255115969878016,51.32032682355195],[12.255115969879675,51.32032126544644],[12.255121197322312,51.32031676884512],[12.255129655500001,51.320315051296355],[12.255138113677688,51.32031676884512],[12.255143341120325,51.32032126544644],[12.255143341121986,51.32032682355195],[12.255138113680374,51.32033132015427],[12.255129655500001,51.320333037703634]]]}},{"type":"Feature","properties":{"wassersumme":90},"geometry":{"type":"Polygon","coordinates":[[[12.3152758145,51.34585734970365],[12.315267351609538,51.345855632154276],[12.315262121256934,51.34585113555195],[12.315262121258593,51.345845577446454],[12.315267351612226,51.34584108084512],[12.3152758145,51.345839363296356],[12.31528427738777,51.34584108084512],[12.315289507741403,51.345845577446454],[12.315289507743062,51.34585113555195],[12.31528427739046,51.345855632154276],[12.3152758145,51.34585734970365]]]}},{"type":"Feature","properties":{"wassersumme":190},"geometry":{"type":"Polygon","coordinates":[[[12.3150902202,51.345912094803644],[12.31508175729943,51.34591037725426],[12.315076526940578,51.345905880651955],[12.315076526942237,51.34590032254644],[12.315081757302117,51.34589582594512],[12.3150902202,51.34589410839635],[12.315098683097883,51.34589582594512],[12.315103913457762,51.34590032254644],[12.315103913459422,51.345905880651955],[12.315098683100569,51.34591037725426],[12.3150902202,51.345912094803644]]]}},{"type":"Feature","properties":{"wassersumme":10},"geometry":{"type":"Polygon","coordinates":[[[12.3301298107,51.341697211503636],[12.330121348577697,51.34169549395427],[12.330116118699841,51.34169099735196],[12.330116118701502,51.34168543924644],[12.330121348580382,51.34168094264512],[12.3301298107,51.341679225096364],[12.33013827281962,51.34168094264512],[12.330143502698501,51.34168543924644],[12.330143502700162,51.34169099735196],[12.330138272822303,51.34169549395427],[12.3301298107,51.341697211503636]]]}},{"type":"Feature","properties":{"wassersumme":50},"geometry":{"type":"Polygon","coordinates":[[[12.330199862000002,51.34182364740362],[12.330191399854355,51.34182192985426],[12.33018616996207,51.34181743325195],[12.330186169963731,51.34181187514643],[12.330191399857043,51.341807378545106],[12.330199862000002,51.34180566099635],[12.330208324142962,51.341807378545106],[12.330213554036272,51.34181187514643],[12.330213554037934,51.34181743325195],[12.33020832414565,51.34182192985426],[12.330199862000002,51.34182364740362]]]}},{"type":"Feature","properties":{"wassersumme":100},"geometry":{"type":"Polygon","coordinates":[[[12.2637453224,51.32076522500365],[12.263736864139933,51.32076350745428],[12.263731636649066,51.32075901085196],[12.263731636650725,51.32075345274645],[12.263736864142617,51.320748956145124],[12.2637453224,51.32074723859636],[12.263753780657385,51.320748956145124],[12.263759008149279,51.32075345274645],[12.263759008150936,51.32075901085196],[12.26375378066007,51.32076350745428],[12.2637453224,51.32076522500365]]]}},{"type":"Feature","properties":{"wassersumme":95},"geometry":{"type":"Polygon","coordinates":[[[12.3255009607,51.343702209903626],[12.3254924982075,51.34370049235426],[12.325487268100852,51.34369599575195],[12.325487268102512,51.343690437646444],[12.325492498210188,51.343685941045116],[12.3255009607,51.34368422349636],[12.325509423189809,51.343685941045116],[12.325514653297486,51.343690437646444],[12.325514653299145,51.34369599575195],[12.325509423192496,51.34370049235426],[12.3255009607,51.343702209903626]]]}},{"type":"Feature","properties":{"wassersumme":95},"geometry":{"type":"Polygon","coordinates":[[[12.3253572538,51.34360054240363],[12.325348791326274,51.34359882485427],[12.325343561231227,51.34359432825197],[12.325343561232888,51.34358877014644],[12.325348791328961,51.343584273545126],[12.3253572538,51.34358255599637],[12.325365716271039,51.343584273545126],[12.325370946367112,51.34358877014644],[12.325370946368771,51.34359432825197],[12.325365716273724,51.34359882485427],[12.3253572538,51.34360054240363]]]}},{"type":"Feature","properties":{"wassersumme":20},"geometry":{"type":"Polygon","coordinates":[[[12.324893374899998,51.34327142390363],[12.324884912487045,51.34326970635426],[12.324879682429554,51.34326520975196],[12.324879682431213,51.34325965164644],[12.32488491248973,51.343255155045114],[12.324893374899998,51.343253437496365],[12.324901837310268,51.343255155045114],[12.324907067368784,51.34325965164644],[12.324907067370445,51.34326520975196],[12.324901837312957,51.34326970635426],[12.324893374899998,51.34327142390363]]]}},{"type":"Feature","properties":{"wassersumme":160},"geometry":{"type":"Polygon","coordinates":[[[12.265371005800002,51.356829987003636],[12.265362540882595,51.35682826945427],[12.265357309277269,51.35682377285196],[12.265357309278931,51.35681821474643],[12.265362540885283,51.35681371814511],[12.265371005800002,51.35681200059635],[12.26537947071472,51.35681371814511],[12.265384702321072,51.35681821474643],[12.265384702322734,51.35682377285196],[12.265379470717408,51.35682826945427],[12.265371005800002,51.356829987003636]]]}},{"type":"Feature","properties":{"wassersumme":180},"geometry":{"type":"Polygon","coordinates":[[[12.3719736589,51.36603464690364],[12.371965192281252,51.366032929354276],[12.37195995962444,51.36602843275195],[12.3719599596261,51.366022874646454],[12.371965192283941,51.36601837804511],[12.3719736589,51.36601666049636],[12.371982125516059,51.36601837804511],[12.371987358173898,51.366022874646454],[12.37198735817556,51.36602843275195],[12.371982125518748,51.366032929354276],[12.3719736589,51.36603464690364]]]}},{"type":"Feature","properties":{"wassersumme":1150},"geometry":{"type":"Polygon","coordinates":[[[12.365295469,51.364527362003635],[12.365287002659912,51.364525644454275],[12.365281770175324,51.36452114785195],[12.365281770176983,51.36451558974644],[12.365287002662601,51.36451109314511],[12.365295469,51.36450937559636],[12.3653039353374,51.36451109314511],[12.365309167823018,51.36451558974644],[12.36530916782468,51.36452114785195],[12.365303935340089,51.364525644454275],[12.365295469,51.364527362003635]]]}},{"type":"Feature","properties":{"wassersumme":230},"geometry":{"type":"Polygon","coordinates":[[[12.3720836751,51.367473208203634],[12.372075208215275,51.36747149065427],[12.37206997539408,51.367466994051966],[12.37206997539574,51.367461435946446],[12.372075208217964,51.36745693934512],[12.3720836751,51.36745522179636],[12.372092141982037,51.36745693934512],[12.372097374804259,51.367461435946446],[12.372097374805922,51.367466994051966],[12.372092141984725,51.36747149065427],[12.3720836751,51.367473208203634]]]}},{"type":"Feature","properties":{"wassersumme":655},"geometry":{"type":"Polygon","coordinates":[[[12.3719495317,51.36756605240363],[12.371941064798108,51.36756433485427],[12.371935831966303,51.367559838251964],[12.371935831967965,51.36755428014645],[12.371941064800797,51.36754978354513],[12.3719495317,51.36754806599637],[12.371957998599203,51.36754978354513],[12.371963231432035,51.36755428014645],[12.3719632314337,51.367559838251964],[12.371957998601895,51.36756433485427],[12.3719495317,51.36756605240363]]]}},{"type":"Feature","properties":{"wassersumme":215},"geometry":{"type":"Polygon","coordinates":[[[12.371835461,51.36764793570362],[12.371826994082966,51.367646218154256],[12.371821761241804,51.367641721551955],[12.371821761243467,51.36763616344644],[12.371826994085655,51.367631666845114],[12.371835461,51.36762994929635],[12.371843927914343,51.367631666845114],[12.371849160756534,51.36763616344644],[12.371849160758195,51.367641721551955],[12.371843927917036,51.367646218154256],[12.371835461,51.36764793570362]]]}},{"type":"Feature","properties":{"wassersumme":100},"geometry":{"type":"Polygon","coordinates":[[[12.3716733947,51.367761454003634],[12.371664927761978,51.36775973645427],[12.371659694907843,51.36775523985195],[12.371659694909505,51.367749681746446],[12.371664927764666,51.36774518514511],[12.3716733947,51.36774346759636],[12.371681861635334,51.36774518514511],[12.371687094490497,51.367749681746446],[12.37168709449216,51.36775523985195],[12.371681861638024,51.36775973645427],[12.3716733947,51.367761454003634]]]}},{"type":"Feature","properties":{"wassersumme":100},"geometry":{"type":"Polygon","coordinates":[[[12.3715593666,51.367842577203625],[12.371550899646973,51.36784085965427],[12.37154566678357,51.36783636305195],[12.371545666785233,51.367830804946436],[12.371550899649666,51.367826308345116],[12.3715593666,51.36782459079637],[12.37156783355033,51.367826308345116],[12.371573066414763,51.367830804946436],[12.371573066416426,51.36783636305195],[12.371567833553023,51.36784085965427],[12.3715593666,51.367842577203625]]]}},{"type":"Feature","properties":{"wassersumme":100},"geometry":{"type":"Polygon","coordinates":[[[12.3714465518,51.36792372760364],[12.37143808483197,51.36792201005427],[12.371432851959295,51.36791751345196],[12.371432851960957,51.36791195534645],[12.371438084834663,51.36790745874512],[12.3714465518,51.36790574119637],[12.371455018765337,51.36790745874512],[12.371460251639043,51.36791195534645],[12.371460251640707,51.36791751345196],[12.371455018768028,51.36792201005427],[12.3714465518,51.36792372760364]]]}},{"type":"Feature","properties":{"wassersumme":100},"geometry":{"type":"Polygon","coordinates":[[[12.371330396,51.36800386090364],[12.371321929017153,51.368002143354275],[12.371316696135317,51.36799764675196],[12.371316696136981,51.36799208864644],[12.371321929019842,51.36798759204511],[12.371330396,51.36798587449635],[12.371338862980155,51.36798759204511],[12.371344095863018,51.36799208864644],[12.37134409586468,51.36799764675196],[12.371338862982842,51.368002143354275],[12.371330396,51.36800386090364]]]}},{"type":"Feature","properties":{"wassersumme":5},"geometry":{"type":"Polygon","coordinates":[[[12.4182073079,51.35726156710364],[12.418198842902841,51.35725984955428],[12.418193611248228,51.35725535295197],[12.418193611249887,51.357249794846446],[12.41819884290553,51.357245298245125],[12.4182073079,51.35724358069637],[12.418215772894467,51.357245298245125],[12.41822100455011,51.357249794846446],[12.41822100455177,51.35725535295197],[12.418215772897156,51.35725984955428],[12.4182073079,51.35726156710364]]]}},{"type":"Feature","properties":{"wassersumme":5},"geometry":{"type":"Polygon","coordinates":[[[12.339390326699998,51.326618697103626],[12.339381867360354,51.32661697955426],[12.339376639202275,51.32661248295195],[12.339376639203932,51.32660692484644],[12.33938186736304,51.32660242824511],[12.339390326699998,51.326600710696354],[12.33939878603696,51.32660242824511],[12.339404014196065,51.32660692484644],[12.339404014197724,51.32661248295195],[12.339398786039643,51.32661697955426],[12.339390326699998,51.326618697103626]]]}},{"type":"Feature","properties":{"wassersumme":325},"geometry":{"type":"Polygon","coordinates":[[[12.3393126254,51.32666397010364],[12.339304166052004,51.32666225255427],[12.339298937888763,51.326657755951956],[12.33929893789042,51.32665219784644],[12.339304166054688,51.32664770124511],[12.3393126254,51.32664598369636],[12.33932108474531,51.32664770124511],[12.339326312909577,51.32665219784644],[12.339326312911236,51.326657755951956],[12.339321084747995,51.32666225255427],[12.3393126254,51.32666397010364]]]}},{"type":"Feature","properties":{"wassersumme":225},"geometry":{"type":"Polygon","coordinates":[[[12.339293896,51.32675933170361],[12.339285436634412,51.32675761415426],[12.339280208460298,51.32675311755195],[12.339280208461957,51.326747559446424],[12.339285436637097,51.32674306284512],[12.339293896,51.326741345296355],[12.3393023553629,51.32674306284512],[12.339307583538039,51.326747559446424],[12.339307583539698,51.32675311755195],[12.339302355365586,51.32675761415426],[12.339293896,51.32675933170361]]]}},{"type":"Feature","properties":{"wassersumme":147},"geometry":{"type":"Polygon","coordinates":[[[12.378584547800001,51.367409717603635],[12.378576080927013,51.36740800005427],[12.378570848113073,51.36740350345195],[12.378570848114736,51.36739794534645],[12.378576080929705,51.36739344874512],[12.378584547800001,51.367391731196356],[12.378593014670296,51.36739344874512],[12.378598247485264,51.36739794534645],[12.378598247486927,51.36740350345195],[12.378593014672987,51.36740800005427],[12.378584547800001,51.367409717603635]]]}},{"type":"Feature","properties":{"wassersumme":120},"geometry":{"type":"Polygon","coordinates":[[[12.392185660399997,51.36339356470363],[12.392177194269504,51.36339184715426],[12.392171961914451,51.36338735055195],[12.392171961916114,51.36338179244645],[12.392177194272193,51.36337729584512],[12.392185660399997,51.36337557829636],[12.3921941265278,51.36337729584512],[12.39219935888388,51.36338179244645],[12.392199358885543,51.36338735055195],[12.39219412653049,51.36339184715426],[12.392185660399997,51.36339356470363]]]}},{"type":"Feature","properties":{"wassersumme":5},"geometry":{"type":"Polygon","coordinates":[[[12.3277466598,51.33931494550364],[12.327738198117492,51.33931322795427],[12.327732968511443,51.339308731351956],[12.327732968513104,51.339303173246435],[12.32773819812018,51.339298676645114],[12.3277466598,51.33929695909636],[12.327755121479823,51.339298676645114],[12.327760351086898,51.339303173246435],[12.327760351088559,51.339308731351956],[12.327755121482507,51.33931322795427],[12.3277466598,51.33931494550364]]]}},{"type":"Feature","properties":{"wassersumme":11},"geometry":{"type":"Polygon","coordinates":[[[12.3273895132,51.33920697630362],[12.327381051537422,51.33920525875427],[12.32737582194369,51.339200762151954],[12.32737582194535,51.33919520404645],[12.327381051540106,51.33919070744511],[12.3273895132,51.339188989896364],[12.32739797485989,51.33919070744511],[12.327403204454646,51.33919520404645],[12.327403204456306,51.339200762151954],[12.327397974862576,51.33920525875427],[12.3273895132,51.33920697630362]]]}},{"type":"Feature","properties":{"wassersumme":60},"geometry":{"type":"Polygon","coordinates":[[[12.357811977700003,51.33376471670363],[12.3578035170419,51.33376299915426],[12.357798288068969,51.33375850255195],[12.357798288070628,51.333752944446445],[12.357803517044585,51.33374844784512],[12.357811977700003,51.33374673029636],[12.35782043835542,51.33374844784512],[12.357825667329378,51.333752944446445],[12.357825667331038,51.33375850255195],[12.357820438358107,51.33376299915426],[12.357811977700003,51.33376471670363]]]}},{"type":"Feature","properties":{"wassersumme":20},"geometry":{"type":"Polygon","coordinates":[[[12.3605141385,51.345467056003635],[12.360505675681614,51.34546533845427],[12.360500445373553,51.34546084185195],[12.360500445375214,51.345455283746446],[12.360505675684301,51.345450787145126],[12.3605141385,51.34544906959637],[12.3605226013157,51.345450787145126],[12.360527831624784,51.345455283746446],[12.360527831626445,51.34546084185195],[12.360522601318385,51.34546533845427],[12.3605141385,51.345467056003635]]]}},{"type":"Feature","properties":{"wassersumme":800},"geometry":{"type":"Polygon","coordinates":[[[12.33665,51.28492569320363],[12.336641548342017,51.284923975654266],[12.336636324931458,51.28491947905196],[12.336636324933115,51.28491392094643],[12.336641548344694,51.2849094243451],[12.33665,51.284907706796346],[12.33665845165531,51.2849094243451],[12.336663675066887,51.28491392094643],[12.336663675068543,51.28491947905196],[12.336658451657986,51.284923975654266],[12.33665,51.28492569320363]]]}},{"type":"Feature","properties":{"wassersumme":800},"geometry":{"type":"Polygon","coordinates":[[[12.3365167,51.28480899320362],[12.33650824836349,51.28480727565425],[12.336503024966206,51.284802779051944],[12.336503024967861,51.28479722094643],[12.336508248366169,51.28479272434511],[12.3365167,51.28479100679635],[12.336525151633833,51.28479272434511],[12.33653037503214,51.28479722094643],[12.336530375033796,51.284802779051944],[12.33652515163651,51.28480727565425],[12.3365167,51.28480899320362]]]}},{"type":"Feature","properties":{"wassersumme":800},"geometry":{"type":"Polygon","coordinates":[[[12.3364,51.28485899320362],[12.336391548354289,51.284857275654254],[12.336386324951318,51.28485277905194],[12.336386324952974,51.28484722094644],[12.336391548356968,51.28484272434511],[12.3364,51.28484100679635],[12.336408451643033,51.28484272434511],[12.336413675047028,51.28484722094644],[12.336413675048682,51.28485277905194],[12.33640845164571,51.284857275654254],[12.3364,51.28485899320362]]]}},{"type":"Feature","properties":{"wassersumme":50},"geometry":{"type":"Polygon","coordinates":[[[12.342100689099999,51.324722164903626],[12.342092230110179,51.32472044735426],[12.3420870021683,51.32471595075196],[12.34208700216996,51.32471039264643],[12.342092230112863,51.32470589604511],[12.342100689099999,51.32470417849635],[12.342109148087136,51.32470589604511],[12.34211437603004,51.32471039264643],[12.342114376031697,51.32471595075196],[12.34210914808982,51.32472044735426],[12.342100689099999,51.324722164903626]]]}},{"type":"Feature","properties":{"wassersumme":150},"geometry":{"type":"Polygon","coordinates":[[[12.340766675300001,51.323157109203635],[12.340758216598834,51.32315539165427],[12.340752988835352,51.32315089505196],[12.34075298883701,51.32314533694645],[12.340758216601516,51.323140840345125],[12.340766675300001,51.32313912279636],[12.340775133998486,51.323140840345125],[12.340780361762992,51.32314533694645],[12.340780361764649,51.32315089505196],[12.340775134001168,51.32315539165427],[12.340766675300001,51.323157109203635]]]}},{"type":"Feature","properties":{"wassersumme":100},"geometry":{"type":"Polygon","coordinates":[[[12.3221039,51.32310379320363],[12.322095441308667,51.32310207565427],[12.322090213551263,51.323097579051954],[12.322090213552924,51.32309202094644],[12.32209544131135,51.32308752434512],[12.3221039,51.323085806796364],[12.322112358688653,51.32308752434512],[12.322117586447082,51.32309202094644],[12.322117586448739,51.323097579051954],[12.322112358691335,51.32310207565427],[12.3221039,51.32310379320363]]]}},{"type":"Feature","properties":{"wassersumme":100},"geometry":{"type":"Polygon","coordinates":[[[12.3222549,51.32316349320363],[12.322246441297658,51.32316177565427],[12.322241213533449,51.323157279051955],[12.322241213535108,51.32315172094645],[12.32224644130034,51.323147224345114],[12.3222549,51.323145506796365],[12.322263358699663,51.323147224345114],[12.322268586464897,51.32315172094645],[12.322268586466555,51.323157279051955],[12.322263358702347,51.32316177565427],[12.3222549,51.32316349320363]]]}},{"type":"Feature","properties":{"wassersumme":100},"geometry":{"type":"Polygon","coordinates":[[[12.3225381,51.32331239320363],[12.322529641270192,51.32331067565426],[12.322524413489012,51.323306179051954],[12.32252441349067,51.32330062094644],[12.322529641272876,51.32329612434512],[12.3225381,51.32329440679636],[12.32254655872712,51.32329612434512],[12.322551786509326,51.32330062094644],[12.322551786510987,51.323306179051954],[12.322546558729805,51.32331067565426],[12.3225381,51.32331239320363]]]}},{"type":"Feature","properties":{"wassersumme":100},"geometry":{"type":"Polygon","coordinates":[[[12.321183400000002,51.32299369320363],[12.321174941328971,51.32299197565427],[12.321169713584117,51.32298747905196],[12.321169713585777,51.32298192094644],[12.321174941331655,51.32297742434512],[12.321183400000002,51.32297570679636],[12.321191858668348,51.32297742434512],[12.321197086414228,51.32298192094644],[12.321197086415886,51.32298747905196],[12.321191858671032,51.32299197565427],[12.321183400000002,51.32299369320363]]]}},{"type":"Feature","properties":{"wassersumme":149},"geometry":{"type":"Polygon","coordinates":[[[12.3732140624,51.347766685103636],[12.373205599156925,51.34776496755427],[12.373200368586394,51.34776047095196],[12.373200368588055,51.34775491284644],[12.373205599159613,51.34775041624511],[12.3732140624,51.347748698696364],[12.373222525640388,51.34775041624511],[12.373227756211946,51.34775491284644],[12.373227756213607,51.34776047095196],[12.373222525643076,51.34776496755427],[12.3732140624,51.347766685103636]]]}},{"type":"Feature","properties":{"wassersumme":88},"geometry":{"type":"Polygon","coordinates":[[[12.3659025937,51.33662854320364],[12.365894132513361,51.33662682565427],[12.365888903213778,51.33662232905196],[12.365888903215437,51.336616770946435],[12.365894132516047,51.336612274345114],[12.3659025937,51.336610556796366],[12.365911054883952,51.336612274345114],[12.365916284184562,51.336616770946435],[12.365916284186223,51.33662232905196],[12.36591105488664,51.33662682565427],[12.3659025937,51.33662854320364]]]}},{"type":"Feature","properties":{"wassersumme":348},"geometry":{"type":"Polygon","coordinates":[[[12.3231618466,51.31863091930364],[12.32315338873348,51.31862920175427],[12.323148161485838,51.31862470515196],[12.323148161487495,51.318619147046434],[12.323153388736163,51.31861465044513],[12.3231618466,51.31861293289636],[12.323170304463838,51.31861465044513],[12.323175531712504,51.318619147046434],[12.323175531714162,51.31862470515196],[12.32317030446652,51.31862920175427],[12.3231618466,51.31863091930364]]]}},{"type":"Feature","properties":{"wassersumme":30},"geometry":{"type":"Polygon","coordinates":[[[12.413221826300001,51.32110164120362],[12.413213367977896,51.32109992365425],[12.413208140448688,51.32109542705195],[12.41320814045035,51.32108986894643],[12.41321336798058,51.32108537234511],[12.413221826300001,51.32108365479635],[12.413230284619422,51.32108537234511],[12.413235512149654,51.32108986894643],[12.413235512151312,51.32109542705195],[12.413230284622108,51.32109992365425],[12.413221826300001,51.32110164120362]]]}},{"type":"Feature","properties":{"wassersumme":40},"geometry":{"type":"Polygon","coordinates":[[[12.397251826499998,51.32283309850363],[12.397243367858588,51.32283138095426],[12.397238140132037,51.32282688435196],[12.397238140133696,51.32282132624644],[12.39724336786127,51.32281682964511],[12.397251826499998,51.32281511209635],[12.397260285138728,51.32281682964511],[12.397265512866301,51.32282132624644],[12.397265512867959,51.32282688435196],[12.39726028514141,51.32283138095426],[12.397251826499998,51.32283309850363]]]}},{"type":"Feature","properties":{"wassersumme":30},"geometry":{"type":"Polygon","coordinates":[[[12.3236968753,51.33273067780363],[12.323688414832713,51.33272896025428],[12.32368318597771,51.332724463651964],[12.323683185979371,51.332718905546436],[12.323688414835399,51.332714408945115],[12.3236968753,51.33271269139637],[12.3237053357646,51.332714408945115],[12.323710564620626,51.332718905546436],[12.323710564622287,51.332724463651964],[12.323705335767285,51.33272896025428],[12.3236968753,51.33273067780363]]]}},{"type":"Feature","properties":{"wassersumme":20},"geometry":{"type":"Polygon","coordinates":[[[12.3107697455,51.352633627503636],[12.310761281357927,51.35263190995427],[12.310756050231783,51.35262741335195],[12.310756050233444,51.35262185524643],[12.310761281360616,51.352617358645105],[12.3107697455,51.35261564109634],[12.310778209639384,51.352617358645105],[12.310783440766553,51.35262185524643],[12.310783440768216,51.35262741335195],[12.310778209642073,51.35263190995427],[12.3107697455,51.352633627503636]]]}},{"type":"Feature","properties":{"wassersumme":160},"geometry":{"type":"Polygon","coordinates":[[[12.3675634847,51.340232662203626],[12.367555022848078,51.340230944654266],[12.367549793137327,51.34022644805195],[12.367549793138986,51.34022088994644],[12.367555022850762,51.34021639334511],[12.3675634847,51.340214675796354],[12.367571946549239,51.34021639334511],[12.367577176261017,51.34022088994644],[12.367577176262676,51.34022644805195],[12.367571946551925,51.340230944654266],[12.3675634847,51.340232662203626]]]}},{"type":"Feature","properties":{"wassersumme":100},"geometry":{"type":"Polygon","coordinates":[[[12.357675174,51.36171666400363],[12.35766670817948,51.36171494645426],[12.357661476015997,51.361710449851955],[12.35766147601766,51.361704891746434],[12.357666708182167,51.361700395145114],[12.357675174,51.36169867759636],[12.357683639817836,51.361700395145114],[12.357688871982342,51.361704891746434],[12.357688871984005,51.361710449851955],[12.357683639820523,51.36171494645426],[12.357675174,51.36171666400363]]]}},{"type":"Feature","properties":{"wassersumme":100},"geometry":{"type":"Polygon","coordinates":[[[12.3577856185,51.36168988640364],[12.357777152684426,51.36168816885428],[12.357771920524002,51.36168367225196],[12.357771920525666,51.36167811414646],[12.357777152687115,51.36167361754513],[12.3577856185,51.36167189999637],[12.357794084312882,51.36167361754513],[12.357799316474331,51.36167811414646],[12.357799316475996,51.36168367225196],[12.357794084315572,51.36168816885428],[12.3577856185,51.36168988640364]]]}},{"type":"Feature","properties":{"wassersumme":11},"geometry":{"type":"Polygon","coordinates":[[[12.4109290554,51.33636112230364],[12.410920594262718,51.33635940475427],[12.410915364993638,51.33635490815197],[12.410915364995299,51.33634935004644],[12.410920594265404,51.33634485344512],[12.4109290554,51.33634313589637],[12.410937516534595,51.33634485344512],[12.4109427458047,51.33634935004644],[12.410942745806361,51.33635490815197],[12.410937516537281,51.33635940475427],[12.4109290554,51.33636112230364]]]}},{"type":"Feature","properties":{"wassersumme":45},"geometry":{"type":"Polygon","coordinates":[[[12.413221826300001,51.32110164120362],[12.413213367977896,51.32109992365425],[12.413208140448688,51.32109542705195],[12.41320814045035,51.32108986894643],[12.41321336798058,51.32108537234511],[12.413221826300001,51.32108365479635],[12.413230284619422,51.32108537234511],[12.413235512149654,51.32108986894643],[12.413235512151312,51.32109542705195],[12.413230284622108,51.32109992365425],[12.413221826300001,51.32110164120362]]]}},{"type":"Feature","properties":{"wassersumme":230},"geometry":{"type":"Polygon","coordinates":[[[12.397251826499998,51.32283309850363],[12.397243367858588,51.32283138095426],[12.397238140132037,51.32282688435196],[12.397238140133696,51.32282132624644],[12.39724336786127,51.32281682964511],[12.397251826499998,51.32281511209635],[12.397260285138728,51.32281682964511],[12.397265512866301,51.32282132624644],[12.397265512867959,51.32282688435196],[12.39726028514141,51.32283138095426],[12.397251826499998,51.32283309850363]]]}},{"type":"Feature","properties":{"wassersumme":90},"geometry":{"type":"Polygon","coordinates":[[[12.3107697455,51.352633627503636],[12.310761281357927,51.35263190995427],[12.310756050231783,51.35262741335195],[12.310756050233444,51.35262185524643],[12.310761281360616,51.352617358645105],[12.3107697455,51.35261564109634],[12.310778209639384,51.352617358645105],[12.310783440766553,51.35262185524643],[12.310783440768216,51.35262741335195],[12.310778209642073,51.35263190995427],[12.3107697455,51.352633627503636]]]}},{"type":"Feature","properties":{"wassersumme":90},"geometry":{"type":"Polygon","coordinates":[[[12.310760340699998,51.35253672460363],[12.310751876575827,51.352535007054264],[12.310746645460748,51.35253051045195],[12.31074664546241,51.35252495234644],[12.310751876578516,51.35252045574511],[12.310760340699998,51.35251873819635],[12.310768804821482,51.35252045574511],[12.310774035937587,51.35252495234644],[12.310774035939248,51.35253051045195],[12.310768804824171,51.352535007054264],[12.310760340699998,51.35253672460363]]]}},{"type":"Feature","properties":{"wassersumme":90},"geometry":{"type":"Polygon","coordinates":[[[12.3677743812,51.34011443460362],[12.367765919369903,51.340112717054275],[12.367760689672638,51.34010822045196],[12.367760689674299,51.34010266234644],[12.367765919372587,51.34009816574511],[12.3677743812,51.340096448196356],[12.36778284302741,51.34009816574511],[12.367788072725702,51.34010266234644],[12.367788072727361,51.34010822045196],[12.367782843030096,51.340112717054275],[12.3677743812,51.34011443460362]]]}},{"type":"Feature","properties":{"wassersumme":350},"geometry":{"type":"Polygon","coordinates":[[[12.368543291700002,51.32946786120364],[12.368534831834744,51.32946614365427],[12.368529603351817,51.32946164705196],[12.368529603353476,51.32945608894645],[12.36853483183743,51.329451592345116],[12.368543291700002,51.32944987479637],[12.368551751562572,51.329451592345116],[12.368556980046527,51.32945608894645],[12.368556980048185,51.32946164705196],[12.368551751565258,51.32946614365427],[12.368543291700002,51.32946786120364]]]}},{"type":"Feature","properties":{"wassersumme":11},"geometry":{"type":"Polygon","coordinates":[[[12.4109337265,51.33658463370364],[12.410925265321465,51.33658291615427],[12.41092003602689,51.33657841955196],[12.41092003602855,51.33657286144645],[12.41092526532415,51.33656836484512],[12.4109337265,51.336566647296365],[12.410942187675849,51.33656836484512],[12.410947416971451,51.33657286144645],[12.410947416973109,51.33657841955196],[12.410942187678534,51.33658291615427],[12.4109337265,51.33658463370364]]]}},{"type":"Feature","properties":{"wassersumme":250},"geometry":{"type":"Polygon","coordinates":[[[12.3295526777,51.34150785590364],[12.329544215612655,51.341506138354276],[12.329538985756404,51.34150164175196],[12.329538985758065,51.34149608364645],[12.329544215615345,51.34149158704512],[12.3295526777,51.34148986949636],[12.329561139784657,51.34149158704512],[12.329566369641936,51.34149608364645],[12.329566369643597,51.34150164175196],[12.329561139787346,51.341506138354276],[12.3295526777,51.34150785590364]]]}},{"type":"Feature","properties":{"wassersumme":280},"geometry":{"type":"Polygon","coordinates":[[[12.3250776499,51.34411743330364],[12.325069187330833,51.34411571575427],[12.325063957176797,51.34411121915197],[12.325063957178457,51.34410566104644],[12.325069187333519,51.34410116444512],[12.3250776499,51.34409944689636],[12.325086112466481,51.34410116444512],[12.325091342621542,51.34410566104644],[12.325091342623203,51.34411121915197],[12.325086112469169,51.34411571575427],[12.3250776499,51.34411743330364]]]}},{"type":"Feature","properties":{"wassersumme":200},"geometry":{"type":"Polygon","coordinates":[[[12.3248882178,51.34422994390364],[12.324879755210059,51.34422822635427],[12.324874525043183,51.34422372975195],[12.324874525044846,51.34421817164644],[12.324879755212745,51.34421367504511],[12.3248882178,51.34421195749635],[12.324896680387258,51.34421367504511],[12.324901910555157,51.34421817164644],[12.324901910556818,51.34422372975195],[12.324896680389942,51.34422822635427],[12.3248882178,51.34422994390364]]]}},{"type":"Feature","properties":{"wassersumme":240},"geometry":{"type":"Polygon","coordinates":[[[12.3253674462,51.34394648990363],[12.325358983662396,51.34394477235426],[12.325353753527871,51.34394027575196],[12.325353753529532,51.34393471764644],[12.325358983665083,51.34393022104512],[12.3253674462,51.34392850349636],[12.325375908734916,51.34393022104512],[12.325381138870467,51.34393471764644],[12.325381138872128,51.34394027575196],[12.325375908737604,51.34394477235426],[12.3253674462,51.34394648990363]]]}},{"type":"Feature","properties":{"wassersumme":90},"geometry":{"type":"Polygon","coordinates":[[[12.32469016,51.344343025703644],[12.324681697389174,51.34434130815428],[12.324676467209395,51.34433681155196],[12.324676467211054,51.34433125344645],[12.324681697391862,51.34432675684512],[12.32469016,51.34432503929636],[12.324698622608134,51.34432675684512],[12.324703852788941,51.34433125344645],[12.3247038527906,51.34433681155196],[12.324698622610823,51.34434130815428],[12.32469016,51.344343025703644]]]}},{"type":"Feature","properties":{"wassersumme":75},"geometry":{"type":"Polygon","coordinates":[[[12.3244944632,51.34445769860362],[12.324486000568001,51.34445598105425],[12.324480770375137,51.34445148445195],[12.324480770376798,51.34444592634643],[12.32448600057069,51.3444414297451],[12.3244944632,51.344439712196355],[12.324502925829313,51.3444414297451],[12.324508156023205,51.34444592634643],[12.324508156024866,51.34445148445195],[12.324502925832,51.34445598105425],[12.3244944632,51.34445769860362]]]}},{"type":"Feature","properties":{"wassersumme":25},"geometry":{"type":"Polygon","coordinates":[[[12.324334428199998,51.34455012580363],[12.324325965550933,51.34454840825426],[12.32432073534752,51.34454391165195],[12.32432073534918,51.34453835354645],[12.324325965553621,51.34453385694512],[12.324334428199998,51.34453213939636],[12.324342890846378,51.34453385694512],[12.324348121050818,51.34453835354645],[12.324348121052477,51.34454391165195],[12.324342890849065,51.34454840825426],[12.324334428199998,51.34455012580363]]]}},{"type":"Feature","properties":{"wassersumme":45},"geometry":{"type":"Polygon","coordinates":[[[12.3501675071,51.332544828503636],[12.35015904666701,51.332543110954255],[12.350153817833203,51.332538614351954],[12.350153817834862,51.33253305624645],[12.350159046669692,51.33252855964511],[12.3501675071,51.33252684209636],[12.350175967530307,51.33252855964511],[12.350181196365138,51.33253305624645],[12.3501811963668,51.332538614351954],[12.350175967532993,51.332543110954255],[12.3501675071,51.332544828503636]]]}},{"type":"Feature","properties":{"wassersumme":100},"geometry":{"type":"Polygon","coordinates":[[[12.344671517300002,51.33218648180363],[12.344663056933134,51.33218476425427],[12.344657828140194,51.33218026765196],[12.344657828141854,51.33217470954645],[12.344663056935818,51.332170212945115],[12.344671517300002,51.33216849539636],[12.344679977664184,51.332170212945115],[12.344685206458148,51.33217470954645],[12.34468520645981,51.33218026765196],[12.344679977666868,51.33218476425427],[12.344671517300002,51.33218648180363]]]}},{"type":"Feature","properties":{"wassersumme":10},"geometry":{"type":"Polygon","coordinates":[[[12.3470470306,51.33213255220364],[12.347038570243084,51.332130834654265],[12.347033341456294,51.33212633805196],[12.347033341457953,51.33212077994645],[12.347038570245768,51.33211628334512],[12.3470470306,51.33211456579636],[12.347055490954233,51.33211628334512],[12.347060719742046,51.33212077994645],[12.347060719743705,51.33212633805196],[12.347055490956915,51.332130834654265],[12.3470470306,51.33213255220364]]]}},{"type":"Feature","properties":{"wassersumme":10},"geometry":{"type":"Polygon","coordinates":[[[12.347225665,51.33212897760363],[12.347217204643743,51.332127260054264],[12.34721197585736,51.33212276345196],[12.34721197585902,51.332117205346435],[12.347217204646427,51.332112708745115],[12.347225665,51.332110991196345],[12.347234125353571,51.332112708745115],[12.347239354140978,51.332117205346435],[12.347239354142639,51.33212276345196],[12.347234125356255,51.332127260054264],[12.347225665,51.33212897760363]]]}},{"type":"Feature","properties":{"wassersumme":50},"geometry":{"type":"Polygon","coordinates":[[[12.318551476900002,51.33969103910364],[12.318543015148064,51.33968932155428],[12.318537785499108,51.339684824951966],[12.318537785500768,51.339679266846446],[12.318543015150752,51.33967477024512],[12.318551476900002,51.33967305269637],[12.318559938649251,51.33967477024512],[12.318565168299235,51.339679266846446],[12.318565168300895,51.339684824951966],[12.318559938651937,51.33968932155428],[12.318551476900002,51.33969103910364]]]}},{"type":"Feature","properties":{"wassersumme":215},"geometry":{"type":"Polygon","coordinates":[[[12.392175947100002,51.30335755420363],[12.39216749204834,51.30335583665427],[12.39216226654038,51.303351340051954],[12.392162266542035,51.30334578194645],[12.392167492051021,51.30334128534511],[12.392175947100002,51.30333956779636],[12.392184402148981,51.30334128534511],[12.392189627657967,51.30334578194645],[12.392189627659622,51.303351340051954],[12.392184402151662,51.30335583665427],[12.392175947100002,51.30335755420363]]]}},{"type":"Feature","properties":{"wassersumme":100},"geometry":{"type":"Polygon","coordinates":[[[12.2936675878,51.32437863640363],[12.293659128873541,51.32437691885426],[12.293653900970822,51.32437242225197],[12.293653900972481,51.32436686414644],[12.293659128876227,51.32436236754512],[12.2936675878,51.32436064999636],[12.293676046723776,51.32436236754512],[12.293681274627518,51.32436686414644],[12.29368127462918,51.32437242225197],[12.293676046726459,51.32437691885426],[12.2936675878,51.32437863640363]]]}},{"type":"Feature","properties":{"wassersumme":100},"geometry":{"type":"Polygon","coordinates":[[[12.2937131062,51.32427964380363],[12.2937046472918,51.32427792625427],[12.293699419400365,51.32427342965195],[12.293699419402024,51.32426787154644],[12.293704647294483,51.32426337494512],[12.2937131062,51.32426165739637],[12.293721565105518,51.32426337494512],[12.293726792997978,51.32426787154644],[12.293726792999637,51.32427342965195],[12.293721565108203,51.32427792625427],[12.2937131062,51.32427964380363]]]}},{"type":"Feature","properties":{"wassersumme":50},"geometry":{"type":"Polygon","coordinates":[[[12.293770566,51.324150277503634],[12.29376210711566,51.32414855995427],[12.29375687923897,51.32414406335196],[12.293756879240629,51.324138505246445],[12.293762107118342,51.324134008645125],[12.293770566,51.32413229109636],[12.293779024881657,51.324134008645125],[12.29378425275937,51.324138505246445],[12.293784252761027,51.32414406335196],[12.293779024884339,51.32414855995427],[12.293770566,51.324150277503634]]]}},{"type":"Feature","properties":{"wassersumme":50},"geometry":{"type":"Polygon","coordinates":[[[12.293794860599998,51.32409821430364],[12.29378640172526,51.32409649675427],[12.293781173854507,51.32409200015196],[12.293781173856164,51.324086442046436],[12.293786401727944,51.32408194544511],[12.293794860599998,51.32408022789637],[12.293803319472055,51.32408194544511],[12.293808547343831,51.324086442046436],[12.29380854734549,51.32409200015196],[12.293803319474737,51.32409649675427],[12.293794860599998,51.32409821430364]]]}},{"type":"Feature","properties":{"wassersumme":50},"geometry":{"type":"Polygon","coordinates":[[[12.293816356000002,51.32404666470363],[12.293807897134771,51.32404494715427],[12.293802669269894,51.32404045055197],[12.293802669271553,51.32403489244645],[12.293807897137455,51.32403039584512],[12.293816356000002,51.32402867829637],[12.293824814862548,51.32403039584512],[12.29383004272845,51.32403489244645],[12.293830042730107,51.32404045055197],[12.293824814865234,51.32404494715427],[12.293816356000002,51.32404666470363]]]}},{"type":"Feature","properties":{"wassersumme":100},"geometry":{"type":"Polygon","coordinates":[[[12.2934881029,51.324103843903636],[12.293479644024224,51.32410212635427],[12.29347441615283,51.324097629751954],[12.293474416154488,51.32409207164645],[12.293479644026908,51.32408757504512],[12.2934881029,51.32408585749636],[12.293496561773093,51.32408757504512],[12.293501789645513,51.32409207164645],[12.29350178964717,51.324097629751954],[12.293496561775777,51.32410212635427],[12.2934881029,51.324103843903636]]]}},{"type":"Feature","properties":{"wassersumme":150},"geometry":{"type":"Polygon","coordinates":[[[12.3296281851,51.34177364660363],[12.329619722963585,51.34177192905426],[12.329614493077006,51.34176743245197],[12.329614493078665,51.34176187434644],[12.329619722966271,51.34175737774512],[12.3296281851,51.34175566019637],[12.329636647233729,51.34175737774512],[12.329641877121334,51.34176187434644],[12.329641877122995,51.34176743245197],[12.329636647236416,51.34177192905426],[12.3296281851,51.34177364660363]]]}},{"type":"Feature","properties":{"wassersumme":100},"geometry":{"type":"Polygon","coordinates":[[[12.2925635012,51.32395098090364],[12.292555042352417,51.32394926335427],[12.292549814498447,51.32394476675196],[12.292549814500104,51.32393920864645],[12.292555042355099,51.32393471204512],[12.2925635012,51.32393299449636],[12.292571960044897,51.32393471204512],[12.292577187899896,51.32393920864645],[12.292577187901554,51.32394476675196],[12.292571960047583,51.32394926335427],[12.2925635012,51.32395098090364]]]}},{"type":"Feature","properties":{"wassersumme":100},"geometry":{"type":"Polygon","coordinates":[[[12.292389554,51.323922952003635],[12.292381095157584,51.32392123445427],[12.29237586730681,51.32391673785195],[12.29237586730847,51.323911179746446],[12.292381095160268,51.32390668314511],[12.292389554,51.323904965596356],[12.292398012839728,51.32390668314511],[12.29240324069153,51.323911179746446],[12.292403240693186,51.32391673785195],[12.292398012842412,51.32392123445427],[12.292389554,51.323922952003635]]]}},{"type":"Feature","properties":{"wassersumme":400},"geometry":{"type":"Polygon","coordinates":[[[12.2740532648,51.32518706710363],[12.274044805724428,51.32518534955425],[12.274039577729555,51.32518085295194],[12.274039577731212,51.32517529484643],[12.274044805727112,51.32517079824511],[12.2740532648,51.32516908069634],[12.274061723872885,51.32517079824511],[12.274066951868784,51.32517529484643],[12.274066951870443,51.32518085295194],[12.274061723875569,51.32518534955425],[12.2740532648,51.32518706710363]]]}},{"type":"Feature","properties":{"wassersumme":350},"geometry":{"type":"Polygon","coordinates":[[[12.2740118276,51.325270917503644],[12.274003368508966,51.32526919995427],[12.273998140504531,51.32526470335196],[12.273998140506192,51.32525914524645],[12.274003368511648,51.32525464864513],[12.2740118276,51.32525293109635],[12.274020286688353,51.32525464864513],[12.274025514693811,51.32525914524645],[12.274025514695468,51.32526470335196],[12.274020286691037,51.32526919995427],[12.2740118276,51.325270917503644]]]}},{"type":"Feature","properties":{"wassersumme":350},"geometry":{"type":"Polygon","coordinates":[[[12.2739760392,51.32535633860363],[12.273967580093208,51.32535462105427],[12.273962352079039,51.32535012445196],[12.273962352080698,51.32534456634644],[12.273967580095892,51.325340069745124],[12.2739760392,51.32533835219636],[12.27398449830411,51.325340069745124],[12.273989726319305,51.32534456634644],[12.273989726320963,51.32535012445196],[12.273984498306794,51.32535462105427],[12.2739760392,51.32535633860363]]]}},{"type":"Feature","properties":{"wassersumme":300},"geometry":{"type":"Polygon","coordinates":[[[12.276778258,51.32054922730362],[12.276769799779762,51.320547509754256],[12.276764572313512,51.32054301315195],[12.276764572315171,51.320537455046434],[12.276769799782446,51.320532958445106],[12.276778258,51.32053124089635],[12.276786716217554,51.320532958445106],[12.27679194368483,51.320537455046434],[12.276791943686488,51.32054301315195],[12.27678671622024,51.320547509754256],[12.276778258,51.32054922730362]]]}},{"type":"Feature","properties":{"wassersumme":300},"geometry":{"type":"Polygon","coordinates":[[[12.2768904693,51.32038570760362],[12.276882011109914,51.32038399005425],[12.2768767836623,51.32037949345194],[12.276876783663957,51.320373935346446],[12.2768820111126,51.32036943874511],[12.2768904693,51.32036772119635],[12.2768989274874,51.32036943874511],[12.27690415493604,51.320373935346446],[12.276904154937698,51.32037949345194],[12.276898927490086,51.32038399005425],[12.2768904693,51.32038570760362]]]}},{"type":"Feature","properties":{"wassersumme":300},"geometry":{"type":"Polygon","coordinates":[[[12.276832839100003,51.32046927220363],[12.276824380894507,51.320467554654265],[12.276819153437371,51.32046305805196],[12.276819153439028,51.32045749994644],[12.276824380897189,51.320453003345115],[12.276832839100003,51.32045128579636],[12.276841297302811,51.320453003345115],[12.276846524760975,51.32045749994644],[12.276846524762632,51.32046305805196],[12.276841297305495,51.320467554654265],[12.276832839100003,51.32046927220363]]]}},{"type":"Feature","properties":{"wassersumme":300},"geometry":{"type":"Polygon","coordinates":[[[12.276474085000002,51.32106353770363],[12.276465626684924,51.32106182015426],[12.276460399160058,51.32105732355195],[12.276460399161717,51.32105176544644],[12.276465626687607,51.32104726884512],[12.276474085000002,51.32104555129636],[12.276482543312396,51.32104726884512],[12.276487770838285,51.32105176544644],[12.276487770839942,51.32105732355195],[12.276482543315078,51.32106182015426],[12.276474085000002,51.32106353770363]]]}},{"type":"Feature","properties":{"wassersumme":300},"geometry":{"type":"Polygon","coordinates":[[[12.276416909899998,51.32114666300363],[12.27640845156959,51.321144945454265],[12.276403224035253,51.32114044885195],[12.276403224036914,51.321134890746436],[12.276408451572273,51.32113039414511],[12.276416909899998,51.32112867659635],[12.276425368227722,51.32113039414511],[12.276430595763085,51.321134890746436],[12.276430595764742,51.32114044885195],[12.276425368230406,51.321144945454265],[12.276416909899998,51.32114666300363]]]}},{"type":"Feature","properties":{"wassersumme":300},"geometry":{"type":"Polygon","coordinates":[[[12.2763577916,51.32122866370362],[12.27634933325447,51.32122694615426],[12.27634410571079,51.32122244955195],[12.276344105712448,51.321216891446426],[12.276349333257155,51.321212394845105],[12.2763577916,51.32121067729635],[12.276366249942846,51.321212394845105],[12.276371477487555,51.321216891446426],[12.276371477489212,51.32122244955195],[12.27636624994553,51.32122694615426],[12.2763577916,51.32122866370362]]]}},{"type":"Feature","properties":{"wassersumme":170},"geometry":{"type":"Polygon","coordinates":[[[12.3368036785,51.336854082803626],[12.336795217271733,51.336852365254266],[12.336789987946421,51.336847868651965],[12.336789987948082,51.33684231054644],[12.33679521727442,51.33683781394512],[12.3368036785,51.33683609639636],[12.336812139725582,51.33683781394512],[12.33681736905192,51.33684231054644],[12.336817369053579,51.336847868651965],[12.336812139728266,51.336852365254266],[12.3368036785,51.336854082803626]]]}},{"type":"Feature","properties":{"wassersumme":120},"geometry":{"type":"Polygon","coordinates":[[[12.3751113696,51.362207953303624],[12.375102903688667,51.362206235754265],[12.375097671469062,51.36220173915195],[12.375097671470726,51.362196181046436],[12.375102903691358,51.36219168444511],[12.3751113696,51.36218996689635],[12.375119835508645,51.36219168444511],[12.375125067729277,51.362196181046436],[12.375125067730941,51.36220173915195],[12.375119835511336,51.362206235754265],[12.3751113696,51.362207953303624]]]}},{"type":"Feature","properties":{"wassersumme":50},"geometry":{"type":"Polygon","coordinates":[[[12.3208802886,51.32171578690364],[12.320871830164641,51.32171406935427],[12.32086660256544,51.321709572751956],[12.320866602567097,51.32170401464645],[12.320871830167324,51.32169951804513],[12.3208802886,51.321697800496366],[12.320888747032676,51.32169951804513],[12.320893974632902,51.32170401464645],[12.320893974634561,51.321709572751956],[12.320888747035358,51.32171406935427],[12.3208802886,51.32171578690364]]]}},{"type":"Feature","properties":{"wassersumme":300},"geometry":{"type":"Polygon","coordinates":[[[12.3209338843,51.32213587120365],[12.320925425787172,51.32213415365428],[12.32092019814009,51.32212965705195],[12.32092019814175,51.32212409894646],[12.320925425789856,51.32211960234512],[12.3209338843,51.32211788479637],[12.320942342810145,51.32211960234512],[12.320947570458252,51.32212409894646],[12.32094757045991,51.32212965705195],[12.32094234281283,51.32213415365428],[12.3209338843,51.32213587120365]]]}},{"type":"Feature","properties":{"wassersumme":300},"geometry":{"type":"Polygon","coordinates":[[[12.3063425016,51.32977358860362],[12.306334041678339,51.329771871054255],[12.306328813160551,51.32976737445194],[12.306328813162208,51.32976181634644],[12.306334041681023,51.32975731974511],[12.3063425016,51.32975560219635],[12.306350961518977,51.32975731974511],[12.306356190037791,51.32976181634644],[12.30635619003945,51.32976737445194],[12.306350961521662,51.329771871054255],[12.3063425016,51.32977358860362]]]}},{"type":"Feature","properties":{"wassersumme":20},"geometry":{"type":"Polygon","coordinates":[[[12.3795138126,51.33746962100363],[12.37950535125812,51.33746790345426],[12.37950012186259,51.33746340685194],[12.37950012186425,51.33745784874643],[12.379505351260805,51.337453352145104],[12.3795138126,51.33745163459635],[12.379522273939193,51.337453352145104],[12.37952750333575,51.33745784874643],[12.37952750333741,51.33746340685194],[12.37952227394188,51.33746790345426],[12.3795138126,51.33746962100363]]]}},{"type":"Feature","properties":{"wassersumme":50},"geometry":{"type":"Polygon","coordinates":[[[12.2561647221,51.32130404350363],[12.25615626374057,51.32130232595427],[12.256151036188296,51.321297829351955],[12.256151036189953,51.32129227124644],[12.256156263743256,51.32128777464512],[12.2561647221,51.32128605709636],[12.256173180456749,51.32128777464512],[12.256178408010047,51.32129227124644],[12.256178408011705,51.321297829351955],[12.256173180459431,51.32130232595427],[12.2561647221,51.32130404350363]]]}},{"type":"Feature","properties":{"wassersumme":100},"geometry":{"type":"Polygon","coordinates":[[[12.2563029297,51.320737047603636],[12.256294471445127,51.32073533005427],[12.256289243957474,51.32073083345196],[12.25628924395913,51.32072527534645],[12.256294471447813,51.32072077874512],[12.2563029297,51.320719061196364],[12.256311387952188,51.32072077874512],[12.25631661544087,51.32072527534645],[12.256316615442527,51.32073083345196],[12.256311387954872,51.32073533005427],[12.2563029297,51.320737047603636]]]}},{"type":"Feature","properties":{"wassersumme":50},"geometry":{"type":"Polygon","coordinates":[[[12.321279644966125,51.32089260086804],[12.321271186682567,51.320890883318675],[12.321265959177186,51.32088638671636],[12.321265959178845,51.32088082861085],[12.321271186685253,51.32087633200952],[12.321279644966125,51.32087461446076],[12.321288103246998,51.32087633200952],[12.321293330753406,51.32088082861085],[12.321293330755067,51.32088638671636],[12.321288103249682,51.320890883318675],[12.321279644966125,51.32089260086804]]]}},{"type":"Feature","properties":{"wassersumme":80},"geometry":{"type":"Polygon","coordinates":[[[12.3976814124,51.33136790390363],[12.397672952184177,51.331366186354266],[12.397667723484586,51.33136168975196],[12.397667723486247,51.331356131646444],[12.397672952186861,51.33135163504512],[12.3976814124,51.33134991749636],[12.39768987261314,51.33135163504512],[12.397695101313756,51.331356131646444],[12.397695101315415,51.33136168975196],[12.397689872615826,51.331366186354266],[12.3976814124,51.33136790390363]]]}},{"type":"Feature","properties":{"wassersumme":80},"geometry":{"type":"Polygon","coordinates":[[[12.3976888776,51.33132229030364],[12.397680417392593,51.33132057275427],[12.397675188698205,51.33131607615196],[12.397675188699864,51.33131051804645],[12.397680417395277,51.33130602144512],[12.3976888776,51.331304303896374],[12.397697337804725,51.33130602144512],[12.397702566500136,51.33131051804645],[12.397702566501797,51.33131607615196],[12.39769733780741,51.33132057275427],[12.3976888776,51.33132229030364]]]}},{"type":"Feature","properties":{"wassersumme":80},"geometry":{"type":"Polygon","coordinates":[[[12.3976697997,51.33127383820363],[12.397661339501532,51.33127212065428],[12.397656110812669,51.33126762405197],[12.39765611081433,51.33126206594644],[12.397661339504216,51.33125756934511],[12.3976697997,51.33125585179637],[12.397678259895784,51.33125756934511],[12.39768348858567,51.33126206594644],[12.397683488587331,51.33126762405197],[12.397678259898468,51.33127212065428],[12.3976697997,51.33127383820363]]]}},{"type":"Feature","properties":{"wassersumme":80},"geometry":{"type":"Polygon","coordinates":[[[12.3976296152,51.33123049310364],[12.397621155009531,51.33122877555427],[12.397615926325612,51.33122427895196],[12.39761592632727,51.331218720846444],[12.397621155012214,51.33121422424512],[12.3976296152,51.33121250669636],[12.397638075387786,51.33121422424512],[12.397643304072732,51.331218720846444],[12.39764330407439,51.33122427895196],[12.397638075390471,51.33122877555427],[12.3976296152,51.33123049310364]]]}},{"type":"Feature","properties":{"wassersumme":80},"geometry":{"type":"Polygon","coordinates":[[[12.3975517604,51.33118559090364],[12.397543300217817,51.33118387335427],[12.397538071539016,51.331179376751955],[12.397538071540676,51.33117381864645],[12.3975433002205,51.33116932204512],[12.3975517604,51.33116760449636],[12.397560220579503,51.33116932204512],[12.397565449259327,51.33117381864645],[12.397565449260988,51.331179376751955],[12.397560220582186,51.33118387335427],[12.3975517604,51.33118559090364]]]}},{"type":"Feature","properties":{"wassersumme":45},"geometry":{"type":"Polygon","coordinates":[[[12.4261930322,51.34928409380364],[12.426184568676664,51.34928237625428],[12.426179337932922,51.349277879651964],[12.426179337934583,51.34927232154645],[12.426184568679352,51.34926782494512],[12.4261930322,51.34926610739637],[12.426201495720651,51.34926782494512],[12.42620672646542,51.34927232154645],[12.426206726467079,51.349277879651964],[12.426201495723339,51.34928237625428],[12.4261930322,51.34928409380364]]]}},{"type":"Feature","properties":{"wassersumme":30},"geometry":{"type":"Polygon","coordinates":[[[12.426254863400002,51.349235580703635],[12.426246399885626,51.34923386315427],[12.426241169147422,51.34922936655196],[12.426241169149083,51.34922380844644],[12.426246399888315,51.34921931184512],[12.426254863400002,51.349217594296356],[12.426263326911691,51.34921931184512],[12.426268557650921,51.34922380844644],[12.426268557652582,51.34922936655196],[12.426263326914377,51.34923386315427],[12.426254863400002,51.349235580703635]]]}},{"type":"Feature","properties":{"wassersumme":100},"geometry":{"type":"Polygon","coordinates":[[[12.405399295,51.35761957250364],[12.405390829936685,51.35761785495427],[12.405385598241185,51.357613358351955],[12.405385598242846,51.35760780024645],[12.405390829939375,51.357603303645114],[12.405399295,51.357601586096365],[12.405407760060626,51.357603303645114],[12.405412991757155,51.35760780024645],[12.405412991758816,51.357613358351955],[12.405407760063316,51.35761785495427],[12.405399295,51.35761957250364]]]}},{"type":"Feature","properties":{"wassersumme":300},"geometry":{"type":"Polygon","coordinates":[[[12.320986072899998,51.32188576920364],[12.320977614433293,51.32188405165427],[12.320972386814717,51.321879555051964],[12.320972386816377,51.321873996946444],[12.320977614435975,51.32186950034512],[12.320986072899998,51.32186778279636],[12.32099453136402,51.32186950034512],[12.320999758983621,51.321873996946444],[12.32099975898528,51.321879555051964],[12.320994531366706,51.32188405165427],[12.320986072899998,51.32188576920364]]]}},{"type":"Feature","properties":{"wassersumme":30},"geometry":{"type":"Polygon","coordinates":[[[12.3517568108,51.349125131103634],[12.351748347306025,51.349123413554274],[12.351743116580428,51.349118916951966],[12.351743116582089,51.349113358846445],[12.35174834730871,51.34910886224511],[12.3517568108,51.34910714469636],[12.351765274291287,51.34910886224511],[12.35177050501791,51.349113358846445],[12.351770505019573,51.349118916951966],[12.351765274293975,51.349123413554274],[12.3517568108,51.349125131103634]]]}},{"type":"Feature","properties":{"wassersumme":270},"geometry":{"type":"Polygon","coordinates":[[[12.4260769906,51.349031648103626],[12.42606852712329,51.34902993055426],[12.426063296408365,51.349025433951944],[12.426063296410026,51.349019875846444],[12.42606852712598,51.34901537924512],[12.4260769906,51.349013661696354],[12.42608545407402,51.34901537924512],[12.42609068478997,51.349019875846444],[12.426090684791633,51.349025433951944],[12.426085454076706,51.34902993055426],[12.4260769906,51.349031648103626]]]}},{"type":"Feature","properties":{"wassersumme":25},"geometry":{"type":"Polygon","coordinates":[[[12.4261917664,51.349307314403646],[12.426183302872376,51.34930559685428],[12.426178072125982,51.349301100251964],[12.426178072127643,51.34929554214645],[12.426183302875064,51.349291045545115],[12.4261917664,51.34928932799637],[12.42620022992494,51.349291045545115],[12.426205460672358,51.34929554214645],[12.42620546067402,51.349301100251964],[12.426200229927627,51.34930559685428],[12.4261917664,51.349307314403646]]]}},{"type":"Feature","properties":{"wassersumme":45},"geometry":{"type":"Polygon","coordinates":[[[12.4267904214,51.34953556930363],[12.426781957830213,51.349533851754266],[12.426776727057764,51.34952935515195],[12.426776727059424,51.34952379704646],[12.4267819578329,51.349519300445124],[12.4267904214,51.34951758289636],[12.426798884967095,51.349519300445124],[12.426804115740572,51.34952379704646],[12.426804115742232,51.34952935515195],[12.426798884969783,51.349533851754266],[12.4267904214,51.34953556930363]]]}},{"type":"Feature","properties":{"wassersumme":5},"geometry":{"type":"Polygon","coordinates":[[[12.4262705887,51.348831817403635],[12.426262125260202,51.34883009985426],[12.426256894568088,51.348825603251946],[12.426256894569747,51.34882004514643],[12.42626212526289,51.348815548545105],[12.4262705887,51.34881383099634],[12.426279052137113,51.348815548545105],[12.426284282830252,51.34882004514643],[12.426284282831913,51.348825603251946],[12.4262790521398,51.34883009985426],[12.4262705887,51.348831817403635]]]}},{"type":"Feature","properties":{"wassersumme":5},"geometry":{"type":"Polygon","coordinates":[[[12.4261560611,51.34885108710363],[12.426147597656643,51.348849369554266],[12.426142366962326,51.34884487295195],[12.426142366963989,51.348839314846444],[12.42614759765933,51.34883481824512],[12.4261560611,51.34883310069636],[12.42616452454067,51.34883481824512],[12.426169755236012,51.348839314846444],[12.426169755237673,51.34884487295195],[12.426164524543358,51.348849369554266],[12.4261560611,51.34885108710363]]]}},{"type":"Feature","properties":{"wassersumme":5},"geometry":{"type":"Polygon","coordinates":[[[12.3978172593,51.30623206370363],[12.39780880371876,51.30623034615429],[12.397803577883499,51.30622584955196],[12.397803577885158,51.30622029144645],[12.397808803721441,51.30621579484512],[12.3978172593,51.30621407729637],[12.397825714878559,51.30621579484512],[12.397830940714842,51.30622029144645],[12.397830940716497,51.30622584955196],[12.397825714881238,51.30623034615429],[12.3978172593,51.30623206370363]]]}},{"type":"Feature","properties":{"wassersumme":250},"geometry":{"type":"Polygon","coordinates":[[[12.3212289565,51.32221799570363],[12.321220497972027,51.32221627815427],[12.321215270315587,51.32221178155195],[12.321215270317245,51.32220622344644],[12.321220497974709,51.32220172684511],[12.3212289565,51.32220000929635],[12.32123741502529,51.32220172684511],[12.321242642682757,51.32220622344644],[12.321242642684416,51.32221178155195],[12.321237415027973,51.32221627815427],[12.3212289565,51.32221799570363]]]}},{"type":"Feature","properties":{"wassersumme":120},"geometry":{"type":"Polygon","coordinates":[[[12.3995217223,51.30628640750363],[12.399513266708746,51.30628468995425],[12.3995080408673,51.306280193351945],[12.399508040868955,51.30627463524643],[12.399513266711429,51.306270138645104],[12.3995217223,51.30626842109635],[12.399530177888572,51.306270138645104],[12.399535403731042,51.30627463524643],[12.3995354037327,51.306280193351945],[12.39953017789125,51.30628468995425],[12.3995217223,51.30628640750363]]]}},{"type":"Feature","properties":{"wassersumme":360},"geometry":{"type":"Polygon","coordinates":[[[12.3071985704,51.32926442890363],[12.307190110572275,51.32926271135427],[12.307184882112542,51.32925821475195],[12.307184882114203,51.329252656646446],[12.30719011057496,51.32924816004512],[12.3071985704,51.32924644249637],[12.30720703022504,51.32924816004512],[12.307212258685796,51.329252656646446],[12.307212258687457,51.32925821475195],[12.307207030227726,51.32926271135427],[12.3071985704,51.32926442890363]]]}},{"type":"Feature","properties":{"wassersumme":420},"geometry":{"type":"Polygon","coordinates":[[[12.307137013900002,51.32930060840362],[12.307128554065601,51.32929889085426],[12.307123325601745,51.329294394251946],[12.307123325603404,51.32928883614643],[12.307128554068283,51.32928433954511],[12.307137013900002,51.32928262199636],[12.307145473731717,51.32928433954511],[12.307150702196598,51.32928883614643],[12.307150702198255,51.329294394251946],[12.307145473734401,51.32929889085426],[12.307137013900002,51.32930060840362]]]}},{"type":"Feature","properties":{"wassersumme":420},"geometry":{"type":"Polygon","coordinates":[[[12.3065380175,51.329653968203644],[12.306529557600404,51.32965225065428],[12.306524329096257,51.32964775405196],[12.306524329097915,51.329642195946455],[12.30652955760309,51.32963769934513],[12.3065380175,51.329635981796365],[12.306546477396907,51.32963769934513],[12.30655170590208,51.329642195946455],[12.306551705903738,51.32964775405196],[12.306546477399591,51.32965225065428],[12.3065380175,51.329653968203644]]]}},{"type":"Feature","properties":{"wassersumme":420},"geometry":{"type":"Polygon","coordinates":[[[12.3064956292,51.329679075903634],[12.306487169295776,51.32967735835427],[12.306481940788766,51.32967286175196],[12.306481940790423,51.32966730364643],[12.30648716929846,51.32966280704511],[12.3064956292,51.32966108949636],[12.306504089101542,51.32966280704511],[12.306509317609576,51.32966730364643],[12.306509317611237,51.32967286175196],[12.306504089104227,51.32967735835427],[12.3064956292,51.329679075903634]]]}},{"type":"Feature","properties":{"wassersumme":300},"geometry":{"type":"Polygon","coordinates":[[[12.306443026800002,51.329709435003636],[12.306434566890175,51.32970771745427],[12.306429338379704,51.32970322085197],[12.306429338381362,51.32969766274645],[12.30643456689286,51.32969316614512],[12.306443026800002,51.32969144859637],[12.306451486707143,51.32969316614512],[12.30645671521864,51.32969766274645],[12.306456715220301,51.32970322085197],[12.30645148670983,51.32970771745427],[12.306443026800002,51.329709435003636]]]}},{"type":"Feature","properties":{"wassersumme":400},"geometry":{"type":"Polygon","coordinates":[[[12.3066484005,51.32967143850363],[12.306639940597185,51.32966972095427],[12.306634712091043,51.32966522435195],[12.306634712092704,51.32965966624645],[12.30663994059987,51.32965516964511],[12.3066484005,51.32965345209636],[12.30665686040013,51.32965516964511],[12.306662088907297,51.32965966624645],[12.306662088908958,51.32966522435195],[12.306656860402816,51.32966972095427],[12.3066484005,51.32967143850363]]]}},{"type":"Feature","properties":{"wassersumme":420},"geometry":{"type":"Polygon","coordinates":[[[12.3063836091,51.329745843203646],[12.306375149183452,51.32974412565428],[12.30636992066883,51.32973962905196],[12.30636992067049,51.32973407094645],[12.30637514918614,51.329729574345116],[12.3063836091,51.32972785679637],[12.306392069013858,51.329729574345116],[12.306397297529506,51.32973407094645],[12.306397297531166,51.32973962905196],[12.306392069016542,51.32974412565428],[12.3063836091,51.329745843203646]]]}},{"type":"Feature","properties":{"wassersumme":60},"geometry":{"type":"Polygon","coordinates":[[[12.3065572862,51.32972690460364],[12.306548826286951,51.329725187054265],[12.306543597774484,51.32972069045195],[12.306543597776145,51.32971513234644],[12.306548826289635,51.329710635745116],[12.3065572862,51.32970891819635],[12.306565746110364,51.329710635745116],[12.306570974623854,51.32971513234644],[12.306570974625515,51.32972069045195],[12.30656574611305,51.329725187054265],[12.3065572862,51.32972690460364]]]}},{"type":"Feature","properties":{"wassersumme":60},"geometry":{"type":"Polygon","coordinates":[[[12.3064583675,51.32978569870364],[12.306449907576104,51.32978398115427],[12.306444679056936,51.329779484551956],[12.306444679058593,51.32977392644644],[12.306449907578788,51.32976942984512],[12.3064583675,51.32976771229636],[12.306466827421211,51.32976942984512],[12.306472055941406,51.32977392644644],[12.306472055943066,51.329779484551956],[12.306466827423897,51.32978398115427],[12.3064583675,51.32978569870364]]]}},{"type":"Feature","properties":{"wassersumme":390},"geometry":{"type":"Polygon","coordinates":[[[12.3057439313,51.33012191750364],[12.305735471314069,51.33012019995427],[12.305730242756562,51.33011570335197],[12.305730242758223,51.330110145246444],[12.305735471316755,51.33010564864513],[12.3057439313,51.33010393109635],[12.305752391283244,51.33010564864513],[12.305757619841776,51.330110145246444],[12.305757619843437,51.33011570335197],[12.305752391285928,51.33012019995427],[12.3057439313,51.33012191750364]]]}},{"type":"Feature","properties":{"wassersumme":390},"geometry":{"type":"Polygon","coordinates":[[[12.3056993335,51.330147963403626],[12.305690873509263,51.33014624585425],[12.305685644948786,51.33014174925196],[12.305685644950447,51.33013619114642],[12.30569087351195,51.33013169454511],[12.3056993335,51.33012997699635],[12.30570779348805,51.33013169454511],[12.305713022049552,51.33013619114642],[12.30571302205121,51.33014174925196],[12.305707793490734,51.33014624585425],[12.3056993335,51.330147963403626]]]}},{"type":"Feature","properties":{"wassersumme":390},"geometry":{"type":"Polygon","coordinates":[[[12.3056596251,51.33017142360364],[12.305651165104935,51.33016970605427],[12.305645936541785,51.330165209451955],[12.305645936543442,51.33015965134644],[12.305651165107621,51.33015515474512],[12.3056596251,51.33015343719636],[12.305668085092377,51.33015515474512],[12.305673313656555,51.33015965134644],[12.305673313658215,51.330165209451955],[12.305668085095062,51.33016970605427],[12.3056596251,51.33017142360364]]]}},{"type":"Feature","properties":{"wassersumme":240},"geometry":{"type":"Polygon","coordinates":[[[12.3051185614,51.33049130240364],[12.305110101345917,51.33048958485427],[12.305104872746291,51.330485088251955],[12.305104872747949,51.33047953014645],[12.305110101348605,51.33047503354512],[12.3051185614,51.330473315996365],[12.305127021451398,51.33047503354512],[12.305132250052052,51.33047953014645],[12.305132250053711,51.330485088251955],[12.305127021454085,51.33048958485427],[12.3051185614,51.33049130240364]]]}},{"type":"Feature","properties":{"wassersumme":240},"geometry":{"type":"Polygon","coordinates":[[[12.3050809819,51.33051517120364],[12.305072521841515,51.33051345365427],[12.305067293239162,51.330508957051954],[12.305067293240823,51.33050339894645],[12.305072521844197,51.33049890234512],[12.3050809819,51.33049718479636],[12.305089441955802,51.33049890234512],[12.305094670559175,51.33050339894645],[12.305094670560836,51.330508957051954],[12.305089441958486,51.33051345365427],[12.3050809819,51.33051517120364]]]}},{"type":"Feature","properties":{"wassersumme":380},"geometry":{"type":"Polygon","coordinates":[[[12.3051510981,51.32984609050364],[12.30514263816496,51.329844372954256],[12.305137409638906,51.32983987635196],[12.305137409640565,51.329834318246434],[12.305142638167645,51.32982982164511],[12.3051510981,51.32982810409636],[12.305159558032354,51.32982982164511],[12.305164786559436,51.329834318246434],[12.305164786561093,51.32983987635196],[12.30515955803504,51.329844372954256],[12.3051510981,51.32984609050364]]]}},{"type":"Feature","properties":{"wassersumme":105},"geometry":{"type":"Polygon","coordinates":[[[12.4276790798,51.319872237203626],[12.427670621704598,51.31987051965426],[12.427665394315499,51.31986602305196],[12.427665394317156,51.31986046494643],[12.42767062170728,51.31985596834511],[12.4276790798,51.31985425079635],[12.427687537892721,51.31985596834511],[12.427692765282844,51.31986046494643],[12.427692765284503,51.31986602305196],[12.427687537895403,51.31987051965426],[12.4276790798,51.319872237203626]]]}},{"type":"Feature","properties":{"wassersumme":375},"geometry":{"type":"Polygon","coordinates":[[[12.2945628716,51.30718161920365],[12.294554415843802,51.30717990165427],[12.294549189900414,51.30717540505196],[12.294549189902071,51.30716984694645],[12.294554415846482,51.30716535034512],[12.2945628716,51.30716363279636],[12.294571327353516,51.30716535034512],[12.294576553297931,51.30716984694645],[12.294576553299589,51.30717540505196],[12.294571327356197,51.30717990165427],[12.2945628716,51.30718161920365]]]}},{"type":"Feature","properties":{"wassersumme":1200},"geometry":{"type":"Polygon","coordinates":[[[12.3410069148,51.335550603303645],[12.34099845381231,51.33554888575428],[12.340993224635683,51.33554438915198],[12.340993224637343,51.33553883104645],[12.340998453814995,51.33553433444513],[12.3410069148,51.335532616896366],[12.341015375785,51.33553433444513],[12.341020604962655,51.33553883104645],[12.341020604964314,51.33554438915198],[12.341015375787688,51.33554888575428],[12.3410069148,51.335550603303645]]]}},{"type":"Feature","properties":{"wassersumme":2300},"geometry":{"type":"Polygon","coordinates":[[[12.3317040645,51.33539351420363],[12.331695603541306,51.33539179665427],[12.331690374382596,51.335387300051956],[12.331690374384257,51.335381741946435],[12.33169560354399,51.33537724534511],[12.3317040645,51.33537552779636],[12.33171252545601,51.33537724534511],[12.331717754615745,51.335381741946435],[12.331717754617404,51.335387300051956],[12.331712525458697,51.33539179665427],[12.3317040645,51.33539351420363]]]}},{"type":"Feature","properties":{"wassersumme":48},"geometry":{"type":"Polygon","coordinates":[[[12.3983534675,51.338820710003645],[12.398345005908727,51.338818992454264],[12.398339776359064,51.33881449585196],[12.398339776360723,51.33880893774644],[12.398345005911413,51.33880444114512],[12.3983534675,51.33880272359635],[12.398361929088587,51.33880444114512],[12.398367158639276,51.33880893774644],[12.398367158640937,51.33881449585196],[12.398361929091275,51.338818992454264],[12.3983534675,51.338820710003645]]]}},{"type":"Feature","properties":{"wassersumme":46},"geometry":{"type":"Polygon","coordinates":[[[12.3983165398,51.33868425970363],[12.398308078233912,51.33868254215427],[12.398302848699817,51.33867804555195],[12.398302848701478,51.338672487446445],[12.3983080782366,51.33866799084511],[12.3983165398,51.338666273296354],[12.3983250013634,51.33866799084511],[12.398330230898521,51.338672487446445],[12.398330230900184,51.33867804555195],[12.398325001366088,51.33868254215427],[12.3983165398,51.33868425970363]]]}},{"type":"Feature","properties":{"wassersumme":61},"geometry":{"type":"Polygon","coordinates":[[[12.3986937952,51.33935792980363],[12.398685333509555,51.339356212254266],[12.398680103898602,51.33935171565195],[12.398680103900261,51.339346157546444],[12.398685333512242,51.33934166094511],[12.3986937952,51.339339943396354],[12.398702256887756,51.33934166094511],[12.398707486499736,51.339346157546444],[12.398707486501394,51.33935171565195],[12.39870225689044,51.339356212254266],[12.3986937952,51.33935792980363]]]}},{"type":"Feature","properties":{"wassersumme":31},"geometry":{"type":"Polygon","coordinates":[[[12.3734489039,51.32605336290363],[12.37344044466464,51.32605164535427],[12.373435216571007,51.326047148751954],[12.373435216572668,51.32604159064645],[12.373440444667324,51.32603709404512],[12.3734489039,51.326035376496364],[12.37345736313268,51.32603709404512],[12.373462591227335,51.32604159064645],[12.373462591228993,51.326047148751954],[12.373457363135364,51.32605164535427],[12.3734489039,51.32605336290363]]]}},{"type":"Feature","properties":{"wassersumme":8},"geometry":{"type":"Polygon","coordinates":[[[12.3760186088,51.32681998650363],[12.376010149423225,51.32681826895427],[12.376004921242197,51.32681377235196],[12.376004921243855,51.32680821424644],[12.376010149425909,51.32680371764512],[12.3760186088,51.32680200009636],[12.376027068174091,51.32680371764512],[12.376032296356145,51.32680821424644],[12.376032296357803,51.32681377235196],[12.376027068176775,51.32681826895427],[12.3760186088,51.32681998650363]]]}},{"type":"Feature","properties":{"wassersumme":420},"geometry":{"type":"Polygon","coordinates":[[[12.3072640136,51.329228069003626],[12.307255553778981,51.32922635145427],[12.307250325323396,51.32922185485195],[12.307250325325057,51.32921629674643],[12.307255553781667,51.3292118001451],[12.3072640136,51.32921008259634],[12.307272473418331,51.3292118001451],[12.307277701874941,51.32921629674643],[12.307277701876602,51.32922185485195],[12.307272473421017,51.32922635145427],[12.3072640136,51.329228069003626]]]}},{"type":"Feature","properties":{"wassersumme":70},"geometry":{"type":"Polygon","coordinates":[[[12.422325425400002,51.31415551890363],[12.422316968358546,51.314153801354266],[12.422311741620826,51.31414930475196],[12.422311741622481,51.31414374664643],[12.422316968361228,51.31413925004511],[12.422325425400002,51.31413753249635],[12.422333882438775,51.31413925004511],[12.422339109177521,51.31414374664643],[12.422339109179177,51.31414930475196],[12.422333882441457,51.314153801354266],[12.422325425400002,51.31415551890363]]]}},{"type":"Feature","properties":{"wassersumme":40},"geometry":{"type":"Polygon","coordinates":[[[12.398146735,51.34735376180364],[12.398138271833185,51.34735204425427],[12.398133041309785,51.34734754765196],[12.398133041311448,51.34734198954644],[12.398138271835872,51.34733749294512],[12.398146735,51.34733577539637],[12.398155198164126,51.34733749294512],[12.39816042868855,51.34734198954644],[12.398160428690213,51.34734754765196],[12.398155198166814,51.34735204425427],[12.398146735,51.34735376180364]]]}},{"type":"Feature","properties":{"wassersumme":10},"geometry":{"type":"Polygon","coordinates":[[[12.3984633615,51.34733696400364],[12.39845489833629,51.34733524645427],[12.398449667814807,51.347330749851956],[12.398449667816468,51.34732519174644],[12.398454898338976,51.34732069514512],[12.3984633615,51.34731897759636],[12.398471824661025,51.34732069514512],[12.398477055183532,51.34732519174644],[12.398477055185193,51.347330749851956],[12.39847182466371,51.34733524645427],[12.3984633615,51.34733696400364]]]}},{"type":"Feature","properties":{"wassersumme":65},"geometry":{"type":"Polygon","coordinates":[[[12.4034379428,51.34699320320364],[12.403429479699776,51.34699148565427],[12.403424249217531,51.34698698905196],[12.40342424921919,51.346981430946435],[12.403429479702462,51.346976934345115],[12.4034379428,51.346975216796366],[12.403446405897537,51.346976934345115],[12.403451636380808,51.346981430946435],[12.403451636382469,51.34698698905196],[12.403446405900224,51.34699148565427],[12.4034379428,51.34699320320364]]]}},{"type":"Feature","properties":{"wassersumme":20},"geometry":{"type":"Polygon","coordinates":[[[12.4128645951,51.34655702680363],[12.412856132080329,51.34655530925426],[12.412850901647866,51.346550812651955],[12.412850901649529,51.34654525454644],[12.412856132083016,51.34654075794512],[12.4128645951,51.34653904039636],[12.412873058116984,51.34654075794512],[12.412878288550472,51.34654525454644],[12.412878288552132,51.346550812651955],[12.412873058119672,51.34655530925426],[12.4128645951,51.34655702680363]]]}},{"type":"Feature","properties":{"wassersumme":66},"geometry":{"type":"Polygon","coordinates":[[[12.3979465911,51.34736028630364],[12.397938127931983,51.34735856875428],[12.397932897407836,51.34735407215195],[12.397932897409499,51.347348514046445],[12.397938127934669,51.34734401744512],[12.3979465911,51.34734229989637],[12.39795505426533,51.34734401744512],[12.397960284790502,51.347348514046445],[12.397960284792163,51.34735407215195],[12.397955054268019,51.34735856875428],[12.3979465911,51.34736028630364]]]}},{"type":"Feature","properties":{"wassersumme":36},"geometry":{"type":"Polygon","coordinates":[[[12.4038979211,51.34466703540364],[12.403889458429346,51.34466531785428],[12.403884228212592,51.34466082125196],[12.40388422821425,51.34465526314645],[12.403889458432035,51.34465076654512],[12.4038979211,51.34464904899637],[12.403906383767968,51.34465076654512],[12.40391161398575,51.34465526314645],[12.403911613987411,51.34466082125196],[12.403906383770654,51.34466531785428],[12.4038979211,51.34466703540364]]]}},{"type":"Feature","properties":{"wassersumme":250},"geometry":{"type":"Polygon","coordinates":[[[12.3988220909,51.30629604330363],[12.398813635306972,51.30629432575428],[12.398808409464428,51.306289829151964],[12.398808409466085,51.30628427104644],[12.398813635309654,51.306279774445116],[12.3988220909,51.30627805689636],[12.398830546490347,51.306279774445116],[12.398835772333914,51.30628427104644],[12.398835772335573,51.306289829151964],[12.398830546493027,51.30629432575428],[12.3988220909,51.30629604330363]]]}},{"type":"Feature","properties":{"wassersumme":320},"geometry":{"type":"Polygon","coordinates":[[[12.3991157129,51.30631309190363],[12.399107257303832,51.30631137435426],[12.399102031459346,51.30630687775195],[12.399102031461004,51.306301319646444],[12.399107257306515,51.306296823045116],[12.3991157129,51.306295105496346],[12.399124168493486,51.306296823045116],[12.399129394339,51.306301319646444],[12.399129394340656,51.30630687775195],[12.399124168496169,51.30631137435426],[12.3991157129,51.30631309190363]]]}},{"type":"Feature","properties":{"wassersumme":100},"geometry":{"type":"Polygon","coordinates":[[[12.405384755799998,51.357582053103634],[12.405376290743618,51.35758033555427],[12.405371059052403,51.357575838951966],[12.405371059054062,51.35757028084644],[12.405376290746307,51.35756578424512],[12.405384755799998,51.35756406669637],[12.405393220853691,51.35756578424512],[12.405398452545935,51.35757028084644],[12.405398452547598,51.357575838951966],[12.40539322085638,51.35758033555427],[12.405384755799998,51.357582053103634]]]}},{"type":"Feature","properties":{"wassersumme":110},"geometry":{"type":"Polygon","coordinates":[[[12.4124047065,51.30740344600363],[12.41239625070293,51.30740172845425],[12.412391024734276,51.30739723185195],[12.412391024735934,51.30739167374644],[12.41239625070561,51.30738717714511],[12.4124047065,51.30738545959635],[12.412413162294389,51.30738717714511],[12.412418388264067,51.30739167374644],[12.412418388265724,51.30739723185195],[12.41241316229707,51.30740172845425],[12.4124047065,51.30740344600363]]]}},{"type":"Feature","properties":{"wassersumme":320},"geometry":{"type":"Polygon","coordinates":[[[12.412509536099998,51.30740994500363],[12.412501080301729,51.30740822745427],[12.412495854332338,51.30740373085195],[12.412495854333994,51.307398172746446],[12.412501080304411,51.30739367614511],[12.412509536099998,51.30739195859636],[12.412517991895587,51.30739367614511],[12.412523217866003,51.307398172746446],[12.41252321786766,51.30740373085195],[12.412517991898266,51.30740822745427],[12.412509536099998,51.30740994500363]]]}},{"type":"Feature","properties":{"wassersumme":120},"geometry":{"type":"Polygon","coordinates":[[[12.4126024538,51.30739578390364],[12.412593998004342,51.30739406635428],[12.412588772036564,51.30738956975196],[12.41258877203822,51.30738401164644],[12.41259399800702,51.30737951504511],[12.4126024538,51.307377797496365],[12.412610909592981,51.30737951504511],[12.412616135561782,51.30738401164644],[12.412616135563441,51.30738956975196],[12.41261090959566,51.30739406635428],[12.4126024538,51.30739578390364]]]}},{"type":"Feature","properties":{"wassersumme":90},"geometry":{"type":"Polygon","coordinates":[[[12.412487868499998,51.30732912860363],[12.41247941271662,51.30732741105426],[12.412474186756432,51.307322914451944],[12.412474186758088,51.30731735634644],[12.412479412719302,51.30731285974512],[12.412487868499998,51.307311142196355],[12.412496324280694,51.30731285974512],[12.412501550241906,51.30731735634644],[12.412501550243565,51.307322914451944],[12.412496324283374,51.30732741105426],[12.412487868499998,51.30732912860363]]]}},{"type":"Feature","properties":{"wassersumme":90},"geometry":{"type":"Polygon","coordinates":[[[12.3236436949,51.32648789110364],[12.323635235584485,51.326486173554265],[12.323630007441317,51.32648167695196],[12.323630007442977,51.32647611884645],[12.32363523558717,51.326471622245116],[12.3236436949,51.32646990469636],[12.323652154212832,51.326471622245116],[12.323657382357025,51.32647611884645],[12.323657382358682,51.32648167695196],[12.323652154215516,51.326486173554265],[12.3236436949,51.32648789110364]]]}},{"type":"Feature","properties":{"wassersumme":200},"geometry":{"type":"Polygon","coordinates":[[[12.4063074866,51.35654862440363],[12.406299021734585,51.35654690685427],[12.40629379016139,51.356542410251954],[12.406293790163053,51.356536852146434],[12.406299021737274,51.35653235554511],[12.4063074866,51.35653063799636],[12.406315951462727,51.35653235554511],[12.406321183036948,51.356536852146434],[12.406321183038608,51.356542410251954],[12.406315951465416,51.35654690685427],[12.4063074866,51.35654862440363]]]}},{"type":"Feature","properties":{"wassersumme":10},"geometry":{"type":"Polygon","coordinates":[[[12.3933059031,51.326746019003636],[12.39329744373687,51.326744301454276],[12.393292215564273,51.32673980485196],[12.393292215565934,51.32673424674644],[12.393297443739552,51.32672975014511],[12.3933059031,51.326728032596364],[12.393314362460446,51.32672975014511],[12.393319590634066,51.32673424674644],[12.393319590635727,51.32673980485196],[12.393314362463132,51.326744301454276],[12.3933059031,51.326746019003636]]]}},{"type":"Feature","properties":{"wassersumme":85},"geometry":{"type":"Polygon","coordinates":[[[12.393119243,51.329750721103636],[12.393110783082555,51.32974900355427],[12.393105554567375,51.329744506951954],[12.393105554569036,51.329738948846455],[12.393110783085241,51.32973445224512],[12.393119243,51.329732734696364],[12.393127702914759,51.32973445224512],[12.393132931430964,51.329738948846455],[12.393132931432623,51.329744506951954],[12.393127702917443,51.32974900355427],[12.393119243,51.329750721103636]]]}},{"type":"Feature","properties":{"wassersumme":13},"geometry":{"type":"Polygon","coordinates":[[[12.4021030025,51.33377829550364],[12.402094541839391,51.333776577954275],[12.402089312864911,51.33377208135195],[12.402089312866568,51.333766523246446],[12.402094541842075,51.33376202664511],[12.4021030025,51.333760309096355],[12.402111463157924,51.33376202664511],[12.40211669213343,51.333766523246446],[12.40211669213509,51.33377208135195],[12.40211146316061,51.333776577954275],[12.4021030025,51.33377829550364]]]}},{"type":"Feature","properties":{"wassersumme":340},"geometry":{"type":"Polygon","coordinates":[[[12.327766749799999,51.33395664880364],[12.327758289106479,51.333954931254276],[12.327753060111656,51.33395043465196],[12.327753060113313,51.33394487654645],[12.327758289109163,51.33394037994511],[12.327766749799999,51.333938662396356],[12.327775210490834,51.33394037994511],[12.327780439486686,51.33394487654645],[12.327780439488343,51.33395043465196],[12.32777521049352,51.333954931254276],[12.327766749799999,51.33395664880364]]]}},{"type":"Feature","properties":{"wassersumme":401},"geometry":{"type":"Polygon","coordinates":[[[12.402353151,51.33380021570363],[12.402344690335346,51.333798498154266],[12.402339461358364,51.33379400155195],[12.402339461360022,51.33378844344644],[12.40234469033803,51.33378394684512],[12.402353151,51.33378222929636],[12.402361611661968,51.33378394684512],[12.402366840639974,51.33378844344644],[12.402366840641633,51.33379400155195],[12.402361611664652,51.333798498154266],[12.402353151,51.33380021570363]]]}},{"type":"Feature","properties":{"wassersumme":421},"geometry":{"type":"Polygon","coordinates":[[[12.4020283276,51.333760539003634],[12.40201986694267,51.33375882145427],[12.402014637970215,51.33375432485196],[12.402014637971874,51.333748766746446],[12.402019866945356,51.33374427014511],[12.4020283276,51.33374255259636],[12.402036788254648,51.33374427014511],[12.402042017228132,51.333748766746446],[12.402042017229789,51.33375432485196],[12.402036788257336,51.33375882145427],[12.4020283276,51.333760539003634]]]}},{"type":"Feature","properties":{"wassersumme":10},"geometry":{"type":"Polygon","coordinates":[[[12.3984674433,51.33415427260363],[12.398458982570007,51.334152555054274],[12.398453753552644,51.33414805845196],[12.398453753554302,51.33414250034645],[12.398458982572691,51.33413800374511],[12.3984674433,51.334136286196355],[12.398475904027306,51.33413800374511],[12.398481133045694,51.33414250034645],[12.398481133047353,51.33414805845196],[12.398475904029992,51.334152555054274],[12.3984674433,51.33415427260363]]]}},{"type":"Feature","properties":{"wassersumme":396},"geometry":{"type":"Polygon","coordinates":[[[12.4023303989,51.333836946003636],[12.402321938228567,51.33383522845427],[12.402316709247398,51.333830731851954],[12.402316709249058,51.33382517374645],[12.402321938231253,51.33382067714511],[12.4023303989,51.33381895959636],[12.402338859568747,51.33382067714511],[12.402344088550942,51.33382517374645],[12.402344088552605,51.333830731851954],[12.402338859571431,51.33383522845427],[12.4023303989,51.333836946003636]]]}},{"type":"Feature","properties":{"wassersumme":300},"geometry":{"type":"Polygon","coordinates":[[[12.3087080809,51.32933674140363],[12.308699621058935,51.32933502385428],[12.308694392590958,51.32933052725196],[12.308694392592617,51.32932496914644],[12.308699621061619,51.32932047254512],[12.3087080809,51.32931875499637],[12.308716540738384,51.32932047254512],[12.308721769207384,51.32932496914644],[12.308721769209043,51.32933052725196],[12.308716540741067,51.32933502385428],[12.3087080809,51.32933674140363]]]}},{"type":"Feature","properties":{"wassersumme":300},"geometry":{"type":"Polygon","coordinates":[[[12.3086078741,51.329393079303635],[12.308599414248537,51.32939136175427],[12.308594185774139,51.32938686515196],[12.3085941857758,51.32938130704644],[12.308599414251221,51.32937681044512],[12.3086078741,51.32937509289636],[12.308616333948775,51.32937681044512],[12.3086215624242,51.32938130704644],[12.308621562425857,51.32938686515196],[12.30861633395146,51.32939136175427],[12.3086078741,51.329393079303635]]]}},{"type":"Feature","properties":{"wassersumme":190},"geometry":{"type":"Polygon","coordinates":[[[12.3085440108,51.32935347560364],[12.308535550955847,51.32935175805427],[12.308530322485964,51.32934726145196],[12.308530322487622,51.32934170334645],[12.30853555095853,51.32933720674512],[12.3085440108,51.32933548919637],[12.30855247064147,51.32933720674512],[12.308557699112379,51.32934170334645],[12.308557699114036,51.32934726145196],[12.308552470644152,51.32935175805427],[12.3085440108,51.32935347560364]]]}},{"type":"Feature","properties":{"wassersumme":220},"geometry":{"type":"Polygon","coordinates":[[[12.3083216536,51.32919132460364],[12.308313193785763,51.329189607054275],[12.308307965334366,51.32918511045196],[12.308307965336025,51.32917955234644],[12.308313193788447,51.32917505574512],[12.3083216536,51.329173338196355],[12.308330113411552,51.32917505574512],[12.308335341863973,51.32917955234644],[12.308335341865632,51.32918511045196],[12.308330113414238,51.329189607054275],[12.3083216536,51.32919132460364]]]}},{"type":"Feature","properties":{"wassersumme":240},"geometry":{"type":"Polygon","coordinates":[[[12.3080944442,51.32911936280363],[12.308085984399039,51.329117645254264],[12.308080755955848,51.329113148651956],[12.308080755957509,51.32910759054644],[12.308085984401725,51.32910309394512],[12.3080944442,51.32910137639636],[12.308102903998277,51.32910309394512],[12.308108132442493,51.32910759054644],[12.30810813244415,51.329113148651956],[12.308102904000963,51.329117645254264],[12.3080944442,51.32911936280363]]]}},{"type":"Feature","properties":{"wassersumme":420},"geometry":{"type":"Polygon","coordinates":[[[12.307711909,51.32896638830363],[12.30770344922726,51.32896467075425],[12.307698220801512,51.32896017415195],[12.307698220803172,51.32895461604643],[12.307703449229944,51.32895011944511],[12.307711909,51.328948401896355],[12.307720368770054,51.32895011944511],[12.307725597196828,51.32895461604643],[12.307725597198486,51.32896017415195],[12.307720368772738,51.32896467075425],[12.307711909,51.32896638830363]]]}},{"type":"Feature","properties":{"wassersumme":420},"geometry":{"type":"Polygon","coordinates":[[[12.3076416155,51.32900713400364],[12.307633155719744,51.32900541645427],[12.30762792728935,51.32900091985196],[12.30762792729101,51.32899536174645],[12.307633155722428,51.32899086514512],[12.3076416155,51.32898914759637],[12.307650075277571,51.32899086514512],[12.307655303708993,51.32899536174645],[12.307655303710652,51.32900091985196],[12.307650075280257,51.32900541645427],[12.3076416155,51.32900713400364]]]}},{"type":"Feature","properties":{"wassersumme":335},"geometry":{"type":"Polygon","coordinates":[[[12.3075469247,51.32906242870364],[12.307538464909543,51.32906071115427],[12.307533236472846,51.32905621455196],[12.307533236474503,51.32905065644645],[12.307538464912229,51.32904615984513],[12.3075469247,51.329044442296365],[12.307555384487776,51.32904615984513],[12.3075606129255,51.32905065644645],[12.307560612927157,51.32905621455196],[12.30755538449046,51.32906071115427],[12.3075469247,51.32906242870364]]]}},{"type":"Feature","properties":{"wassersumme":300},"geometry":{"type":"Polygon","coordinates":[[[12.3073478324,51.329177021603634],[12.307339372588403,51.32917530405427],[12.307334144138636,51.32917080745196],[12.307334144140297,51.329165249346445],[12.307339372591086,51.32916075274513],[12.3073478324,51.32915903519637],[12.307356292208915,51.32916075274513],[12.307361520659706,51.329165249346445],[12.307361520661367,51.32917080745196],[12.3073562922116,51.32917530405427],[12.3073478324,51.329177021603634]]]}},{"type":"Feature","properties":{"wassersumme":120},"geometry":{"type":"Polygon","coordinates":[[[12.3082989728,51.329509825903635],[12.308290512926998,51.32950810835427],[12.308285284439288,51.32950361175196],[12.308285284440947,51.32949805364643],[12.308290512929682,51.329493557045126],[12.3082989728,51.32949183949636],[12.308307432670313,51.329493557045126],[12.308312661159052,51.32949805364643],[12.30831266116071,51.32950361175196],[12.308307432672997,51.32950810835427],[12.3082989728,51.329509825903635]]]}},{"type":"Feature","properties":{"wassersumme":120},"geometry":{"type":"Polygon","coordinates":[[[12.3081913524,51.329455005003645],[12.308182892537115,51.32945328745427],[12.308177664055654,51.329448790851956],[12.308177664057315,51.32944323274645],[12.308182892539799,51.32943873614512],[12.3081913524,51.32943701859637],[12.308199812260202,51.32943873614512],[12.308205040742687,51.32944323274645],[12.308205040744346,51.329448790851956],[12.308199812262886,51.32945328745427],[12.3081913524,51.329455005003645]]]}},{"type":"Feature","properties":{"wassersumme":120},"geometry":{"type":"Polygon","coordinates":[[[12.3080882596,51.329396420703645],[12.308079799747922,51.32939470315428],[12.308074571273142,51.32939020655196],[12.308074571274801,51.32938464844645],[12.308079799750606,51.32938015184512],[12.3080882596,51.32937843429636],[12.30809671944939,51.32938015184512],[12.308101947925199,51.32938464844645],[12.308101947926858,51.32939020655196],[12.308096719452076,51.32939470315428],[12.3080882596,51.329396420703645]]]}},{"type":"Feature","properties":{"wassersumme":420},"geometry":{"type":"Polygon","coordinates":[[[12.3073073784,51.32920343320364],[12.30729891858353,51.32920171565427],[12.307293690130754,51.32919721905196],[12.307293690132413,51.32919166094644],[12.307298918586214,51.32918716434512],[12.3073073784,51.32918544679636],[12.307315838213787,51.32918716434512],[12.30732106666759,51.32919166094644],[12.307321066669248,51.32919721905196],[12.307315838216471,51.32920171565427],[12.3073073784,51.32920343320364]]]}},{"type":"Feature","properties":{"wassersumme":280},"geometry":{"type":"Polygon","coordinates":[[[12.3058545669,51.33005430950363],[12.305846106926545,51.33005259195427],[12.305840878376747,51.330048095351955],[12.305840878378405,51.33004253724645],[12.305846106929227,51.33003804064512],[12.3058545669,51.330036323096365],[12.305863026870771,51.33003804064512],[12.305868255421593,51.33004253724645],[12.30586825542325,51.330048095351955],[12.305863026873455,51.33005259195427],[12.3058545669,51.33005430950363]]]}},{"type":"Feature","properties":{"wassersumme":280},"geometry":{"type":"Polygon","coordinates":[[[12.305794782599998,51.33009205810363],[12.305786322619578,51.33009034055427],[12.305781094065477,51.330085843951956],[12.305781094067136,51.33008028584645],[12.305786322622263,51.33007578924511],[12.305794782599998,51.330074071696366],[12.305803242577733,51.33007578924511],[12.305808471132861,51.33008028584645],[12.30580847113452,51.330085843951956],[12.305803242580417,51.33009034055427],[12.305794782599998,51.33009205810363]]]}},{"type":"Feature","properties":{"wassersumme":330},"geometry":{"type":"Polygon","coordinates":[[[12.3056149903,51.33019809820364],[12.305606530300015,51.33019638065428],[12.305601301733821,51.33019188405196],[12.30560130173548,51.33018632594645],[12.305606530302699,51.33018182934513],[12.3056149903,51.330180111796366],[12.3056234502973,51.33018182934513],[12.305628678864519,51.33018632594645],[12.305628678866178,51.33019188405196],[12.305623450299985,51.33019638065428],[12.3056149903,51.33019809820364]]]}},{"type":"Feature","properties":{"wassersumme":540},"geometry":{"type":"Polygon","coordinates":[[[12.3054966457,51.33026984570363],[12.305488185686778,51.330268128154266],[12.305482957112401,51.33026363155195],[12.305482957114062,51.33025807344644],[12.305488185689462,51.33025357684512],[12.3054966457,51.33025185929635],[12.305505105710537,51.33025357684512],[12.30551033428594,51.33025807344644],[12.305510334287597,51.33026363155195],[12.305505105713223,51.330268128154266],[12.3054966457,51.33026984570363]]]}},{"type":"Feature","properties":{"wassersumme":160},"geometry":{"type":"Polygon","coordinates":[[[12.3053125954,51.33046069220364],[12.305304135351566,51.33045897465427],[12.305298906755427,51.33045447805196],[12.305298906757088,51.330448919946434],[12.30530413535425,51.33044442334513],[12.3053125954,51.330442705796365],[12.305321055445749,51.33044442334513],[12.30532628404291,51.330448919946434],[12.305326284044572,51.33045447805196],[12.305321055448434,51.33045897465427],[12.3053125954,51.33046069220364]]]}},{"type":"Feature","properties":{"wassersumme":530},"geometry":{"type":"Polygon","coordinates":[[[12.305252713,51.33041443280363],[12.3052442529601,51.33041271525426],[12.305239024369238,51.330408218651954],[12.305239024370897,51.33040266054644],[12.305244252962783,51.33039816394512],[12.305252713,51.33039644639636],[12.305261173037213,51.33039816394512],[12.305266401629101,51.33040266054644],[12.305266401630762,51.330408218651954],[12.305261173039897,51.33041271525426],[12.305252713,51.33041443280363]]]}},{"type":"Feature","properties":{"wassersumme":60},"geometry":{"type":"Polygon","coordinates":[[[12.3051609365,51.33054966080363],[12.30515247643515,51.33054794325427],[12.305147247828868,51.33054344665195],[12.30514724783053,51.33053788854644],[12.305152476437835,51.33053339194511],[12.3051609365,51.330531674396354],[12.305169396562166,51.33053339194511],[12.305174625169473,51.33053788854644],[12.305174625171132,51.33054344665195],[12.30516939656485,51.33054794325427],[12.3051609365,51.33054966080363]]]}},{"type":"Feature","properties":{"wassersumme":240},"geometry":{"type":"Polygon","coordinates":[[[12.3050385434,51.33053865820363],[12.30503008333718,51.33053694065426],[12.305024854732153,51.33053244405197],[12.305024854733812,51.33052688594644],[12.305030083339863,51.33052238934512],[12.3050385434,51.33052067179636],[12.305047003460137,51.33052238934512],[12.305052232066188,51.33052688594644],[12.305052232067847,51.33053244405197],[12.305047003462821,51.33053694065426],[12.3050385434,51.33053865820363]]]}},{"type":"Feature","properties":{"wassersumme":60},"geometry":{"type":"Polygon","coordinates":[[[12.305060941,51.33060716980363],[12.305052480924541,51.33060545225427],[12.305047252311702,51.33060095565196],[12.30504725231336,51.33059539754644],[12.305052480927223,51.33059090094512],[12.305060941,51.330589183396356],[12.305069401072776,51.33059090094512],[12.305074629686644,51.33059539754644],[12.305074629688301,51.33060095565196],[12.305069401075462,51.33060545225427],[12.305060941,51.33060716980363]]]}},{"type":"Feature","properties":{"wassersumme":180},"geometry":{"type":"Polygon","coordinates":[[[12.3049478439,51.33059188410363],[12.30493938382736,51.330590166554266],[12.304934155216264,51.33058566995196],[12.304934155217923,51.33058011184643],[12.304939383830046,51.33057561524511],[12.3049478439,51.330573897696354],[12.304956303969957,51.33057561524511],[12.304961532582078,51.33058011184643],[12.30496153258374,51.33058566995196],[12.304956303972642,51.330590166554266],[12.3049478439,51.33059188410363]]]}},{"type":"Feature","properties":{"wassersumme":40},"geometry":{"type":"Polygon","coordinates":[[[12.3047880347,51.33068516160363],[12.30477957461015,51.330683444054266],[12.304774345988415,51.33067894745195],[12.304774345990076,51.33067338934643],[12.304779574612834,51.3306688927451],[12.3047880347,51.330667175196346],[12.304796494787166,51.3306688927451],[12.304801723409925,51.33067338934643],[12.304801723411586,51.33067894745195],[12.304796494789851,51.330683444054266],[12.3047880347,51.33068516160363]]]}},{"type":"Feature","properties":{"wassersumme":60},"geometry":{"type":"Polygon","coordinates":[[[12.304681551899998,51.33083120340363],[12.304673091783203,51.33082948585427],[12.304667863144815,51.330824989251965],[12.304667863146474,51.33081943114644],[12.304673091785887,51.33081493454512],[12.304681551899998,51.330813216996354],[12.30469001201411,51.33081493454512],[12.30469524065352,51.33081943114644],[12.304695240655182,51.330824989251965],[12.304690012016795,51.33082948585427],[12.304681551899998,51.33083120340363]]]}},{"type":"Feature","properties":{"wassersumme":60},"geometry":{"type":"Polygon","coordinates":[[[12.4251254278,51.30948396810364],[12.425116971619545,51.30948225055426],[12.425111745413954,51.30947775395195],[12.42511174541561,51.30947219584644],[12.42511697162223,51.30946769924512],[12.4251254278,51.309465981696356],[12.42513388397777,51.30946769924512],[12.425139110184391,51.30947219584644],[12.425139110186047,51.30947775395195],[12.425133883980454,51.30948225055426],[12.4251254278,51.30948396810364]]]}},{"type":"Feature","properties":{"wassersumme":80},"geometry":{"type":"Polygon","coordinates":[[[12.254379413,51.320875805403624],[12.25437095471954,51.32087408785428],[12.254365727216072,51.32086959125196],[12.254365727217731,51.32086403314645],[12.254370954722225,51.320859536545115],[12.254379413,51.320857818996366],[12.254387871277778,51.320859536545115],[12.254393098782272,51.32086403314645],[12.254393098783929,51.32086959125196],[12.25438787128046,51.32087408785428],[12.254379413,51.320875805403624]]]}},{"type":"Feature","properties":{"wassersumme":50},"geometry":{"type":"Polygon","coordinates":[[[12.292379117099998,51.306959533303626],[12.29237066138472,51.30695781575427],[12.292365435466621,51.30695331915195],[12.292365435468279,51.30694776104644],[12.292370661387404,51.30694326444512],[12.292379117099998,51.30694154689636],[12.292387572812594,51.30694326444512],[12.292392798731717,51.30694776104644],[12.292392798733376,51.30695331915195],[12.292387572815274,51.30695781575427],[12.292379117099998,51.306959533303626]]]}},{"type":"Feature","properties":{"wassersumme":50},"geometry":{"type":"Polygon","coordinates":[[[12.2925866645,51.306995185103624],[12.292578208778155,51.30699346755428],[12.292572982855996,51.30698897095196],[12.292572982857655,51.30698341284644],[12.292578208780837,51.30697891624511],[12.2925866645,51.306977198696366],[12.292595120219167,51.30697891624511],[12.29260034614235,51.30698341284644],[12.292600346144008,51.30698897095196],[12.292595120221847,51.30699346755428],[12.2925866645,51.306995185103624]]]}},{"type":"Feature","properties":{"wassersumme":320},"geometry":{"type":"Polygon","coordinates":[[[12.2928784341,51.30699932630365],[12.292869978377393,51.30699760875427],[12.292864752454761,51.306993112151964],[12.292864752456419,51.30698755404645],[12.292869978380073,51.30698305744512],[12.2928784341,51.30698133989636],[12.292886889819929,51.30698305744512],[12.292892115743586,51.30698755404645],[12.292892115745241,51.306993112151964],[12.292886889822611,51.30699760875427],[12.2928784341,51.30699932630365]]]}},{"type":"Feature","properties":{"wassersumme":100},"geometry":{"type":"Polygon","coordinates":[[[12.293331318,51.30708931030364],[12.29332286226081,51.30708759275426],[12.29331763632793,51.307083096151956],[12.29331763632959,51.307077538046435],[12.29332286226349,51.30707304144511],[12.293331318,51.307071323896345],[12.293339773736509,51.30707304144511],[12.29334499967041,51.307077538046435],[12.293344999672067,51.307083096151956],[12.293339773739191,51.30708759275426],[12.293331318,51.30708931030364]]]}},{"type":"Feature","properties":{"wassersumme":100},"geometry":{"type":"Polygon","coordinates":[[[12.293459957299998,51.307129611403624],[12.293451501553385,51.30712789385427],[12.293446275615915,51.30712339725196],[12.293446275617574,51.307117839146436],[12.293451501556067,51.307113342545115],[12.293459957299998,51.30711162499637],[12.293468413043932,51.307113342545115],[12.293473638982425,51.307117839146436],[12.29347363898408,51.30712339725196],[12.293468413046615,51.30712789385427],[12.293459957299998,51.307129611403624]]]}},{"type":"Feature","properties":{"wassersumme":165},"geometry":{"type":"Polygon","coordinates":[[[12.2943022705,51.307307746403644],[12.294293814720561,51.30730602885428],[12.294288588762809,51.30730153225196],[12.294288588764465,51.30729597414645],[12.294293814723243,51.307291477545114],[12.2943022705,51.307289759996365],[12.294310726276755,51.307291477545114],[12.294315952235534,51.30729597414645],[12.294315952237191,51.30730153225196],[12.294310726279438,51.30730602885428],[12.2943022705,51.307307746403644]]]}},{"type":"Feature","properties":{"wassersumme":190},"geometry":{"type":"Polygon","coordinates":[[[12.398607930900003,51.338594769103636],[12.398599469350435,51.33859305155427],[12.398594239826549,51.338588554951954],[12.398594239828208,51.33858299684644],[12.39859946935312,51.33857850024512],[12.398607930900003,51.33857678269636],[12.398616392446883,51.33857850024512],[12.398621621971795,51.33858299684644],[12.398621621973454,51.338588554951954],[12.398616392449568,51.33859305155427],[12.398607930900003,51.338594769103636]]]}},{"type":"Feature","properties":{"wassersumme":160},"geometry":{"type":"Polygon","coordinates":[[[12.3989538593,51.33890888150363],[12.398945397692449,51.33890716395426],[12.398940168132729,51.338902667351945],[12.398940168134386,51.33889710924643],[12.398945397695135,51.33889261264511],[12.3989538593,51.338890895096355],[12.398962320904864,51.33889261264511],[12.398967550465612,51.33889710924643],[12.398967550467273,51.338902667351945],[12.39896232090755,51.33890716395426],[12.3989538593,51.33890888150363]]]}},{"type":"Feature","properties":{"wassersumme":100},"geometry":{"type":"Polygon","coordinates":[[[12.292717287200002,51.30700666150363],[12.292708831476041,51.30700494395427],[12.292703605552575,51.30700044735196],[12.29270360555423,51.30699488924644],[12.292708831478723,51.306990392645105],[12.292717287200002,51.306988675096356],[12.292725742921283,51.306990392645105],[12.292730968845772,51.30699488924644],[12.29273096884743,51.30700044735196],[12.292725742923965,51.30700494395427],[12.292717287200002,51.30700666150363]]]}},{"type":"Feature","properties":{"wassersumme":355},"geometry":{"type":"Polygon","coordinates":[[[12.3184908163,51.34461051800362],[12.318482353639785,51.34460880045426],[12.318477123429476,51.344604303851945],[12.318477123431139,51.34459874574643],[12.31848235364247,51.34459424914511],[12.3184908163,51.34459253159635],[12.31849927895753,51.34459424914511],[12.318504509168864,51.34459874574643],[12.318504509170523,51.344604303851945],[12.318499278960218,51.34460880045426],[12.3184908163,51.34461051800362]]]}},{"type":"Feature","properties":{"wassersumme":365},"geometry":{"type":"Polygon","coordinates":[[[12.3185167042,51.34454347510363],[12.318508241552161,51.34454175755427],[12.318503011349506,51.34453726095195],[12.318503011351167,51.34453170284644],[12.31850824155485,51.34452720624512],[12.3185167042,51.34452548869636],[12.31852516684515,51.34452720624512],[12.318530397048832,51.34453170284644],[12.318530397050493,51.34453726095195],[12.318525166847838,51.34454175755427],[12.3185167042,51.34454347510363]]]}},{"type":"Feature","properties":{"wassersumme":100},"geometry":{"type":"Polygon","coordinates":[[[12.3182096659,51.34472289010363],[12.318201203219031,51.344721172554266],[12.3181959729959,51.34471667595196],[12.318195972997561,51.34471111784644],[12.318201203221719,51.344706621245116],[12.3182096659,51.34470490369635],[12.318218128578279,51.344706621245116],[12.318223358802436,51.34471111784644],[12.318223358804097,51.34471667595196],[12.318218128580966,51.344721172554266],[12.3182096659,51.34472289010363]]]}},{"type":"Feature","properties":{"wassersumme":119},"geometry":{"type":"Polygon","coordinates":[[[12.3743903174,51.352141285903635],[12.374381853348883,51.35213956835427],[12.374376622278952,51.35213507175195],[12.374376622280613,51.352129513646446],[12.374381853351572,51.352125017045104],[12.3743903174,51.352123299496355],[12.37439878144843,51.352125017045104],[12.374404012519388,51.352129513646446],[12.374404012521051,51.35213507175195],[12.37439878145112,51.35213956835427],[12.3743903174,51.352141285903635]]]}},{"type":"Feature","properties":{"wassersumme":120},"geometry":{"type":"Polygon","coordinates":[[[12.3742680506,51.35198618500364],[12.374259586577534,51.35198446745427],[12.374254355525311,51.35197997085196],[12.374254355526972,51.35197441274645],[12.374259586580221,51.35196991614512],[12.3742680506,51.35196819859636],[12.374276514619776,51.35196991614512],[12.374281745673027,51.35197441274645],[12.374281745674686,51.35197997085196],[12.374276514622466,51.35198446745427],[12.3742680506,51.35198618500364]]]}},{"type":"Feature","properties":{"wassersumme":610},"geometry":{"type":"Polygon","coordinates":[[[12.305382584,51.330337104603636],[12.305374123974367,51.33033538705428],[12.305368895392325,51.330330890451954],[12.305368895393984,51.330325332346455],[12.305374123977053,51.330320835745106],[12.305382584,51.330319118196364],[12.305391044022947,51.330320835745106],[12.305396272606018,51.330325332346455],[12.305396272607677,51.330330890451954],[12.305391044025635,51.33033538705428],[12.305382584,51.330337104603636]]]}},{"type":"Feature","properties":{"wassersumme":135},"geometry":{"type":"Polygon","coordinates":[[[12.3225750891,51.32491294970363],[12.32256663007499,51.32491123215427],[12.322561402111367,51.324906735551956],[12.322561402113024,51.32490117744644],[12.322566630077675,51.32489668084512],[12.3225750891,51.324894963296366],[12.322583548122326,51.32489668084512],[12.32258877608698,51.32490117744644],[12.322588776088637,51.324906735551956],[12.32258354812501,51.32491123215427],[12.3225750891,51.32491294970363]]]}},{"type":"Feature","properties":{"wassersumme":60},"geometry":{"type":"Polygon","coordinates":[[[12.3077450716,51.329238441003625],[12.307736611777068,51.32923672345426],[12.3077313833203,51.32923222685195],[12.30773138332196,51.329226668746436],[12.307736611779756,51.329222172145116],[12.3077450716,51.32922045459635],[12.307753531420245,51.329222172145116],[12.307758759878038,51.329226668746436],[12.307758759879698,51.32923222685195],[12.30775353142293,51.32923672345426],[12.3077450716,51.329238441003625]]]}},{"type":"Feature","properties":{"wassersumme":100},"geometry":{"type":"Polygon","coordinates":[[[12.2797291882,51.31496075520363],[12.27972073101011,51.314959037654276],[12.27971550418065,51.31495454105195],[12.27971550418231,51.31494898294644],[12.279720731012791,51.31494448634511],[12.2797291882,51.314942768796364],[12.279737645387208,51.31494448634511],[12.279742872217689,51.31494898294644],[12.279742872219348,51.31495454105195],[12.279737645389888,51.314959037654276],[12.2797291882,51.31496075520363]]]}},{"type":"Feature","properties":{"wassersumme":360},"geometry":{"type":"Polygon","coordinates":[[[12.3087594017,51.32927676110363],[12.308750941870002,51.32927504355426],[12.308745713408863,51.329270546951946],[12.308745713410522,51.32926498884644],[12.308750941872686,51.32926049224511],[12.3087594017,51.32925877469635],[12.308767861527317,51.32926049224511],[12.30877308998948,51.32926498884644],[12.308773089991139,51.329270546951946],[12.30876786153,51.32927504355426],[12.3087594017,51.32927676110363]]]}},{"type":"Feature","properties":{"wassersumme":300},"geometry":{"type":"Polygon","coordinates":[[[12.308620434000002,51.329436000403625],[12.308611974140623,51.32943428285427],[12.308606745661328,51.32942978625196],[12.308606745662987,51.329424228146436],[12.308611974143307,51.329419731545116],[12.308620434000002,51.32941801399635],[12.308628893856694,51.329419731545116],[12.308634122337015,51.329424228146436],[12.308634122338672,51.32942978625196],[12.30862889385938,51.32943428285427],[12.308620434000002,51.329436000403625]]]}},{"type":"Feature","properties":{"wassersumme":320},"geometry":{"type":"Polygon","coordinates":[[[12.3085649714,51.32942699020363],[12.308556511542283,51.32942527265426],[12.308551283064018,51.32942077605196],[12.308551283065675,51.32941521794643],[12.308556511544966,51.32941072134511],[12.3085649714,51.32940900379635],[12.308573431255034,51.32941072134511],[12.308578659734325,51.32941521794643],[12.308578659735984,51.32942077605196],[12.308573431257717,51.32942527265426],[12.3085649714,51.32942699020363]]]}},{"type":"Feature","properties":{"wassersumme":240},"geometry":{"type":"Polygon","coordinates":[[[12.3083746846,51.329352100503634],[12.3083662247561,51.329350382954274],[12.308360996286373,51.32934588635195],[12.30836099628803,51.32934032824645],[12.308366224758785,51.32933583164511],[12.3083746846,51.32933411409637],[12.308383144441216,51.32933583164511],[12.308388372911967,51.32934032824645],[12.308388372913628,51.32934588635195],[12.3083831444439,51.329350382954274],[12.3083746846,51.329352100503634]]]}},{"type":"Feature","properties":{"wassersumme":250},"geometry":{"type":"Polygon","coordinates":[[[12.3083260558,51.32931221740363],[12.308317595963457,51.32931049985426],[12.308312367498278,51.32930600325194],[12.308312367499939,51.32930044514643],[12.308317595966145,51.32929594854511],[12.3083260558,51.32929423099635],[12.308334515633856,51.32929594854511],[12.308339744100063,51.32930044514643],[12.308339744101723,51.32930600325194],[12.308334515636544,51.32931049985426],[12.3083260558,51.32931221740363]]]}},{"type":"Feature","properties":{"wassersumme":180},"geometry":{"type":"Polygon","coordinates":[[[12.3084052049,51.32930900070363],[12.308396745064053,51.329307283154264],[12.30839151659924,51.32930278655196],[12.3083915166009,51.329297228446435],[12.308396745066737,51.329292731845115],[12.3084052049,51.32929101429635],[12.308413664733266,51.329292731845115],[12.308418893199102,51.329297228446435],[12.308418893200763,51.32930278655196],[12.30841366473595,51.329307283154264],[12.3084052049,51.32930900070363]]]}},{"type":"Feature","properties":{"wassersumme":240},"geometry":{"type":"Polygon","coordinates":[[[12.308545572599998,51.32929495960364],[12.308537112766642,51.32929324205427],[12.308531884303427,51.32928874545196],[12.308531884305088,51.32928318734644],[12.308537112769326,51.32927869074512],[12.308545572599998,51.329276973196365],[12.308554032430672,51.32927869074512],[12.30855926089491,51.32928318734644],[12.308559260896569,51.32928874545196],[12.308554032433356,51.32929324205427],[12.308545572599998,51.32929495960364]]]}},{"type":"Feature","properties":{"wassersumme":350},"geometry":{"type":"Polygon","coordinates":[[[12.3086824376,51.32924513090363],[12.308673977775834,51.32924341335427],[12.308668749318302,51.329238916751954],[12.308668749319963,51.32923335864645],[12.308673977778518,51.32922886204511],[12.3086824376,51.32922714449636],[12.30869089742148,51.32922886204511],[12.308696125880036,51.32923335864645],[12.308696125881696,51.329238916751954],[12.308690897424166,51.32924341335427],[12.3086824376,51.32924513090363]]]}},{"type":"Feature","properties":{"wassersumme":390},"geometry":{"type":"Polygon","coordinates":[[[12.3086784104,51.32918153950364],[12.308669950587568,51.32917982195427],[12.308664722137289,51.32917532535196],[12.308664722138948,51.329169767246434],[12.308669950590254,51.32916527064511],[12.3086784104,51.329163553096365],[12.30868687020975,51.32916527064511],[12.308692098661053,51.329169767246434],[12.308692098662714,51.32917532535196],[12.308686870212433,51.32917982195427],[12.3086784104,51.32918153950364]]]}},{"type":"Feature","properties":{"wassersumme":410},"geometry":{"type":"Polygon","coordinates":[[[12.3086328418,51.32921439980363],[12.308624381981504,51.32921268225427],[12.308619153527479,51.32920818565195],[12.308619153529136,51.32920262754645],[12.30862438198419,51.32919813094511],[12.3086328418,51.32919641339636],[12.30864130161581,51.32919813094511],[12.308646530070865,51.32920262754645],[12.308646530072522,51.32920818565195],[12.308641301618497,51.32921268225427],[12.3086328418,51.32921439980363]]]}},{"type":"Feature","properties":{"wassersumme":290},"geometry":{"type":"Polygon","coordinates":[[[12.3085764654,51.329184232203616],[12.308568005587068,51.329182514654256],[12.308562777136483,51.329178018051955],[12.30856277713814,51.329172459946435],[12.308568005589752,51.32916796334511],[12.3085764654,51.32916624579635],[12.308584925210244,51.32916796334511],[12.308590153661855,51.329172459946435],[12.308590153663516,51.329178018051955],[12.308584925212928,51.329182514654256],[12.3085764654,51.329184232203616]]]}},{"type":"Feature","properties":{"wassersumme":250},"geometry":{"type":"Polygon","coordinates":[[[12.308358138,51.32922040520365],[12.308349678180395,51.329218687654276],[12.308344449725684,51.329214191051975],[12.308344449727342,51.32920863294644],[12.30834967818308,51.329204136345126],[12.308358138,51.32920241879637],[12.308366597816915,51.329204136345126],[12.308371826272651,51.32920863294644],[12.308371826274312,51.329214191051975],[12.3083665978196,51.329218687654276],[12.308358138,51.32922040520365]]]}},{"type":"Feature","properties":{"wassersumme":240},"geometry":{"type":"Polygon","coordinates":[[[12.3082667329,51.329212277203624],[12.308258273081899,51.32921055965427],[12.308253044628113,51.329206063051956],[12.308253044629772,51.329200504946435],[12.308258273084583,51.329196008345114],[12.3082667329,51.329194290796366],[12.308275192715419,51.329196008345114],[12.30828042117023,51.329200504946435],[12.308280421171887,51.329206063051956],[12.308275192718105,51.32921055965427],[12.3082667329,51.329212277203624]]]}},{"type":"Feature","properties":{"wassersumme":310},"geometry":{"type":"Polygon","coordinates":[[[12.3082558795,51.329162289903635],[12.308247419691119,51.32916057235427],[12.308242191243034,51.329156075751946],[12.308242191244695,51.32915051764644],[12.308247419693805,51.329146021045105],[12.3082558795,51.32914430349635],[12.308264339306197,51.329146021045105],[12.308269567755307,51.32915051764644],[12.308269567756964,51.329156075751946],[12.30826433930888,51.32916057235427],[12.3082558795,51.329162289903635]]]}},{"type":"Feature","properties":{"wassersumme":790},"geometry":{"type":"Polygon","coordinates":[[[12.308207260500001,51.329181048903635],[12.30819880068766,51.329179331354275],[12.308193572237434,51.32917483475196],[12.308193572239094,51.32916927664643],[12.308198800690343,51.32916478004511],[12.308207260500001,51.32916306249635],[12.308215720309658,51.32916478004511],[12.308220948760907,51.32916927664643],[12.308220948762568,51.32917483475196],[12.308215720312342,51.329179331354275],[12.308207260500001,51.329181048903635]]]}},{"type":"Feature","properties":{"wassersumme":280},"geometry":{"type":"Polygon","coordinates":[[[12.308170536900002,51.32915115320363],[12.308162077093174,51.32914943565428],[12.308156848646359,51.329144939051965],[12.30815684864802,51.329139380946444],[12.30816207709586,51.329134884345116],[12.308170536900002,51.32913316679637],[12.308178996704145,51.329134884345116],[12.308184225151983,51.329139380946444],[12.308184225153644,51.329144939051965],[12.308178996706829,51.32914943565428],[12.308170536900002,51.32915115320363]]]}},{"type":"Feature","properties":{"wassersumme":120},"geometry":{"type":"Polygon","coordinates":[[[12.3078776462,51.32927888000364],[12.30786918636961,51.32927716245428],[12.30786395790823,51.32927266585195],[12.30786395790989,51.329267107746446],[12.307869186372296,51.32926261114512],[12.3078776462,51.32926089359637],[12.307886106027707,51.32926261114512],[12.30789133449011,51.329267107746446],[12.307891334491773,51.32927266585195],[12.307886106030391,51.32927716245428],[12.3078776462,51.32927888000364]]]}},{"type":"Feature","properties":{"wassersumme":25},"geometry":{"type":"Polygon","coordinates":[[[12.2544872066,51.32095242410363],[12.254478748305411,51.320950706554264],[12.25447352079321,51.32094620995195],[12.25447352079487,51.320940651846435],[12.254478748308097,51.32093615524511],[12.2544872066,51.32093443769635],[12.254495664891904,51.32093615524511],[12.25450089240513,51.320940651846435],[12.25450089240679,51.32094620995195],[12.25449566489459,51.320950706554264],[12.2544872066,51.32095242410363]]]}},{"type":"Feature","properties":{"wassersumme":75},"geometry":{"type":"Polygon","coordinates":[[[12.2905412836,51.32492626730364],[12.290532824572532,51.32492454975428],[12.290527596607388,51.32492005315196],[12.29052759660905,51.32491449504645],[12.290532824575218,51.32490999844512],[12.2905412836,51.324908280896366],[12.290549742624783,51.32490999844512],[12.29055497059095,51.32491449504645],[12.290554970592611,51.32492005315196],[12.290549742627467,51.32492454975428],[12.2905412836,51.32492626730364]]]}},{"type":"Feature","properties":{"wassersumme":75},"geometry":{"type":"Polygon","coordinates":[[[12.2901016268,51.32522610340364],[12.290093167717231,51.325224385854284],[12.290087939717905,51.32521988925197],[12.290087939719564,51.32521433114645],[12.290093167719913,51.32520983454512],[12.2901016268,51.325208116996365],[12.290110085880086,51.32520983454512],[12.290115313880436,51.32521433114645],[12.290115313882094,51.32521988925197],[12.290110085882771,51.325224385854284],[12.2901016268,51.32522610340364]]]}},{"type":"Feature","properties":{"wassersumme":75},"geometry":{"type":"Polygon","coordinates":[[[12.2899959829,51.325286342603626],[12.289987523806117,51.32528462505426],[12.289982295799929,51.32528012845194],[12.289982295801586,51.32527457034644],[12.289987523808803,51.32527007374511],[12.2899959829,51.32526835619636],[12.290004441991197,51.32527007374511],[12.290009669998412,51.32527457034644],[12.290009670000073,51.32528012845194],[12.290004441993881,51.32528462505426],[12.2899959829,51.325286342603626]]]}},{"type":"Feature","properties":{"wassersumme":75},"geometry":{"type":"Polygon","coordinates":[[[12.2902060366,51.32516370340363],[12.290197577528739,51.325161985854265],[12.29019234953653,51.32515748925195],[12.290192349538188,51.32515193114645],[12.290197577531424,51.32514743454512],[12.2902060366,51.32514571699636],[12.290214495668577,51.32514743454512],[12.290219723661812,51.32515193114645],[12.290219723663471,51.32515748925195],[12.290214495671263,51.325161985854265],[12.2902060366,51.32516370340363]]]}},{"type":"Feature","properties":{"wassersumme":20},"geometry":{"type":"Polygon","coordinates":[[[12.3278356581,51.314443823703634],[12.327827201005404,51.31444210615427],[12.327821974234837,51.314437609551966],[12.327821974236493,51.31443205144644],[12.327827201008086,51.31442755484511],[12.3278356581,51.314425837296355],[12.327844115191917,51.31442755484511],[12.327849341963509,51.31443205144644],[12.327849341965166,51.314437609551966],[12.3278441151946,51.31444210615427],[12.3278356581,51.314443823703634]]]}},{"type":"Feature","properties":{"wassersumme":75},"geometry":{"type":"Polygon","coordinates":[[[12.2903909429,51.32505199520364],[12.290382483849344,51.32505027765427],[12.290377255869867,51.325045781051955],[12.290377255871528,51.325040222946434],[12.290382483852028,51.325035726345114],[12.2903909429,51.32503400879635],[12.290399401947973,51.325035726345114],[12.290404629928474,51.325040222946434],[12.290404629930132,51.325045781051955],[12.290399401950655,51.32505027765427],[12.2903909429,51.32505199520364]]]}},{"type":"Feature","properties":{"wassersumme":75},"geometry":{"type":"Polygon","coordinates":[[[12.2904732759,51.32499462750363],[12.290464816859926,51.32499290995426],[12.290459588886987,51.32498841335195],[12.290459588888647,51.32498285524644],[12.290464816862608,51.32497835864512],[12.2904732759,51.324976641096356],[12.290481734937392,51.32497835864512],[12.290486962911352,51.32498285524644],[12.29048696291301,51.32498841335195],[12.290481734940075,51.32499290995426],[12.2904732759,51.32499462750363]]]}},{"type":"Feature","properties":{"wassersumme":75},"geometry":{"type":"Polygon","coordinates":[[[12.2905831354,51.32485133160363],[12.290574676386356,51.32484961405429],[12.290569448429753,51.324845117451964],[12.290569448431413,51.32483955934645],[12.290574676389038,51.32483506274512],[12.2905831354,51.32483334519637],[12.290591594410962,51.32483506274512],[12.29059682236859,51.32483955934645],[12.290596822370247,51.324845117451964],[12.290591594413645,51.32484961405429],[12.2905831354,51.32485133160363]]]}},{"type":"Feature","properties":{"wassersumme":150},"geometry":{"type":"Polygon","coordinates":[[[12.2919641279,51.32400512000363],[12.291955669042432,51.324003402454274],[12.29195044118229,51.32399890585195],[12.291950441183948,51.323993347746445],[12.291955669045114,51.3239888511451],[12.2919641279,51.323987133596354],[12.291972586754884,51.3239888511451],[12.291977814616049,51.323993347746445],[12.29197781461771,51.32399890585195],[12.291972586757566,51.324003402454274],[12.2919641279,51.32400512000363]]]}},{"type":"Feature","properties":{"wassersumme":50},"geometry":{"type":"Polygon","coordinates":[[[12.2921669646,51.32398206470363],[12.292158505746686,51.32398034715426],[12.292153277889172,51.323975850551946],[12.29215327789083,51.32397029244644],[12.292158505749368,51.32396579584511],[12.2921669646,51.32396407829635],[12.292175423450633,51.32396579584511],[12.292180651309172,51.32397029244644],[12.29218065131083,51.323975850551946],[12.292175423453315,51.32398034715426],[12.2921669646,51.32398206470363]]]}},{"type":"Feature","properties":{"wassersumme":50},"geometry":{"type":"Polygon","coordinates":[[[12.2921086897,51.32393040420363],[12.292100230856212,51.32392868665427],[12.292095003004588,51.323924190051954],[12.292095003006246,51.32391863194644],[12.292100230858896,51.32391413534512],[12.2921086897,51.32391241779637],[12.292117148541102,51.32391413534512],[12.292122376393753,51.32391863194644],[12.292122376395412,51.323924190051954],[12.292117148543788,51.32392868665427],[12.2921086897,51.32393040420363]]]}},{"type":"Feature","properties":{"wassersumme":50},"geometry":{"type":"Polygon","coordinates":[[[12.292050325199998,51.32388026620364],[12.292041866365459,51.32387854865427],[12.29203663851955,51.323874052051956],[12.292036638521207,51.32386849394645],[12.292041866368145,51.32386399734512],[12.292050325199998,51.32386227979636],[12.292058784031857,51.32386399734512],[12.292064011878791,51.32386849394645],[12.29206401188045,51.323874052051956],[12.292058784034541,51.32387854865427],[12.292050325199998,51.32388026620364]]]}},{"type":"Feature","properties":{"wassersumme":50},"geometry":{"type":"Polygon","coordinates":[[[12.2919980993,51.32383331940363],[12.291989640474117,51.323831601854266],[12.291984412633559,51.32382710525196],[12.291984412635218,51.32382154714643],[12.2919896404768,51.32381705054511],[12.2919980993,51.32381533299636],[12.292006558123196,51.32381705054511],[12.29201178596478,51.32382154714643],[12.29201178596644,51.32382710525196],[12.292006558125882,51.323831601854266],[12.2919980993,51.32383331940363]]]}},{"type":"Feature","properties":{"wassersumme":60},"geometry":{"type":"Polygon","coordinates":[[[12.416952263499999,51.34234279360363],[12.416943801258505,51.34234107605426],[12.416938571306982,51.34233657945196],[12.416938571308643,51.34233102134644],[12.41694380126119,51.34232652474512],[12.416952263499999,51.34232480719635],[12.416960725738809,51.34232652474512],[12.416965955691357,51.34233102134644],[12.41696595569302,51.34233657945196],[12.416960725741498,51.34234107605426],[12.416952263499999,51.34234279360363]]]}},{"type":"Feature","properties":{"wassersumme":110},"geometry":{"type":"Polygon","coordinates":[[[12.3276699342,51.314539425203634],[12.327661477087778,51.31453770765427],[12.327656250306319,51.31453321105195],[12.327656250307976,51.31452765294643],[12.327661477090459,51.31452315634511],[12.3276699342,51.31452143879635],[12.327678391309538,51.31452315634511],[12.32768361809202,51.31452765294643],[12.327683618093678,51.31453321105195],[12.327678391312219,51.31453770765427],[12.3276699342,51.314539425203634]]]}},{"type":"Feature","properties":{"wassersumme":100},"geometry":{"type":"Polygon","coordinates":[[[12.3073214038,51.329280116303636],[12.307312943969382,51.329278398754276],[12.30730771550786,51.32927390215196],[12.307307715509522,51.32926834404645],[12.307312943972066,51.32926384744512],[12.3073214038,51.329262129896364],[12.307329863627933,51.32926384744512],[12.307335092090478,51.32926834404645],[12.307335092092138,51.32927390215196],[12.307329863630619,51.329278398754276],[12.3073214038,51.329280116303636]]]}},{"type":"Feature","properties":{"wassersumme":240},"geometry":{"type":"Polygon","coordinates":[[[12.3084878493,51.32939805450363],[12.308479389447623,51.329396336954254],[12.308474160972656,51.32939184035195],[12.308474160974315,51.32938628224643],[12.308479389450307,51.32938178564511],[12.3084878493,51.329380068096356],[12.308496309149694,51.32938178564511],[12.308501537625688,51.32938628224643],[12.308501537627345,51.32939184035195],[12.30849630915238,51.329396336954254],[12.3084878493,51.32939805450363]]]}},{"type":"Feature","properties":{"wassersumme":240},"geometry":{"type":"Polygon","coordinates":[[[12.3084347427,51.329375787003634],[12.308426282851729,51.32937406945428],[12.308421054379302,51.32936957285195],[12.308421054380961,51.329364014746446],[12.308426282854416,51.32935951814512],[12.3084347427,51.32935780059636],[12.308443202545584,51.32935951814512],[12.30844843101904,51.329364014746446],[12.308448431020699,51.32936957285195],[12.308443202548272,51.32937406945428],[12.3084347427,51.329375787003634]]]}},{"type":"Feature","properties":{"wassersumme":240},"geometry":{"type":"Polygon","coordinates":[[[12.308460096299997,51.32933265840364],[12.308451636459687,51.32933094085428],[12.308446407992175,51.329326444251954],[12.308446407993834,51.32932088614645],[12.30845163646237,51.32931638954512],[12.308460096299997,51.329314671996364],[12.308468556137628,51.32931638954512],[12.308473784606164,51.32932088614645],[12.308473784607825,51.329326444251954],[12.308468556140312,51.32933094085428],[12.308460096299997,51.32933265840364]]]}},{"type":"Feature","properties":{"wassersumme":310},"geometry":{"type":"Polygon","coordinates":[[[12.3082442189,51.32926329600364],[12.308235759072483,51.329261578454265],[12.308230530612882,51.329257081851964],[12.30823053061454,51.32925152374644],[12.308235759075167,51.329247027145115],[12.3082442189,51.32924530959637],[12.30825267872483,51.329247027145115],[12.308257907185457,51.32925152374644],[12.308257907187118,51.329257081851964],[12.308252678727515,51.329261578454265],[12.3082442189,51.32926329600364]]]}},{"type":"Feature","properties":{"wassersumme":120},"geometry":{"type":"Polygon","coordinates":[[[12.307980439899998,51.32933520910363],[12.307971980059216,51.329333491554266],[12.307966751591415,51.32932899495195],[12.307966751593073,51.32932343684643],[12.3079719800619,51.32931894024511],[12.307980439899998,51.32931722269636],[12.307988899738099,51.32931894024511],[12.307994128206925,51.32932343684643],[12.307994128208584,51.32932899495195],[12.307988899740783,51.329333491554266],[12.307980439899998,51.32933520910363]]]}},{"type":"Feature","properties":{"wassersumme":80},"geometry":{"type":"Polygon","coordinates":[[[12.3094939103,51.32871730080364],[12.309485450573213,51.32871558325427],[12.309480222175868,51.328711086651964],[12.309480222177529,51.328705528546436],[12.309485450575899,51.32870103194511],[12.3094939103,51.32869931439635],[12.309502370024102,51.32870103194511],[12.309507598422474,51.328705528546436],[12.309507598424133,51.328711086651964],[12.309502370026788,51.32871558325427],[12.3094939103,51.32871730080364]]]}},{"type":"Feature","properties":{"wassersumme":90},"geometry":{"type":"Polygon","coordinates":[[[12.2558816237,51.321482508103635],[12.25587316530766,51.32148079055427],[12.255867937735047,51.32147629395196],[12.255867937736705,51.321470735846425],[12.255873165310344,51.321466239245105],[12.2558816237,51.32146452169634],[12.255890082089657,51.321466239245105],[12.255895309663297,51.321470735846425],[12.255895309664956,51.32147629395196],[12.25589008209234,51.32148079055427],[12.2558816237,51.321482508103635]]]}},{"type":"Feature","properties":{"wassersumme":300},"geometry":{"type":"Polygon","coordinates":[[[12.321221656999999,51.322264418403634],[12.321213198463463,51.32226270085425],[12.321207970801732,51.322258204251945],[12.32120797080339,51.32225264614644],[12.321213198466147,51.32224814954512],[12.321221656999999,51.32224643199635],[12.321230115533849,51.32224814954512],[12.321235343196607,51.32225264614644],[12.321235343198268,51.322258204251945],[12.321230115536535,51.32226270085425],[12.321221656999999,51.322264418403634]]]}},{"type":"Feature","properties":{"wassersumme":300},"geometry":{"type":"Polygon","coordinates":[[[12.3208523179,51.32163419930363],[12.320843859479687,51.321632481754264],[12.320838631889785,51.32162798515196],[12.320838631891442,51.321622427046435],[12.32084385948237,51.321617930445115],[12.3208523179,51.321616212896345],[12.32086077631763,51.321617930445115],[12.320866003908556,51.321622427046435],[12.320866003910217,51.32162798515196],[12.320860776320314,51.321632481754264],[12.3208523179,51.32163419930363]]]}},{"type":"Feature","properties":{"wassersumme":300},"geometry":{"type":"Polygon","coordinates":[[[12.3209683569,51.32174892240364],[12.32095989845853,51.321747204854276],[12.320954670855553,51.32174270825197],[12.32095467085721,51.32173715014645],[12.320959898461215,51.32173265354511],[12.3209683569,51.32173093599636],[12.320976815338785,51.32173265354511],[12.320982042942788,51.32173715014645],[12.320982042944447,51.32174270825197],[12.320976815341469,51.321747204854276],[12.3209683569,51.32174892240364]]]}},{"type":"Feature","properties":{"wassersumme":300},"geometry":{"type":"Polygon","coordinates":[[[12.3210325561,51.32178277080364],[12.32102409765229,51.321781053254256],[12.321018870045453,51.321776556651955],[12.321018870047114,51.32177099854644],[12.321024097654973,51.32176650194511],[12.3210325561,51.32176478439635],[12.32104101454503,51.32176650194511],[12.321046242152889,51.32177099854644],[12.32104624215455,51.321776556651955],[12.321041014547713,51.321781053254256],[12.3210325561,51.32178277080364]]]}},{"type":"Feature","properties":{"wassersumme":300},"geometry":{"type":"Polygon","coordinates":[[[12.3209697277,51.321809124703634],[12.320961269247428,51.32180740715427],[12.320956041637588,51.32180291055195],[12.32095604163925,51.321797352446445],[12.320961269250112,51.32179285584512],[12.3209697277,51.32179113829636],[12.320978186149889,51.32179285584512],[12.320983413760755,51.321797352446445],[12.320983413762413,51.32180291055195],[12.320978186152573,51.32180740715427],[12.3209697277,51.321809124703634]]]}},{"type":"Feature","properties":{"wassersumme":500},"geometry":{"type":"Polygon","coordinates":[[[12.3217173879,51.322617720403635],[12.32170892929831,51.32261600285426],[12.32170370159631,51.32261150625195],[12.321703701597967,51.32260594814644],[12.321708929300993,51.32260145154512],[12.3217173879,51.322599733996356],[12.321725846499008,51.32260145154512],[12.321731074202033,51.32260594814644],[12.321731074203694,51.32261150625195],[12.32172584650169,51.32261600285426],[12.3217173879,51.322617720403635]]]}},{"type":"Feature","properties":{"wassersumme":500},"geometry":{"type":"Polygon","coordinates":[[[12.3215374773,51.32266783820363],[12.321529018689066,51.32266612065427],[12.321523790981352,51.32266162405195],[12.321523790983013,51.32265606594644],[12.321529018691749,51.32265156934512],[12.3215374773,51.32264985179637],[12.321545935908249,51.32265156934512],[12.321551163616988,51.32265606594644],[12.321551163618645,51.32266162405195],[12.321545935910931,51.32266612065427],[12.3215374773,51.32266783820363]]]}},{"type":"Feature","properties":{"wassersumme":500},"geometry":{"type":"Polygon","coordinates":[[[12.321469634800001,51.32259550180363],[12.321461176202407,51.322593784254266],[12.321455948502939,51.322589287651944],[12.321455948504596,51.322583729546444],[12.32146117620509,51.3225792329451],[12.321469634800001,51.322577515396354],[12.32147809339491,51.3225792329451],[12.321483321095402,51.322583729546444],[12.321483321097062,51.322589287651944],[12.321478093397594,51.322593784254266],[12.321469634800001,51.32259550180363]]]}},{"type":"Feature","properties":{"wassersumme":450},"geometry":{"type":"Polygon","coordinates":[[[12.321351310199999,51.32267014360363],[12.321342851588641,51.322668426054264],[12.321337623880664,51.322663929451956],[12.321337623882322,51.32265837134644],[12.321342851591325,51.32265387474512],[12.321351310199999,51.32265215719636],[12.321359768808675,51.32265387474512],[12.321364996517675,51.32265837134644],[12.321364996519335,51.322663929451956],[12.321359768811359,51.322668426054264],[12.321351310199999,51.32267014360363]]]}},{"type":"Feature","properties":{"wassersumme":50},"geometry":{"type":"Polygon","coordinates":[[[12.4190562693,51.32881402330364],[12.41904780955537,51.32881230575427],[12.419042581146996,51.32880780915196],[12.419042581148654,51.32880225104645],[12.419047809558055,51.32879775444511],[12.4190562693,51.32879603689636],[12.419064729041946,51.32879775444511],[12.419069957451345,51.32880225104645],[12.419069957453004,51.32880780915196],[12.41906472904463,51.32881230575427],[12.4190562693,51.32881402330364]]]}},{"type":"Feature","properties":{"wassersumme":30},"geometry":{"type":"Polygon","coordinates":[[[12.4194075429,51.328944715503646],[12.419399083131259,51.32894299795428],[12.419393854707984,51.32893850135196],[12.419393854709641,51.32893294324645],[12.419399083133943,51.32892844664513],[12.4194075429,51.328926729096366],[12.419416002666058,51.32892844664513],[12.41942123109036,51.32893294324645],[12.419421231092016,51.32893850135196],[12.419416002668743,51.32894299795428],[12.4194075429,51.328944715503646]]]}},{"type":"Feature","properties":{"wassersumme":180},"geometry":{"type":"Polygon","coordinates":[[[12.408010290299998,51.311131099203635],[12.408001833815993,51.31112938165426],[12.407996607422795,51.31112488505196],[12.407996607424451,51.31111932694644],[12.408001833818677,51.31111483034512],[12.408010290299998,51.31111311279636],[12.408018746781321,51.31111483034512],[12.408023973175546,51.31111932694644],[12.408023973177205,51.31112488505196],[12.408018746784004,51.31112938165426],[12.408010290299998,51.311131099203635]]]}},{"type":"Feature","properties":{"wassersumme":75},"geometry":{"type":"Polygon","coordinates":[[[12.2898145988,51.32539599950363],[12.289806139685892,51.32539428195426],[12.289800911667202,51.325389785351945],[12.289800911668861,51.32538422724644],[12.289806139688578,51.32537973064511],[12.2898145988,51.32537801309636],[12.289823057911423,51.32537973064511],[12.28982828593114,51.32538422724644],[12.2898282859328,51.325389785351945],[12.289823057914107,51.32539428195426],[12.2898145988,51.32539599950363]]]}},{"type":"Feature","properties":{"wassersumme":75},"geometry":{"type":"Polygon","coordinates":[[[12.289491230000001,51.32566270580364],[12.289482770836695,51.32566098825426],[12.289477542787601,51.32565649165195],[12.28947754278926,51.325650933546434],[12.289482770839381,51.325646436945114],[12.289491230000001,51.325644719396365],[12.289499689160618,51.325646436945114],[12.289504917210738,51.325650933546434],[12.2895049172124,51.32565649165195],[12.289499689163303,51.32566098825426],[12.289491230000001,51.32566270580364]]]}},{"type":"Feature","properties":{"wassersumme":75},"geometry":{"type":"Polygon","coordinates":[[[12.289573587599998,51.325581885603626],[12.289565128451603,51.325580168054266],[12.28955990041172,51.32557567145195],[12.289559900413378,51.32557011334644],[12.289565128454285,51.325565616745116],[12.289573587599998,51.325563899196354],[12.289582046745709,51.325565616745116],[12.289587274786616,51.32557011334644],[12.289587274788273,51.32557567145195],[12.289582046748391,51.325580168054266],[12.289573587599998,51.325581885603626]]]}},{"type":"Feature","properties":{"wassersumme":75},"geometry":{"type":"Polygon","coordinates":[[[12.2896329389,51.32552185420364],[12.289624479762677,51.32552013665427],[12.28961925172964,51.325515640051954],[12.289619251731297,51.32551008194644],[12.289624479765362,51.32550558534511],[12.2896329389,51.32550386779635],[12.28964139803464,51.32550558534511],[12.289646626068702,51.32551008194644],[12.289646626070361,51.325515640051954],[12.289641398037322,51.32552013665427],[12.2896329389,51.32552185420364]]]}},{"type":"Feature","properties":{"wassersumme":75},"geometry":{"type":"Polygon","coordinates":[[[12.2897193252,51.32545349360362],[12.289710866075287,51.325451776054265],[12.289705638050043,51.32544727945195],[12.289705638051702,51.32544172134645],[12.28971086607797,51.32543722474511],[12.2897193252,51.32543550719636],[12.289727784322029,51.32543722474511],[12.2897330123483,51.32544172134645],[12.289733012349958,51.32544727945195],[12.289727784324713,51.325451776054265],[12.2897193252,51.32545349360362]]]}},{"type":"Feature","properties":{"wassersumme":75},"geometry":{"type":"Polygon","coordinates":[[[12.289902773999998,51.32534345820363],[12.289894314895582,51.32534174065426],[12.28988908688288,51.325337244051944],[12.28988908688454,51.32533168594644],[12.289894314898268,51.32532718934511],[12.289902773999998,51.32532547179636],[12.289911233101732,51.32532718934511],[12.289916461115459,51.32533168594644],[12.289916461117118,51.325337244051944],[12.289911233104418,51.32534174065426],[12.289902773999998,51.32534345820363]]]}},{"type":"Feature","properties":{"wassersumme":540},"geometry":{"type":"Polygon","coordinates":[[[12.3685243023,51.329531202203626],[12.368515842423058,51.32952948465426],[12.368510613932909,51.32952498805195],[12.368510613934566,51.32951942994644],[12.368515842425742,51.329514933345116],[12.3685243023,51.329513215796354],[12.36853276217426,51.329514933345116],[12.368537990665436,51.32951942994644],[12.368537990667093,51.32952498805195],[12.368532762176944,51.32952948465426],[12.3685243023,51.329531202203626]]]}},{"type":"Feature","properties":{"wassersumme":5},"geometry":{"type":"Polygon","coordinates":[[[12.3713383226,51.329375243803646],[12.371329862751828,51.329373526254265],[12.371324634279466,51.329369029651964],[12.371324634281123,51.32936347154644],[12.371329862754516,51.329358974945116],[12.3713383226,51.32935725739635],[12.371346782445485,51.329358974945116],[12.371352010918878,51.32936347154644],[12.371352010920535,51.329369029651964],[12.37134678244817,51.329373526254265],[12.3713383226,51.329375243803646]]]}},{"type":"Feature","properties":{"wassersumme":40},"geometry":{"type":"Polygon","coordinates":[[[12.3413377841,51.331935383603614],[12.341329323779467,51.331933666054255],[12.341324095015162,51.33192916945194],[12.341324095016821,51.33192361134643],[12.341329323782151,51.33191911474511],[12.3413377841,51.33191739719636],[12.34134624441785,51.33191911474511],[12.341351473183177,51.33192361134643],[12.341351473184838,51.33192916945194],[12.341346244420533,51.331933666054255],[12.3413377841,51.331935383603614]]]}},{"type":"Feature","properties":{"wassersumme":50},"geometry":{"type":"Polygon","coordinates":[[[12.3412506994,51.33180281130363],[12.341242239103927,51.33180109375429],[12.34123701035474,51.33179659715197],[12.341237010356402,51.33179103904644],[12.341242239106611,51.33178654244512],[12.3412506994,51.331784824896374],[12.341259159693388,51.33178654244512],[12.341264388443596,51.33179103904644],[12.341264388445257,51.33179659715197],[12.341259159696072,51.33180109375429],[12.3412506994,51.33180281130363]]]}},{"type":"Feature","properties":{"wassersumme":80},"geometry":{"type":"Polygon","coordinates":[[[12.2898224223,51.36197993680364],[12.289813956430812,51.36197821925427],[12.289808724237256,51.36197372265195],[12.289808724238918,51.36196816454644],[12.289813956433502,51.36196366794512],[12.2898224223,51.36196195039637],[12.289830888166499,51.36196366794512],[12.289836120361082,51.36196816454644],[12.289836120362745,51.36197372265195],[12.289830888169188,51.36197821925427],[12.2898224223,51.36197993680364]]]}},{"type":"Feature","properties":{"wassersumme":2300},"geometry":{"type":"Polygon","coordinates":[[[12.3318672105,51.33524556030363],[12.33185874956861,51.33524384275427],[12.331853520426778,51.33523934615195],[12.331853520428439,51.33523378804644],[12.331858749571294,51.3352292914451],[12.3318672105,51.335227573896354],[12.331875671428707,51.3352292914451],[12.331880900571562,51.33523378804644],[12.331880900573223,51.33523934615195],[12.33187567143139,51.33524384275427],[12.3318672105,51.33524556030363]]]}},{"type":"Feature","properties":{"wassersumme":2300},"geometry":{"type":"Polygon","coordinates":[[[12.3317511587,51.335235991003636],[12.331742697770377,51.33523427345427],[12.331737468629635,51.33522977685196],[12.331737468631294,51.33522421874644],[12.33174269777306,51.33521972214511],[12.3317511587,51.33521800459636],[12.33175961962694,51.33521972214511],[12.331764848768705,51.33522421874644],[12.331764848770366,51.33522977685196],[12.331759619629626,51.33523427345427],[12.3317511587,51.335235991003636]]]}},{"type":"Feature","properties":{"wassersumme":9},"geometry":{"type":"Polygon","coordinates":[[[12.3372747755,51.336937003503635],[12.337266314256427,51.336935285954276],[12.337261084921655,51.33693078935195],[12.337261084923316,51.33692523124645],[12.337266314259114,51.33692073464512],[12.3372747755,51.336919017096356],[12.337283236740886,51.33692073464512],[12.337288466076682,51.33692523124645],[12.337288466078341,51.33693078935195],[12.33728323674357,51.336935285954276],[12.3372747755,51.336937003503635]]]}},{"type":"Feature","properties":{"wassersumme":50},"geometry":{"type":"Polygon","coordinates":[[[12.3169733419,51.34638318250362],[12.316964878912433,51.346381464954256],[12.316959648499815,51.346376968351954],[12.316959648501475,51.34637141024645],[12.31696487891512,51.34636691364511],[12.3169733419,51.34636519609635],[12.31698180488488,51.34636691364511],[12.316987035298526,51.34637141024645],[12.316987035300187,51.346376968351954],[12.316981804887568,51.346381464954256],[12.3169733419,51.34638318250362]]]}},{"type":"Feature","properties":{"wassersumme":230},"geometry":{"type":"Polygon","coordinates":[[[12.336795446099998,51.341580569403654],[12.33678698399923,51.34157885185427],[12.33678175413468,51.34157435525197],[12.336781754136343,51.34156879714646],[12.336786984001916,51.34156430054513],[12.336795446099998,51.34156258299636],[12.33680390819808,51.34156430054513],[12.336809138063655,51.34156879714646],[12.336809138065316,51.34157435525197],[12.336803908200766,51.34157885185427],[12.336795446099998,51.341580569403654]]]}},{"type":"Feature","properties":{"wassersumme":210},"geometry":{"type":"Polygon","coordinates":[[[12.337012055500002,51.34159197270363],[12.337003593397128,51.341590255154266],[12.336998363531277,51.34158575855196],[12.336998363532938,51.341580200446444],[12.337003593399814,51.341575703845116],[12.337012055500002,51.34157398629636],[12.33702051760019,51.341575703845116],[12.337025747467067,51.341580200446444],[12.337025747468726,51.34158575855196],[12.337020517602877,51.341590255154266],[12.337012055500002,51.34159197270363]]]}},{"type":"Feature","properties":{"wassersumme":60},"geometry":{"type":"Polygon","coordinates":[[[12.3302033477,51.34146729020363],[12.330194885620145,51.341465572654265],[12.330189655768521,51.341461076051964],[12.330189655770184,51.341455517946436],[12.33019488562283,51.341451021345115],[12.3302033477,51.34144930379636],[12.330211809777168,51.341451021345115],[12.330217039629815,51.341455517946436],[12.330217039631476,51.341461076051964],[12.330211809779854,51.341465572654265],[12.3302033477,51.34146729020363]]]}},{"type":"Feature","properties":{"wassersumme":40},"geometry":{"type":"Polygon","coordinates":[[[12.341146680700001,51.33217118560363],[12.341138220335953,51.33216946805426],[12.34113299154476,51.33216497145195],[12.34113299154642,51.332159413346446],[12.341138220338639,51.33215491674512],[12.341146680700001,51.332153199196355],[12.34115514106136,51.33215491674512],[12.34116036985358,51.332159413346446],[12.34116036985524,51.33216497145195],[12.341155141064045,51.33216946805426],[12.341146680700001,51.33217118560363]]]}},{"type":"Feature","properties":{"wassersumme":50},"geometry":{"type":"Polygon","coordinates":[[[12.3411269051,51.33183318770362],[12.341118444798322,51.33183147015426],[12.341113216045674,51.33182697355196],[12.341113216047333,51.331821415446434],[12.341118444801008,51.331816918845114],[12.3411269051,51.33181520129635],[12.341135365398992,51.331816918845114],[12.341140594152666,51.331821415446434],[12.341140594154327,51.33182697355196],[12.341135365401676,51.33183147015426],[12.3411269051,51.33183318770362]]]}},{"type":"Feature","properties":{"wassersumme":60},"geometry":{"type":"Polygon","coordinates":[[[12.3582126073,51.33398107230364],[12.358204146601972,51.33397935475427],[12.358198917604364,51.333974858151954],[12.358198917606023,51.33396930004645],[12.358204146604656,51.33396480344512],[12.3582126073,51.33396308589636],[12.358221067995347,51.33396480344512],[12.35822629699398,51.33396930004645],[12.358226296995637,51.333974858151954],[12.35822106799803,51.33397935475427],[12.3582126073,51.33398107230364]]]}},{"type":"Feature","properties":{"wassersumme":113},"geometry":{"type":"Polygon","coordinates":[[[12.357139413499999,51.33485230110362],[12.357130952641187,51.33485058355426],[12.35712572354421,51.33484608695195],[12.357125723545868,51.33484052884644],[12.357130952643873,51.33483603224512],[12.357139413499999,51.33483431469636],[12.357147874356126,51.33483603224512],[12.35715310345413,51.33484052884644],[12.35715310345579,51.33484608695195],[12.35714787435881,51.33485058355426],[12.357139413499999,51.33485230110362]]]}},{"type":"Feature","properties":{"wassersumme":30},"geometry":{"type":"Polygon","coordinates":[[[12.365387921200002,51.332519175503634],[12.365379460771743,51.33251745795427],[12.36537423194086,51.33251296135196],[12.365374231942521,51.332507403246446],[12.36537946077443,51.332502906645125],[12.365387921200002,51.33250118909636],[12.365396381625574,51.332502906645125],[12.365401610457479,51.332507403246446],[12.36540161045914,51.33251296135196],[12.365396381628258,51.33251745795427],[12.365387921200002,51.332519175503634]]]}},{"type":"Feature","properties":{"wassersumme":40},"geometry":{"type":"Polygon","coordinates":[[[12.3681160924,51.33207831770363],[12.36810763205309,51.33207660015427],[12.368102403272484,51.332072103551944],[12.368102403274145,51.332066545446445],[12.368107632055775,51.3320620488451],[12.3681160924,51.332060331296354],[12.368124552744222,51.3320620488451],[12.368129781525852,51.332066545446445],[12.36812978152751,51.332072103551944],[12.368124552746906,51.33207660015427],[12.3681160924,51.33207831770363]]]}},{"type":"Feature","properties":{"wassersumme":24},"geometry":{"type":"Polygon","coordinates":[[[12.3578683627,51.341757762103626],[12.357859900566515,51.341756044554266],[12.35785467068175,51.34175154795195],[12.35785467068341,51.341745989846444],[12.357859900569204,51.34174149324512],[12.3578683627,51.34173977569636],[12.357876824830795,51.34174149324512],[12.357882054716589,51.341745989846444],[12.35788205471825,51.34175154795195],[12.357876824833482,51.341756044554266],[12.3578683627,51.341757762103626]]]}},{"type":"Feature","properties":{"wassersumme":80},"geometry":{"type":"Polygon","coordinates":[[[12.3593964105,51.34342394250363],[12.359387948058885,51.34342222495427],[12.359382717983987,51.34341772835195],[12.359382717985648,51.343412170246445],[12.359387948061569,51.34340767364512],[12.3593964105,51.34340595609636],[12.359404872938429,51.34340767364512],[12.35941010301435,51.343412170246445],[12.35941010301601,51.34341772835195],[12.359404872941116,51.34342222495427],[12.3593964105,51.34342394250363]]]}},{"type":"Feature","properties":{"wassersumme":10},"geometry":{"type":"Polygon","coordinates":[[[12.3591908602,51.343379821903646],[12.359182397767029,51.34337810435428],[12.359177167697172,51.343373607751964],[12.359177167698832,51.34336804964645],[12.359182397769718,51.34336355304513],[12.3591908602,51.34336183549636],[12.359199322630285,51.34336355304513],[12.35920455270117,51.34336804964645],[12.35920455270283,51.343373607751964],[12.359199322632973,51.34337810435428],[12.3591908602,51.343379821903646]]]}},{"type":"Feature","properties":{"wassersumme":140},"geometry":{"type":"Polygon","coordinates":[[[12.37165984,51.34804925260363],[12.371651376704738,51.34804753505427],[12.371646146101952,51.34804303845195],[12.371646146103615,51.34803748034644],[12.371651376707424,51.348032983745114],[12.37165984,51.34803126619635],[12.371668303292575,51.348032983745114],[12.371673533896386,51.34803748034644],[12.371673533898047,51.34804303845195],[12.371668303295262,51.34804753505427],[12.37165984,51.34804925260363]]]}},{"type":"Feature","properties":{"wassersumme":70},"geometry":{"type":"Polygon","coordinates":[[[12.3674928738,51.34384462930363],[12.367484411281204,51.343842911754265],[12.3674791811583,51.34383841515195],[12.367479181159963,51.343832857046436],[12.367484411283892,51.343828360445116],[12.3674928738,51.34382664289636],[12.367501336316105,51.343828360445116],[12.367506566440033,51.343832857046436],[12.367506566441696,51.34383841515195],[12.367501336318794,51.343842911754265],[12.3674928738,51.34384462930363]]]}},{"type":"Feature","properties":{"wassersumme":15},"geometry":{"type":"Polygon","coordinates":[[[12.3677189545,51.34388901690363],[12.36771049197301,51.343887299354265],[12.367705261845042,51.343882802751956],[12.367705261846702,51.34387724464644],[12.367710491975696,51.34387274804512],[12.3677189545,51.34387103049636],[12.367727417024303,51.34387274804512],[12.367732647153298,51.34387724464644],[12.36773264715496,51.343882802751956],[12.367727417026993,51.343887299354265],[12.3677189545,51.34388901690363]]]}},{"type":"Feature","properties":{"wassersumme":260},"geometry":{"type":"Polygon","coordinates":[[[12.3649693381,51.37053765130364],[12.364960870648611,51.370535933754276],[12.364955637477198,51.37053143715195],[12.364955637478863,51.37052587904645],[12.364960870651302,51.370521382445126],[12.3649693381,51.37051966489636],[12.3649778055487,51.370521382445126],[12.364983038721139,51.37052587904645],[12.364983038722801,51.37053143715195],[12.36497780555139,51.370535933754276],[12.3649693381,51.37053765130364]]]}},{"type":"Feature","properties":{"wassersumme":25},"geometry":{"type":"Polygon","coordinates":[[[12.3716708127,51.36721540860363],[12.371662345862937,51.36721369105426],[12.371657113071203,51.36720919445195],[12.371657113072866,51.367203636346446],[12.371662345865628,51.36719913974512],[12.3716708127,51.367197422196355],[12.37167927953437,51.36719913974512],[12.37168451232713,51.367203636346446],[12.371684512328795,51.36720919445195],[12.37167927953706,51.36721369105426],[12.3716708127,51.36721540860363]]]}},{"type":"Feature","properties":{"wassersumme":330},"geometry":{"type":"Polygon","coordinates":[[[12.3648273338,51.37035817280364],[12.3648188663818,51.37035645525428],[12.364813633230904,51.370351958651966],[12.364813633232565,51.37034640054644],[12.364818866384493,51.37034190394512],[12.3648273338,51.37034018639637],[12.364835801215508,51.37034190394512],[12.364841034367435,51.37034640054644],[12.364841034369096,51.370351958651966],[12.364835801218199,51.37035645525428],[12.3648273338,51.37035817280364]]]}},{"type":"Feature","properties":{"wassersumme":220},"geometry":{"type":"Polygon","coordinates":[[[12.4059923966,51.28668384300363],[12.405983944618459,51.28668212545426],[12.405978721007934,51.28667762885195],[12.405978721009589,51.28667207074644],[12.405983944621138,51.28666757414511],[12.4059923966,51.28666585659635],[12.406000848578863,51.28666757414511],[12.406006072190412,51.28667207074644],[12.406006072192065,51.28667762885195],[12.406000848581542,51.28668212545426],[12.4059923966,51.28668384300363]]]}},{"type":"Feature","properties":{"wassersumme":22},"geometry":{"type":"Polygon","coordinates":[[[12.385547861499997,51.296751748103624],[12.385539407665014,51.296750030554264],[12.385534182908998,51.29674553395195],[12.385534182910654,51.29673997584644],[12.385539407667693,51.29673547924512],[12.385547861499997,51.29673376169636],[12.385556315332304,51.29673547924512],[12.385561540089343,51.29673997584644],[12.385561540090999,51.29674553395195],[12.385556315334984,51.296750030554264],[12.385547861499997,51.296751748103624]]]}},{"type":"Feature","properties":{"wassersumme":193},"geometry":{"type":"Polygon","coordinates":[[[12.385767409799998,51.29612230040364],[12.385758956080922,51.29612058285427],[12.385753731396543,51.29611608625197],[12.385753731398198,51.29611052814645],[12.385758956083603,51.296106031545115],[12.385767409799998,51.296104313996366],[12.385775863516395,51.296106031545115],[12.385781088201798,51.29611052814645],[12.385781088203455,51.29611608625197],[12.385775863519076,51.29612058285427],[12.385767409799998,51.29612230040364]]]}},{"type":"Feature","properties":{"wassersumme":114},"geometry":{"type":"Polygon","coordinates":[[[12.3858848058,51.29635876890364],[12.38587635203738,51.29635705135426],[12.385871127326087,51.296352554751955],[12.385871127327746,51.296346996646434],[12.38587635204006,51.29634250004512],[12.3858848058,51.29634078249636],[12.385893259559941,51.29634250004512],[12.385898484272255,51.296346996646434],[12.38589848427391,51.296352554751955],[12.38589325956262,51.29635705135426],[12.3858848058,51.29635876890364]]]}},{"type":"Feature","properties":{"wassersumme":30},"geometry":{"type":"Polygon","coordinates":[[[12.393783837499997,51.30349617350363],[12.393775382422803,51.30349445595427],[12.393770156899057,51.30348995935196],[12.393770156900715,51.303484401246465],[12.393775382425483,51.30347990464512],[12.393783837499997,51.303478187096374],[12.393792292574515,51.30347990464512],[12.393797518099282,51.303484401246465],[12.39379751810094,51.30348995935196],[12.393792292577194,51.30349445595427],[12.393783837499997,51.30349617350363]]]}},{"type":"Feature","properties":{"wassersumme":30},"geometry":{"type":"Polygon","coordinates":[[[12.3940894214,51.303517008903626],[12.394080966318965,51.30351529135425],[12.394075740792848,51.30351079475195],[12.394075740794506,51.30350523664643],[12.394080966321647,51.30350074004511],[12.3940894214,51.303499022496354],[12.394097876478353,51.30350074004511],[12.394103102005495,51.30350523664643],[12.394103102007152,51.30351079475195],[12.394097876481036,51.30351529135425],[12.3940894214,51.303517008903626]]]}},{"type":"Feature","properties":{"wassersumme":100},"geometry":{"type":"Polygon","coordinates":[[[12.2546792313,51.320280200303635],[12.254670773129371,51.32027848275427],[12.254665545693781,51.32027398615195],[12.25466554569544,51.32026842804645],[12.254670773132053,51.320263931445126],[12.2546792313,51.32026221389636],[12.254687689467948,51.320263931445126],[12.254692916904562,51.32026842804645],[12.25469291690622,51.32027398615195],[12.25468768947063,51.32027848275427],[12.2546792313,51.320280200303635]]]}},{"type":"Feature","properties":{"wassersumme":100},"geometry":{"type":"Polygon","coordinates":[[[12.254537107499997,51.320263734903634],[12.254528649332403,51.32026201735426],[12.254523421898691,51.32025752075195],[12.254523421900348,51.32025196264644],[12.254528649335088,51.32024746604512],[12.254537107499997,51.32024574849635],[12.254545565664909,51.32024746604512],[12.254550793099646,51.32025196264644],[12.254550793101306,51.32025752075195],[12.254545565667593,51.32026201735426],[12.254537107499997,51.320263734903634]]]}},{"type":"Feature","properties":{"wassersumme":100},"geometry":{"type":"Polygon","coordinates":[[[12.2543981382,51.32023771940363],[12.254389680037203,51.320236001854276],[12.254384452606454,51.32023150525195],[12.254384452608111,51.32022594714643],[12.254389680039885,51.320221450545105],[12.2543981382,51.32021973299634],[12.254406596360111,51.320221450545105],[12.254411823791886,51.32022594714643],[12.254411823793545,51.32023150525195],[12.254406596362795,51.320236001854276],[12.2543981382,51.32023771940363]]]}},{"type":"Feature","properties":{"wassersumme":100},"geometry":{"type":"Polygon","coordinates":[[[12.254284485900001,51.320213197203636],[12.254276027741726,51.32021147965428],[12.254270800313773,51.32020698305195],[12.25427080031543,51.32020142494645],[12.25427602774441,51.32019692834512],[12.254284485900001,51.320195210796356],[12.254292944055592,51.32019692834512],[12.254298171484571,51.32020142494645],[12.254298171486228,51.32020698305195],[12.254292944058276,51.32021147965428],[12.254284485900001,51.320213197203636]]]}},{"type":"Feature","properties":{"wassersumme":100},"geometry":{"type":"Polygon","coordinates":[[[12.2550146889,51.320320897403626],[12.255006230721865,51.32031917985426],[12.255001003281638,51.32031468325196],[12.255001003283294,51.32030912514644],[12.255006230724547,51.32030462854512],[12.2550146889,51.32030291099637],[12.25502314707545,51.32030462854512],[12.255028374516703,51.32030912514644],[12.25502837451836,51.32031468325196],[12.255023147078134,51.32031917985426],[12.2550146889,51.320320897403626]]]}},{"type":"Feature","properties":{"wassersumme":430},"geometry":{"type":"Polygon","coordinates":[[[12.2948507999,51.306681927903625],[12.294842344235875,51.306680210354266],[12.294837118349385,51.30667571375195],[12.294837118351042,51.30667015564644],[12.294842344238553,51.306665659045116],[12.2948507999,51.30666394149636],[12.294859255561446,51.306665659045116],[12.29486448144896,51.30667015564644],[12.294864481450617,51.30667571375195],[12.294859255564127,51.306680210354266],[12.2948507999,51.306681927903625]]]}},{"type":"Feature","properties":{"wassersumme":172},"geometry":{"type":"Polygon","coordinates":[[[12.3828073055,51.31973257470363],[12.38279884743035,51.31973085715427],[12.382793620057168,51.319726360551954],[12.382793620058825,51.31972080244644],[12.382798847433031,51.319716305845105],[12.3828073055,51.31971458829636],[12.382815763566969,51.319716305845105],[12.382820990941175,51.31972080244644],[12.382820990942832,51.319726360551954],[12.382815763569651,51.31973085715427],[12.3828073055,51.31973257470363]]]}},{"type":"Feature","properties":{"wassersumme":4},"geometry":{"type":"Polygon","coordinates":[[[12.3820991866,51.320383918003635],[12.382090728410244,51.320382200454254],[12.382085500962834,51.32037770385195],[12.382085500964493,51.32037214574643],[12.382090728412926,51.32036764914511],[12.3820991866,51.320365931596356],[12.38210764478707,51.32036764914511],[12.382112872235504,51.32037214574643],[12.382112872237164,51.32037770385195],[12.382107644789754,51.320382200454254],[12.3820991866,51.320383918003635]]]}},{"type":"Feature","properties":{"wassersumme":1},"geometry":{"type":"Polygon","coordinates":[[[12.3822414791,51.32038053480363],[12.382233020910867,51.320378817254266],[12.382227793463843,51.32037432065196],[12.382227793465498,51.320368762546444],[12.38223302091355,51.320364265945116],[12.3822414791,51.32036254839636],[12.382249937286447,51.320364265945116],[12.382255164734497,51.320368762546444],[12.382255164736154,51.32037432065196],[12.38224993728913,51.320378817254266],[12.3822414791,51.32038053480363]]]}},{"type":"Feature","properties":{"wassersumme":2},"geometry":{"type":"Polygon","coordinates":[[[12.3824074759,51.32037930040363],[12.382399017711094,51.32037758285427],[12.38239379026421,51.320373086251955],[12.382393790265871,51.32036752814645],[12.382399017713777,51.32036303154512],[12.3824074759,51.32036131399637],[12.38241593408622,51.32036303154512],[12.382421161534129,51.32036752814645],[12.382421161535786,51.320373086251955],[12.382415934088902,51.32037758285427],[12.3824074759,51.32037930040363]]]}},{"type":"Feature","properties":{"wassersumme":9},"geometry":{"type":"Polygon","coordinates":[[[12.3825788894,51.32037872660365],[12.382570431211201,51.32037700905428],[12.382565203764383,51.32037251245197],[12.382565203766042,51.32036695434645],[12.382570431213884,51.32036245774513],[12.3825788894,51.32036074019636],[12.382587347586114,51.32036245774513],[12.382592575033957,51.32036695434645],[12.382592575035615,51.32037251245197],[12.382587347588796,51.32037700905428],[12.3825788894,51.32037872660365]]]}},{"type":"Feature","properties":{"wassersumme":20},"geometry":{"type":"Polygon","coordinates":[[[12.3737178659,51.33061874930364],[12.373709405822403,51.33061703175427],[12.373704177208243,51.330612535151964],[12.373704177209902,51.330606977046436],[12.373709405825087,51.330602480445116],[12.3737178659,51.33060076289636],[12.373726325974912,51.330602480445116],[12.373731554590098,51.330606977046436],[12.373731554591757,51.330612535151964],[12.373726325977596,51.33061703175427],[12.3737178659,51.33061874930364]]]}},{"type":"Feature","properties":{"wassersumme":165},"geometry":{"type":"Polygon","coordinates":[[[12.373643456899998,51.331598871003635],[12.373634996641556,51.33159715345426],[12.373629767915629,51.33159265685195],[12.373629767917286,51.33158709874644],[12.373634996644242,51.33158260214512],[12.373643456899998,51.331580884596356],[12.373651917155756,51.33158260214512],[12.373657145882708,51.33158709874644],[12.37365714588437,51.33159265685195],[12.373651917158439,51.33159715345426],[12.373643456899998,51.331598871003635]]]}},{"type":"Feature","properties":{"wassersumme":155},"geometry":{"type":"Polygon","coordinates":[[[12.3736484778,51.33171194890363],[12.373640017520692,51.33171023135427],[12.37363478878187,51.331705734751964],[12.37363478878353,51.33170017664643],[12.373640017523378,51.33169568004512],[12.3736484778,51.33169396249637],[12.373656938076621,51.33169568004512],[12.373662166816471,51.33170017664643],[12.37366216681813,51.331705734751964],[12.373656938079307,51.33171023135427],[12.3736484778,51.33171194890363]]]}},{"type":"Feature","properties":{"wassersumme":50},"geometry":{"type":"Polygon","coordinates":[[[12.400090786600002,51.326342250503636],[12.400082327311349,51.326340532954276],[12.400077099184786,51.326336036351954],[12.400077099186444,51.326330478246454],[12.400082327314033,51.32632598164512],[12.400090786600002,51.326324264096364],[12.400099245885965,51.32632598164512],[12.400104474013556,51.326330478246454],[12.400104474015215,51.326336036351954],[12.40009924588865,51.326340532954276],[12.400090786600002,51.326342250503636]]]}},{"type":"Feature","properties":{"wassersumme":45},"geometry":{"type":"Polygon","coordinates":[[[12.4221221408,51.31403133160364],[12.422113683781438,51.31402961405427],[12.422108457057863,51.314025117451955],[12.422108457059522,51.31401955934645],[12.42211368378412,51.31401506274513],[12.4221221408,51.314013345196365],[12.422130597815881,51.31401506274513],[12.422135824540481,51.31401955934645],[12.422135824542138,51.314025117451955],[12.422130597818564,51.31402961405427],[12.4221221408,51.31403133160364]]]}},{"type":"Feature","properties":{"wassersumme":780},"geometry":{"type":"Polygon","coordinates":[[[12.4158240173,51.32181985370364],[12.415815558845452,51.32181813615428],[12.415810331234388,51.32181363955195],[12.415810331236045,51.32180808144644],[12.415815558848134,51.321803584845114],[12.4158240173,51.321801867296365],[12.415832475751868,51.321803584845114],[12.415837703363955,51.32180808144644],[12.415837703365613,51.32181363955195],[12.415832475754552,51.32181813615428],[12.4158240173,51.32181985370364]]]}},{"type":"Feature","properties":{"wassersumme":60},"geometry":{"type":"Polygon","coordinates":[[[12.4197972595,51.32202019920363],[12.419788801008503,51.32201848165426],[12.419783573374605,51.32201398505195],[12.419783573376263,51.32200842694644],[12.419788801011187,51.32200393034512],[12.4197972595,51.32200221279637],[12.419805717988812,51.32200393034512],[12.419810945623734,51.32200842694644],[12.419810945625391,51.32201398505195],[12.419805717991496,51.32201848165426],[12.4197972595,51.32202019920363]]]}},{"type":"Feature","properties":{"wassersumme":101},"geometry":{"type":"Polygon","coordinates":[[[12.4157364721,51.32412964860362],[12.415728013219464,51.324127931054264],[12.415722785345126,51.32412343445195],[12.415722785346787,51.324117876346435],[12.415728013222148,51.32411337974511],[12.4157364721,51.324111662196344],[12.415744930977853,51.32411337974511],[12.415750158853214,51.324117876346435],[12.415750158854873,51.32412343445195],[12.415744930980537,51.324127931054264],[12.4157364721,51.32412964860362]]]}},{"type":"Feature","properties":{"wassersumme":10},"geometry":{"type":"Polygon","coordinates":[[[12.415772636700002,51.32406344170363],[12.415764177831676,51.32406172415427],[12.415758949964886,51.324057227551954],[12.415758949966543,51.32405166944643],[12.415764177834358,51.324047172845106],[12.415772636700002,51.32404545529636],[12.415781095565642,51.324047172845106],[12.415786323433457,51.32405166944643],[12.415786323435114,51.324057227551954],[12.415781095568324,51.32406172415427],[12.415772636700002,51.32406344170363]]]}},{"type":"Feature","properties":{"wassersumme":150},"geometry":{"type":"Polygon","coordinates":[[[12.2637021471,51.316399293303625],[12.263693689644919,51.31639757575426],[12.263688462651563,51.31639307915195],[12.263688462653219,51.31638752104644],[12.263693689647601,51.316383024445116],[12.2637021471,51.31638130689635],[12.2637106045524,51.316383024445116],[12.263715831546781,51.31638752104644],[12.263715831548438,51.31639307915195],[12.263710604555083,51.31639757575426],[12.2637021471,51.316399293303625]]]}},{"type":"Feature","properties":{"wassersumme":150},"geometry":{"type":"Polygon","coordinates":[[[12.2635781196,51.31637795530363],[12.263569662148853,51.31637623775428],[12.263564435157926,51.31637174115197],[12.263564435159587,51.31636618304644],[12.263569662151536,51.31636168644511],[12.2635781196,51.31635996889636],[12.263586577048466,51.31636168644511],[12.263591804040415,51.31636618304644],[12.263591804042072,51.31637174115197],[12.263586577051148,51.31637623775428],[12.2635781196,51.31637795530363]]]}},{"type":"Feature","properties":{"wassersumme":200},"geometry":{"type":"Polygon","coordinates":[[[12.2629670541,51.316275612703635],[12.26295859666772,51.316273895154275],[12.262953369688455,51.31626939855195],[12.262953369690115,51.31626384044644],[12.262958596670403,51.316259343845104],[12.2629670541,51.31625762629636],[12.262975511529598,51.316259343845104],[12.262980738509889,51.31626384044644],[12.262980738511548,51.31626939855195],[12.262975511532282,51.316273895154275],[12.2629670541,51.316275612703635]]]}},{"type":"Feature","properties":{"wassersumme":100},"geometry":{"type":"Polygon","coordinates":[[[12.2559521355,51.32175839620363],[12.255943677056784,51.32175667865425],[12.255938449452726,51.32175218205194],[12.255938449454383,51.32174662394643],[12.255943677059467,51.32174212734511],[12.2559521355,51.321740409796355],[12.255960593940534,51.32174212734511],[12.255965821545617,51.32174662394643],[12.255965821547274,51.32175218205194],[12.255960593943216,51.32175667865425],[12.2559521355,51.32175839620363]]]}},{"type":"Feature","properties":{"wassersumme":569},"geometry":{"type":"Polygon","coordinates":[[[12.3734834179,51.33283861820364],[12.373474957412794,51.332836900654264],[12.373469728545484,51.332832404051956],[12.373469728547143,51.33282684594644],[12.373474957415478,51.33282234934512],[12.3734834179,51.33282063179635],[12.373491878384518,51.33282234934512],[12.373497107252856,51.33282684594644],[12.373497107254517,51.332832404051956],[12.373491878387203,51.332836900654264],[12.3734834179,51.33283861820364]]]}},{"type":"Feature","properties":{"wassersumme":70},"geometry":{"type":"Polygon","coordinates":[[[12.3730294685,51.332396177603634],[12.37302100809444,51.33239446005427],[12.373015779277587,51.33238996345196],[12.373015779279244,51.33238440534644],[12.373021008097124,51.33237990874512],[12.3730294685,51.332378191196355],[12.373037928902876,51.33237990874512],[12.373043157720756,51.33238440534644],[12.373043157722416,51.33238996345196],[12.373037928905562,51.33239446005427],[12.3730294685,51.332396177603634]]]}},{"type":"Feature","properties":{"wassersumme":35},"geometry":{"type":"Polygon","coordinates":[[[12.372431239599997,51.33178302720363],[12.372422779307575,51.331781309654254],[12.372417550560648,51.331776813051945],[12.372417550562306,51.33177125494644],[12.372422779310263,51.33176675834511],[12.372431239599997,51.33176504079635],[12.372439699889735,51.33176675834511],[12.372444928637691,51.33177125494644],[12.372444928639348,51.331776813051945],[12.372439699892421,51.331781309654254],[12.372431239599997,51.33178302720363]]]}},{"type":"Feature","properties":{"wassersumme":35},"geometry":{"type":"Polygon","coordinates":[[[12.3722860954,51.33162228320363],[12.372277635137237,51.33162056565428],[12.37227240640864,51.331616069051954],[12.372272406410298,51.33161051094645],[12.372277635139923,51.33160601434511],[12.3722860954,51.331604296796364],[12.372294555660076,51.33160601434511],[12.3722997843897,51.33161051094645],[12.372299784391357,51.331616069051954],[12.372294555662762,51.33162056565428],[12.3722860954,51.33162228320363]]]}},{"type":"Feature","properties":{"wassersumme":35},"geometry":{"type":"Polygon","coordinates":[[[12.372203063199999,51.331520225503645],[12.372194602956071,51.33151850795427],[12.372189374239111,51.33151401135196],[12.372189374240769,51.33150845324645],[12.372194602958754,51.331503956645115],[12.372203063199999,51.33150223909636],[12.372211523441246,51.331503956645115],[12.37221675215923,51.33150845324645],[12.37221675216089,51.33151401135196],[12.37221152344393,51.33151850795427],[12.372203063199999,51.331520225503645]]]}},{"type":"Feature","properties":{"wassersumme":85},"geometry":{"type":"Polygon","coordinates":[[[12.3738332545,51.33170188390364],[12.37382479422255,51.331700166354274],[12.373819565484878,51.33169566975195],[12.373819565486535,51.33169011164645],[12.373824794225236,51.331685615045124],[12.3738332545,51.33168389749636],[12.373841714774764,51.331685615045124],[12.373846943513465,51.33169011164645],[12.373846943515124,51.33169566975195],[12.373841714777448,51.331700166354274],[12.3738332545,51.33170188390364]]]}},{"type":"Feature","properties":{"wassersumme":100},"geometry":{"type":"Polygon","coordinates":[[[12.3737407997,51.33076505750364],[12.373732339595408,51.33076333995427],[12.373727110964564,51.330758843351965],[12.373727110966223,51.330753285246445],[12.373732339598092,51.330748788645124],[12.3737407997,51.33074707109637],[12.373749259801906,51.330748788645124],[12.373754488433777,51.330753285246445],[12.373754488435434,51.330758843351965],[12.37374925980459,51.33076333995427],[12.3737407997,51.33076505750364]]]}},{"type":"Feature","properties":{"wassersumme":100},"geometry":{"type":"Polygon","coordinates":[[[12.373764603799998,51.33091372370364],[12.373756143667975,51.33091200615427],[12.37375091502018,51.33090750955196],[12.373750915021839,51.330901951446435],[12.373756143670661,51.330897454845115],[12.373764603799998,51.330895737296366],[12.373773063929336,51.330897454845115],[12.37377829257816,51.330901951446435],[12.373778292579818,51.33090750955196],[12.373773063932022,51.33091200615427],[12.373764603799998,51.33091372370364]]]}},{"type":"Feature","properties":{"wassersumme":210},"geometry":{"type":"Polygon","coordinates":[[[12.3738248956,51.33141613510362],[12.373816435375277,51.33141441755427],[12.373811206670188,51.33140992095196],[12.37381120667185,51.331404362846435],[12.373816435377963,51.33139986624511],[12.3738248956,51.33139814869635],[12.37383335582204,51.33139986624511],[12.373838584528155,51.331404362846435],[12.373838584529816,51.33140992095196],[12.373833355824726,51.33141441755427],[12.3738248956,51.33141613510362]]]}},{"type":"Feature","properties":{"wassersumme":135},"geometry":{"type":"Polygon","coordinates":[[[12.373634821100001,51.331451084803646],[12.373626360868828,51.33144936725428],[12.373621132159753,51.33144487065197],[12.37362113216141,51.331439312546436],[12.373626360871512,51.331434815945116],[12.373634821100001,51.33143309839637],[12.373643281328485,51.331434815945116],[12.373648510038588,51.331439312546436],[12.373648510040246,51.33144487065197],[12.373643281331173,51.33144936725428],[12.373634821100001,51.331451084803646]]]}},{"type":"Feature","properties":{"wassersumme":100},"geometry":{"type":"Polygon","coordinates":[[[12.373593724299997,51.33104489060362],[12.373585264143772,51.331043173054255],[12.37358003548102,51.331038676451946],[12.37358003548268,51.33103311834643],[12.37358526414646,51.331028621745105],[12.373593724299997,51.33102690419635],[12.373602184453537,51.331028621745105],[12.373607413117316,51.33103311834643],[12.373607413118975,51.331038676451946],[12.373602184456221,51.331043173054255],[12.373593724299997,51.33104489060362]]]}},{"type":"Feature","properties":{"wassersumme":85},"geometry":{"type":"Polygon","coordinates":[[[12.373833470400001,51.33156499920365],[12.37382501014781,51.33156328165427],[12.373819781425743,51.33155878505197],[12.373819781427402,51.331553226946454],[12.373825010150494,51.331548730345126],[12.373833470400001,51.331547012796364],[12.373841930649508,51.331548730345126],[12.373847159372598,51.331553226946454],[12.373847159374257,51.33155878505197],[12.37384193065219,51.33156328165427],[12.373833470400001,51.33156499920365]]]}},{"type":"Feature","properties":{"wassersumme":8},"geometry":{"type":"Polygon","coordinates":[[[12.3983650802,51.33404997700362],[12.398356619489254,51.33404825945427],[12.39835139048379,51.334043762851955],[12.398351390485447,51.334038204746435],[12.398356619491938,51.334033708145114],[12.3983650802,51.334031990596365],[12.398373540908059,51.334033708145114],[12.398378769914554,51.334038204746435],[12.398378769916212,51.334043762851955],[12.398373540910745,51.33404825945427],[12.3983650802,51.33404997700362]]]}},{"type":"Feature","properties":{"wassersumme":8},"geometry":{"type":"Polygon","coordinates":[[[12.3984992201,51.33402833180363],[12.39849075939325,51.33402661425426],[12.398485530390252,51.33402211765196],[12.39848553039191,51.334016559546434],[12.398490759395933,51.33401206294511],[12.3984992201,51.33401034539637],[12.398507680804066,51.33401206294511],[12.398512909808089,51.334016559546434],[12.39851290980975,51.33402211765196],[12.39850768080675,51.33402661425426],[12.3984992201,51.33402833180363]]]}},{"type":"Feature","properties":{"wassersumme":240},"geometry":{"type":"Polygon","coordinates":[[[12.3977669565,51.334105605203646],[12.397758495778987,51.334103887654265],[12.397753266767177,51.334099391051964],[12.397753266768836,51.334093832946444],[12.397758495781675,51.334089336345116],[12.3977669565,51.33408761879635],[12.397775417218327,51.334089336345116],[12.397780646231164,51.334093832946444],[12.397780646232825,51.334099391051964],[12.39777541722101,51.334103887654265],[12.3977669565,51.334105605203646]]]}},{"type":"Feature","properties":{"wassersumme":80},"geometry":{"type":"Polygon","coordinates":[[[12.397091186100003,51.33373225960365],[12.397082725447888,51.33373054205427],[12.397077496478657,51.333726045451975],[12.397077496480318,51.33372048734645],[12.397082725450572,51.33371599074513],[12.397091186100003,51.333714273196364],[12.397099646749432,51.33371599074513],[12.397104875719686,51.33372048734645],[12.397104875721347,51.333726045451975],[12.397099646752116,51.33373054205427],[12.397091186100003,51.33373225960365]]]}},{"type":"Feature","properties":{"wassersumme":7},"geometry":{"type":"Polygon","coordinates":[[[12.396860084800002,51.33374645790364],[12.396851624145269,51.33374474035427],[12.396846395174418,51.33374024375197],[12.396846395176079,51.33373468564645],[12.396851624147953,51.33373018904513],[12.396860084800002,51.33372847149637],[12.39686854545205,51.33373018904513],[12.396873774423923,51.33373468564645],[12.396873774425584,51.33374024375197],[12.396868545454733,51.33374474035427],[12.396860084800002,51.33374645790364]]]}},{"type":"Feature","properties":{"wassersumme":390},"geometry":{"type":"Polygon","coordinates":[[[12.4019278689,51.33421160740363],[12.401919408159426,51.33420988985427],[12.401914179135524,51.33420539325196],[12.401914179137185,51.334199835146435],[12.401919408162113,51.334195338545115],[12.4019278689,51.334193620996366],[12.401936329637888,51.334195338545115],[12.401941558662816,51.334199835146435],[12.401941558664475,51.33420539325196],[12.401936329640575,51.33420988985427],[12.4019278689,51.33421160740363]]]}},{"type":"Feature","properties":{"wassersumme":366},"geometry":{"type":"Polygon","coordinates":[[[12.4020692731,51.33418911270363],[12.40206081236358,51.33418739515427],[12.402055583342245,51.33418289855196],[12.402055583343904,51.33417734044643],[12.402060812366264,51.33417284384511],[12.4020692731,51.334171126296354],[12.402077733833737,51.33417284384511],[12.402082962856099,51.33417734044643],[12.40208296285776,51.33418289855196],[12.402077733836423,51.33418739515427],[12.4020692731,51.33418911270363]]]}},{"type":"Feature","properties":{"wassersumme":390},"geometry":{"type":"Polygon","coordinates":[[[12.4022278041,51.334158273703636],[12.40221934336927,51.33415655615427],[12.402214114351452,51.334152059551954],[12.40221411435311,51.33414650144644],[12.402219343371957,51.33414200484512],[12.4022278041,51.33414028729636],[12.402236264828046,51.33414200484512],[12.402241493846892,51.33414650144644],[12.40224149384855,51.334152059551954],[12.402236264830734,51.33415655615427],[12.4022278041,51.334158273703636]]]}},{"type":"Feature","properties":{"wassersumme":389},"geometry":{"type":"Polygon","coordinates":[[[12.4023854236,51.33412831370363],[12.402376962874797,51.33412659615427],[12.402371733860395,51.33412209955196],[12.402371733862056,51.334116541446434],[12.402376962877483,51.334112044845114],[12.4023854236,51.33411032729636],[12.402393884322517,51.334112044845114],[12.402399113337943,51.334116541446434],[12.402399113339603,51.33412209955196],[12.402393884325202,51.33412659615427],[12.4023854236,51.33412831370363]]]}},{"type":"Feature","properties":{"wassersumme":80},"geometry":{"type":"Polygon","coordinates":[[[12.398279725200002,51.33854835150363],[12.398271263659003,51.33854663395427],[12.398266034140413,51.33854213735195],[12.39826603414207,51.338536579246444],[12.39827126366169,51.338532082645116],[12.398279725200002,51.338530365096375],[12.398288186738315,51.338532082645116],[12.398293416257932,51.338536579246444],[12.398293416259593,51.33854213735195],[12.398288186741,51.33854663395427],[12.398279725200002,51.33854835150363]]]}},{"type":"Feature","properties":{"wassersumme":10},"geometry":{"type":"Polygon","coordinates":[[[12.4003280408,51.33921075480364],[12.400319579136724,51.33920903725427],[12.400314349542562,51.339204540651956],[12.400314349544223,51.33919898254645],[12.400319579139412,51.339194485945114],[12.4003280408,51.339192768396366],[12.40033650246059,51.339194485945114],[12.400341732055779,51.33919898254645],[12.400341732057438,51.339204540651956],[12.400336502463276,51.33920903725427],[12.4003280408,51.33921075480364]]]}},{"type":"Feature","properties":{"wassersumme":314},"geometry":{"type":"Polygon","coordinates":[[[12.3984269034,51.33909342130364],[12.398418441758386,51.33909170375427],[12.398413212177612,51.33908720715196],[12.398413212179271,51.33908164904645],[12.398418441761073,51.33907715244513],[12.3984269034,51.339075434896365],[12.398435365038932,51.33907715244513],[12.398440594620734,51.33908164904645],[12.398440594622395,51.33908720715196],[12.398435365041617,51.33909170375427],[12.3984269034,51.33909342130364]]]}},{"type":"Feature","properties":{"wassersumme":276},"geometry":{"type":"Polygon","coordinates":[[[12.3983902062,51.33895796550364],[12.39838174458339,51.33895624795428],[12.398376515018068,51.33895175135196],[12.398376515019727,51.33894619324645],[12.398381744586077,51.33894169664512],[12.3983902062,51.33893997909637],[12.398398667813925,51.33894169664512],[12.398403897380271,51.33894619324645],[12.398403897381932,51.33895175135196],[12.398398667816611,51.33895624795428],[12.3983902062,51.33895796550364]]]}},{"type":"Feature","properties":{"wassersumme":168},"geometry":{"type":"Polygon","coordinates":[[[12.3989030139,51.33917280510365],[12.398894552243732,51.339171087554284],[12.398889322653899,51.339166590951955],[12.39888932265556,51.33916103284646],[12.398894552246416,51.33915653624512],[12.3989030139,51.33915481869637],[12.398911475553586,51.33915653624512],[12.398916705144442,51.33916103284646],[12.398916705146103,51.339166590951955],[12.39891147555627,51.339171087554284],[12.3989030139,51.33917280510365]]]}},{"type":"Feature","properties":{"wassersumme":195},"geometry":{"type":"Polygon","coordinates":[[[12.3718310494,51.34799886220364],[12.371822586114046,51.34799714465427],[12.371817355517011,51.34799264805196],[12.371817355518674,51.34798708994645],[12.371822586116734,51.34798259334513],[12.3718310494,51.34798087579636],[12.37183951268327,51.34798259334513],[12.371844743281327,51.34798708994645],[12.37184474328299,51.34799264805196],[12.371839512685955,51.34799714465427],[12.3718310494,51.34799886220364]]]}},{"type":"Feature","properties":{"wassersumme":180},"geometry":{"type":"Polygon","coordinates":[[[12.3718441199,51.348156911003635],[12.371835656584853,51.34815519345427],[12.371830425969781,51.34815069685195],[12.37183042597144,51.348145138746446],[12.371835656587539,51.348140642145125],[12.3718441199,51.34813892459636],[12.37185258321246,51.348140642145125],[12.37185781382856,51.348145138746446],[12.371857813830221,51.34815069685195],[12.371852583215146,51.34815519345427],[12.3718441199,51.348156911003635]]]}},{"type":"Feature","properties":{"wassersumme":300},"geometry":{"type":"Polygon","coordinates":[[[12.3730179874,51.34776496270363],[12.373009524157242,51.34776324515427],[12.373004293586908,51.34775874855195],[12.37300429358857,51.34775319044645],[12.373009524159931,51.34774869384512],[12.3730179874,51.347746976296364],[12.373026450640072,51.34774869384512],[12.373031681211431,51.34775319044645],[12.373031681213094,51.34775874855195],[12.373026450642758,51.34776324515427],[12.3730179874,51.34776496270363]]]}},{"type":"Feature","properties":{"wassersumme":195},"geometry":{"type":"Polygon","coordinates":[[[12.3717415328,51.348027162503634],[12.371733069508815,51.34802544495426],[12.371727838908551,51.34802094835195],[12.371727838910212,51.34801539024644],[12.371733069511501,51.34801089364512],[12.3717415328,51.34800917609635],[12.371749996088495,51.34801089364512],[12.371755226689782,51.34801539024644],[12.371755226691445,51.34802094835195],[12.37174999609118,51.34802544495426],[12.3717415328,51.348027162503634]]]}},{"type":"Feature","properties":{"wassersumme":110},"geometry":{"type":"Polygon","coordinates":[[[12.3722697237,51.349383087803645],[12.372261260158378,51.349381370254264],[12.372256029403337,51.34937687365195],[12.372256029404998,51.34937131554645],[12.372261260161068,51.34936681894512],[12.3722697237,51.34936510139636],[12.372278187238935,51.34936681894512],[12.372283417995005,51.34937131554645],[12.372283417996664,51.34937687365195],[12.372278187241621,51.349381370254264],[12.3722697237,51.349383087803645]]]}},{"type":"Feature","properties":{"wassersumme":26},"geometry":{"type":"Polygon","coordinates":[[[12.394858648800001,51.34239878520365],[12.394850186548169,51.34239706765427],[12.394844956590255,51.34239257105195],[12.394844956591916,51.34238701294645],[12.394850186550853,51.342382516345126],[12.394858648800001,51.34238079879636],[12.394867111049148,51.342382516345126],[12.394872341008089,51.34238701294645],[12.394872341009748,51.34239257105195],[12.394867111051834,51.34239706765427],[12.394858648800001,51.34239878520365]]]}},{"type":"Feature","properties":{"wassersumme":370},"geometry":{"type":"Polygon","coordinates":[[[12.4000486693,51.34499524770365],[12.400040206568738,51.34499353015427],[12.400034976314526,51.34498903355196],[12.400034976316185,51.34498347544645],[12.400040206571425,51.34497897884513],[12.4000486693,51.344977261296364],[12.400057132028572,51.34497897884513],[12.400062362283812,51.34498347544645],[12.400062362285475,51.34498903355196],[12.40005713203126,51.34499353015427],[12.4000486693,51.34499524770365]]]}},{"type":"Feature","properties":{"wassersumme":44},"geometry":{"type":"Polygon","coordinates":[[[12.3959212481,51.346021197203626],[12.395912785179284,51.34601947965426],[12.395907554807978,51.34601498305195],[12.39590755480964,51.34600942494644],[12.39591278518197,51.3460049283451],[12.3959212481,51.346003210796354],[12.395929711018033,51.3460049283451],[12.395934941390363,51.34600942494644],[12.395934941392024,51.34601498305195],[12.395929711020718,51.34601947965426],[12.3959212481,51.346021197203626]]]}},{"type":"Feature","properties":{"wassersumme":70},"geometry":{"type":"Polygon","coordinates":[[[12.3972960682,51.34730328460362],[12.397287605042507,51.34730156705425],[12.39728237452487,51.34729707045194],[12.397282374526531,51.347291512346445],[12.397287605045195,51.34728701574511],[12.3972960682,51.347285298196354],[12.397304531354802,51.34728701574511],[12.397309761873466,51.347291512346445],[12.397309761875128,51.34729707045194],[12.397304531357491,51.34730156705425],[12.3972960682,51.34730328460362]]]}},{"type":"Feature","properties":{"wassersumme":145},"geometry":{"type":"Polygon","coordinates":[[[12.3973814549,51.347334863003645],[12.397372991736676,51.34733314545427],[12.397367761215435,51.347328648851956],[12.397367761217094,51.34732309074645],[12.397372991739363,51.34731859414512],[12.3973814549,51.34731687659637],[12.397389918060634,51.34731859414512],[12.397395148582904,51.34732309074645],[12.397395148584565,51.347328648851956],[12.397389918063322,51.34733314545427],[12.3973814549,51.347334863003645]]]}},{"type":"Feature","properties":{"wassersumme":240},"geometry":{"type":"Polygon","coordinates":[[[12.3974579264,51.347361566303626],[12.397449463231746,51.34735984875426],[12.397444232707455,51.34735535215194],[12.397444232709116,51.34734979404644],[12.397449463234432,51.3473452974451],[12.3974579264,51.347343579896354],[12.397466389565569,51.3473452974451],[12.397471620090885,51.34734979404644],[12.397471620092546,51.34735535215194],[12.397466389568255,51.34735984875426],[12.3974579264,51.347361566303626]]]}},{"type":"Feature","properties":{"wassersumme":235},"geometry":{"type":"Polygon","coordinates":[[[12.3976781835,51.347446149203634],[12.397669720316124,51.34744443165427],[12.39766448978218,51.34743993505196],[12.397664489783839,51.34743437694643],[12.397669720318811,51.34742988034511],[12.3976781835,51.347428162796355],[12.397686646681187,51.34742988034511],[12.39769187721616,51.34743437694643],[12.39769187721782,51.34743993505196],[12.397686646683876,51.34744443165427],[12.3976781835,51.347446149203634]]]}},{"type":"Feature","properties":{"wassersumme":120},"geometry":{"type":"Polygon","coordinates":[[[12.3977949475,51.34749173580362],[12.397786484307705,51.347490018254256],[12.397781253768558,51.347485521651954],[12.397781253770217,51.347479963546434],[12.397786484310393,51.34747546694511],[12.3977949475,51.347473749396364],[12.397803410689608,51.34747546694511],[12.397808641229782,51.347479963546434],[12.397808641231443,51.347485521651954],[12.397803410692294,51.347490018254256],[12.3977949475,51.34749173580362]]]}},{"type":"Feature","properties":{"wassersumme":60},"geometry":{"type":"Polygon","coordinates":[[[12.3978922064,51.34752924400364],[12.397883743200778,51.34752752645427],[12.397878512657348,51.34752302985196],[12.397878512659007,51.347517471746436],[12.397883743203463,51.34751297514511],[12.3978922064,51.34751125759636],[12.397900669596535,51.34751297514511],[12.39790590014099,51.347517471746436],[12.397905900142652,51.34752302985196],[12.397900669599222,51.34752752645427],[12.3978922064,51.34752924400364]]]}},{"type":"Feature","properties":{"wassersumme":20},"geometry":{"type":"Polygon","coordinates":[[[12.3976508097,51.34699916860364],[12.397642346598674,51.34699745105427],[12.397637116115748,51.346992954451956],[12.397637116117409,51.34698739634645],[12.397642346601362,51.34698289974513],[12.3976508097,51.34698118219637],[12.397659272798638,51.34698289974513],[12.397664503282591,51.34698739634645],[12.39766450328425,51.346992954451956],[12.397659272801327,51.34699745105427],[12.3976508097,51.34699916860364]]]}},{"type":"Feature","properties":{"wassersumme":110},"geometry":{"type":"Polygon","coordinates":[[[12.397529506,51.347005825903636],[12.397521042897445,51.34700410835427],[12.397515812413758,51.34699961175196],[12.397515812415419,51.34699405364643],[12.39752104290013,51.346989557045106],[12.397529506,51.346987839496364],[12.397537969099867,51.346989557045106],[12.397543199584579,51.34699405364643],[12.397543199586242,51.34699961175196],[12.397537969102556,51.34700410835427],[12.397529506,51.347005825903636]]]}},{"type":"Feature","properties":{"wassersumme":70},"geometry":{"type":"Polygon","coordinates":[[[12.3993599001,51.347825110103635],[12.399351436846135,51.34782339255427],[12.399346206268934,51.34781889595196],[12.399346206270593,51.347813337846446],[12.399351436848821,51.34780884124512],[12.3993599001,51.34780712369636],[12.39936836335118,51.34780884124512],[12.399373593929404,51.347813337846446],[12.399373593931065,51.34781889595196],[12.399368363353865,51.34782339255427],[12.3993599001,51.347825110103635]]]}},{"type":"Feature","properties":{"wassersumme":70},"geometry":{"type":"Polygon","coordinates":[[[12.399834396,51.34780021310364],[12.399825932750732,51.34779849555427],[12.399820702176372,51.34779399895196],[12.399820702178035,51.34778844084645],[12.39982593275342,51.34778394424512],[12.399834396,51.34778222669637],[12.399842859246577,51.34778394424512],[12.399848089821964,51.34778844084645],[12.399848089823626,51.34779399895196],[12.399842859249265,51.34779849555427],[12.399834396,51.34780021310364]]]}},{"type":"Feature","properties":{"wassersumme":270},"geometry":{"type":"Polygon","coordinates":[[[12.3975018563,51.34732386860364],[12.397493393138708,51.34732215105427],[12.397488162618721,51.34731765445197],[12.39748816262038,51.34731209634645],[12.397493393141394,51.34730759974513],[12.3975018563,51.347305882196366],[12.397510319458604,51.34730759974513],[12.39751554997962,51.34731209634645],[12.39751554998128,51.34731765445197],[12.397510319461292,51.34732215105427],[12.3975018563,51.34732386860364]]]}},{"type":"Feature","properties":{"wassersumme":115},"geometry":{"type":"Polygon","coordinates":[[[12.3977763764,51.347299930803636],[12.397767913243129,51.34729821325428],[12.397762682725874,51.34729371665195],[12.397762682727533,51.34728815854644],[12.397767913245815,51.34728366194511],[12.3977763764,51.347281944396364],[12.397784839554184,51.34728366194511],[12.397790070072466,51.34728815854644],[12.397790070074125,51.34729371665195],[12.397784839556872,51.34729821325428],[12.3977763764,51.347299930803636]]]}},{"type":"Feature","properties":{"wassersumme":70},"geometry":{"type":"Polygon","coordinates":[[[12.3996379646,51.347885700303635],[12.399629501334942,51.34788398275427],[12.399624270750826,51.34787948615195],[12.399624270752486,51.34787392804644],[12.39962950133763,51.34786943144511],[12.3996379646,51.347867713896356],[12.399646427862367,51.34786943144511],[12.399651658447508,51.34787392804644],[12.399651658449171,51.34787948615195],[12.399646427865056,51.34788398275427],[12.3996379646,51.347885700303635]]]}},{"type":"Feature","properties":{"wassersumme":109},"geometry":{"type":"Polygon","coordinates":[[[12.3979347022,51.347291307903646],[12.397926239044722,51.34728959035428],[12.397921008528451,51.34728509375197],[12.397921008530112,51.34727953564645],[12.39792623904741,51.34727503904513],[12.3979347022,51.34727332149636],[12.397943165352594,51.34727503904513],[12.397948395869891,51.34727953564645],[12.39794839587155,51.34728509375197],[12.39794316535528,51.34728959035428],[12.3979347022,51.347291307903646]]]}},{"type":"Feature","properties":{"wassersumme":15},"geometry":{"type":"Polygon","coordinates":[[[12.3981338968,51.34728125470364],[12.398125433646577,51.34727953715428],[12.398120203131453,51.34727504055196],[12.398120203133116,51.347269482446436],[12.398125433649264,51.34726498584512],[12.3981338968,51.347263268296366],[12.398142359950734,51.34726498584512],[12.398147590466884,51.347269482446436],[12.398147590468545,51.34727504055196],[12.398142359953422,51.34727953715428],[12.3981338968,51.34728125470364]]]}},{"type":"Feature","properties":{"wassersumme":130},"geometry":{"type":"Polygon","coordinates":[[[12.3977024043,51.347395972503634],[12.39769394112539,51.34739425495425],[12.397688710597174,51.34738975835195],[12.397688710598835,51.34738420024643],[12.397693941128079,51.34737970364511],[12.3977024043,51.34737798609634],[12.397710867471924,51.34737970364511],[12.397716098001167,51.34738420024643],[12.397716098002826,51.34738975835195],[12.39771086747461,51.34739425495425],[12.3977024043,51.347395972503634]]]}},{"type":"Feature","properties":{"wassersumme":420},"geometry":{"type":"Polygon","coordinates":[[[12.3990640458,51.34722925120363],[12.399055582656182,51.34722753365426],[12.399050352146995,51.347223037051954],[12.399050352148654,51.34721747894644],[12.399055582658868,51.34721298234512],[12.3990640458,51.347211264796364],[12.39907250894113,51.34721298234512],[12.399077739451347,51.34721747894644],[12.399077739453006,51.347223037051954],[12.399072508943819,51.34722753365426],[12.3990640458,51.34722925120363]]]}},{"type":"Feature","properties":{"wassersumme":90},"geometry":{"type":"Polygon","coordinates":[[[12.406588679699999,51.33294786820363],[12.406580219192636,51.33294615065426],[12.406574990312864,51.33294165405195],[12.406574990314523,51.332936095946444],[12.406580219195318,51.332931599345116],[12.406588679699999,51.33292988179635],[12.406597140204681,51.332931599345116],[12.406602369085476,51.332936095946444],[12.406602369087135,51.33294165405195],[12.406597140207364,51.33294615065426],[12.406588679699999,51.33294786820363]]]}},{"type":"Feature","properties":{"wassersumme":20},"geometry":{"type":"Polygon","coordinates":[[[12.4063924881,51.332595633603624],[12.406384027657635,51.332593916054265],[12.406378798818032,51.33258941945195],[12.406378798819693,51.33258386134643],[12.40638402766032,51.33257936474511],[12.4063924881,51.33257764719636],[12.406400948539684,51.33257936474511],[12.406406177380308,51.33258386134643],[12.40640617738197,51.33258941945195],[12.406400948542366,51.332593916054265],[12.4063924881,51.332595633603624]]]}},{"type":"Feature","properties":{"wassersumme":2},"geometry":{"type":"Polygon","coordinates":[[[12.4047872669,51.33282049500364],[12.40477880641614,51.33281877745427],[12.404773577550896,51.332814280851956],[12.404773577552554,51.332808722746435],[12.404778806418824,51.332804226145115],[12.4047872669,51.33280250859635],[12.404795727381176,51.332804226145115],[12.404800956247445,51.332808722746435],[12.404800956249105,51.332814280851956],[12.40479572738386,51.33281877745427],[12.4047872669,51.33282049500364]]]}},{"type":"Feature","properties":{"wassersumme":640},"geometry":{"type":"Polygon","coordinates":[[[12.4059901927,51.341753491303635],[12.405981730567303,51.34175177375427],[12.405976500683025,51.34174727715195],[12.405976500684686,51.34174171904644],[12.40598173056999,51.34173722244512],[12.4059901927,51.341735504896356],[12.405998654830006,51.34173722244512],[12.40600388471531,51.34174171904644],[12.406003884716972,51.34174727715195],[12.405998654832693,51.34175177375427],[12.4059901927,51.341753491303635]]]}},{"type":"Feature","properties":{"wassersumme":640},"geometry":{"type":"Polygon","coordinates":[[[12.4059717183,51.34180344830362],[12.405963256158081,51.34180173075426],[12.405958026268102,51.34179723415194],[12.405958026269763,51.341791676046434],[12.40596325616077,51.341787179445106],[12.4059717183,51.34178546189635],[12.405980180439231,51.341787179445106],[12.405985410330238,51.341791676046434],[12.405985410331898,51.34179723415194],[12.405980180441919,51.34180173075426],[12.4059717183,51.34180344830362]]]}},{"type":"Feature","properties":{"wassersumme":680},"geometry":{"type":"Polygon","coordinates":[[[12.4059510563,51.34187179450364],[12.405942594145463,51.34187007695427],[12.405937364247686,51.341865580351964],[12.405937364249347,51.34186002224646],[12.405942594148149,51.34185552564513],[12.4059510563,51.34185380809637],[12.40595951845185,51.34185552564513],[12.405964748350653,51.34186002224646],[12.405964748352313,51.341865580351964],[12.405959518454534,51.34187007695427],[12.4059510563,51.34187179450364]]]}},{"type":"Feature","properties":{"wassersumme":660},"geometry":{"type":"Polygon","coordinates":[[[12.405882404700002,51.34176774180363],[12.405873942564677,51.34176602425426],[12.405868712678771,51.341761527651954],[12.40586871268043,51.34175596954644],[12.405873942567363,51.341751472945106],[12.405882404700002,51.34174975539636],[12.405890866832639,51.341751472945106],[12.405896096719571,51.34175596954644],[12.40589609672123,51.341761527651954],[12.405890866835326,51.34176602425426],[12.405882404700002,51.34176774180363]]]}},{"type":"Feature","properties":{"wassersumme":600},"geometry":{"type":"Polygon","coordinates":[[[12.4058531286,51.34188689310363],[12.405844666442677,51.34188517555427],[12.405839436543175,51.34188067895194],[12.405839436544836,51.34187512084643],[12.405844666445361,51.341870624245104],[12.4058531286,51.341868906696355],[12.405861590754636,51.341870624245104],[12.405866820655165,51.34187512084643],[12.405866820656826,51.34188067895194],[12.405861590757324,51.34188517555427],[12.4058531286,51.34188689310363]]]}},{"type":"Feature","properties":{"wassersumme":680},"geometry":{"type":"Polygon","coordinates":[[[12.405946938900001,51.34191163660364],[12.40593847673811,51.34190991905426],[12.405933246835785,51.341905422451944],[12.405933246837444,51.34189986434644],[12.405938476740795,51.34189536774511],[12.405946938900001,51.34189365019635],[12.405955401059208,51.34189536774511],[12.405960630962557,51.34189986434644],[12.405960630964218,51.341905422451944],[12.405955401061894,51.34190991905426],[12.405946938900001,51.34191163660364]]]}},{"type":"Feature","properties":{"wassersumme":30},"geometry":{"type":"Polygon","coordinates":[[[12.4164102204,51.344928089603634],[12.41640175768114,51.34492637205427],[12.41639652743459,51.34492187545196],[12.41639652743625,51.34491631734644],[12.416401757683825,51.34491182074512],[12.4164102204,51.34491010319636],[12.41641868311617,51.34491182074512],[12.416423913363746,51.34491631734644],[12.416423913365406,51.34492187545196],[12.416418683118858,51.34492637205427],[12.4164102204,51.344928089603634]]]}},{"type":"Feature","properties":{"wassersumme":580},"geometry":{"type":"Polygon","coordinates":[[[12.4093830349,51.346557296803624],[12.40937457188028,51.34655557925426],[12.409369341447787,51.346551082651956],[12.409369341449448,51.34654552454645],[12.409374571882966,51.34654102794511],[12.4093830349,51.34653931039635],[12.409391497917033,51.34654102794511],[12.409396728350552,51.34654552454645],[12.409396728352213,51.346551082651956],[12.40939149791972,51.34655557925426],[12.4093830349,51.346557296803624]]]}},{"type":"Feature","properties":{"wassersumme":420},"geometry":{"type":"Polygon","coordinates":[[[12.4092237461,51.34656780260363],[12.409215283078339,51.34656608505426],[12.409210052644646,51.346561588451955],[12.409210052646308,51.346556030346434],[12.409215283081027,51.346551533745114],[12.4092237461,51.34654981619636],[12.409232209118974,51.346551533745114],[12.40923743955369,51.346556030346434],[12.409237439555353,51.346561588451955],[12.40923220912166,51.34656608505426],[12.4092237461,51.34656780260363]]]}},{"type":"Feature","properties":{"wassersumme":80},"geometry":{"type":"Polygon","coordinates":[[[12.4092161653,51.34647562640364],[12.40920770229536,51.34647390885427],[12.40920247187219,51.346469412251956],[12.409202471873853,51.34646385414644],[12.409207702298048,51.34645935754512],[12.4092161653,51.34645763999636],[12.409224628301951,51.34645935754512],[12.409229858726148,51.34646385414644],[12.40922985872781,51.346469412251956],[12.409224628304639,51.34647390885427],[12.4092161653,51.34647562640364]]]}},{"type":"Feature","properties":{"wassersumme":7},"geometry":{"type":"Polygon","coordinates":[[[12.3869598845,51.35930273230364],[12.386951419125632,51.35930101475427],[12.38694618723789,51.359296518151965],[12.386946187239552,51.35929096004644],[12.386951419128321,51.359286463445116],[12.3869598845,51.35928474589636],[12.38696834987168,51.359286463445116],[12.386973581760447,51.35929096004644],[12.38697358176211,51.359296518151965],[12.386968349874369,51.35930101475427],[12.3869598845,51.35930273230364]]]}},{"type":"Feature","properties":{"wassersumme":5},"geometry":{"type":"Polygon","coordinates":[[[12.387166839700003,51.359475268803635],[12.387158374293747,51.35947355125427],[12.387153142386296,51.35946905465195],[12.387153142387959,51.35946349654644],[12.387158374296437,51.359458999945105],[12.387166839700003,51.35945728239635],[12.387175305103566,51.359458999945105],[12.387180537012044,51.35946349654644],[12.387180537013707,51.35946905465195],[12.387175305106256,51.35947355125427],[12.387166839700003,51.359475268803635]]]}},{"type":"Feature","properties":{"wassersumme":5},"geometry":{"type":"Polygon","coordinates":[[[12.387062047500002,51.35938811680363],[12.387053582109854,51.359386399254255],[12.387048350212359,51.35938190265194],[12.387048350214018,51.35937634454645],[12.387053582112541,51.35937184794511],[12.387062047500002,51.35937013039636],[12.387070512887462,51.35937184794511],[12.387075744785982,51.35937634454645],[12.387075744787644,51.35938190265194],[12.38707051289015,51.359386399254255],[12.387062047500002,51.35938811680363]]]}},{"type":"Feature","properties":{"wassersumme":5},"geometry":{"type":"Polygon","coordinates":[[[12.3874045949,51.35966953810363],[12.38739612945784,51.35966782055427],[12.387390897528201,51.359663323951956],[12.387390897529862,51.35965776584645],[12.38739612946053,51.35965326924513],[12.3874045949,51.359651551696366],[12.387413060339467,51.35965326924513],[12.387418292270135,51.35965776584645],[12.3874182922718,51.359663323951956],[12.387413060342157,51.35966782055427],[12.3874045949,51.35966953810363]]]}},{"type":"Feature","properties":{"wassersumme":5},"geometry":{"type":"Polygon","coordinates":[[[12.3872852633,51.35957027980363],[12.387276797876186,51.35956856225427],[12.387271565957883,51.35956406565195],[12.387271565959546,51.359558507546446],[12.387276797878874,51.35955401094512],[12.3872852633,51.35955229339637],[12.387293728721126,51.35955401094512],[12.387298960640457,51.359558507546446],[12.387298960642116,51.35956406565195],[12.387293728723815,51.35956856225427],[12.3872852633,51.35957027980363]]]}},{"type":"Feature","properties":{"wassersumme":5},"geometry":{"type":"Polygon","coordinates":[[[12.3875353091,51.35978083250363],[12.387526843637273,51.35977911495427],[12.38752161169492,51.35977461835195],[12.387521611696585,51.35976906024644],[12.387526843639963,51.35976456364512],[12.3875353091,51.359762846096366],[12.387543774560038,51.35976456364512],[12.387549006503416,51.35976906024644],[12.38754900650508,51.35977461835195],[12.387543774562728,51.35977911495427],[12.3875353091,51.35978083250363]]]}},{"type":"Feature","properties":{"wassersumme":260},"geometry":{"type":"Polygon","coordinates":[[[12.391874551599999,51.36077849940364],[12.39186608595288,51.36077678185427],[12.391860853896567,51.360772285251954],[12.39186085389823,51.36076672714645],[12.39186608595557,51.36076223054512],[12.391874551599999,51.36076051299637],[12.391883017244428,51.36076223054512],[12.391888249301767,51.36076672714645],[12.39188824930343,51.360772285251954],[12.39188301724712,51.36077678185427],[12.391874551599999,51.36077849940364]]]}},{"type":"Feature","properties":{"wassersumme":70},"geometry":{"type":"Polygon","coordinates":[[[12.3825963914,51.361235755103635],[12.382587925668366,51.36123403755427],[12.382582693559822,51.36122954095195],[12.382582693561481,51.36122398284643],[12.382587925671055,51.36121948624511],[12.3825963914,51.361217768696356],[12.382604857128944,51.36121948624511],[12.382610089238517,51.36122398284643],[12.382610089240178,51.36122954095195],[12.382604857131634,51.36123403755427],[12.3825963914,51.361235755103635]]]}},{"type":"Feature","properties":{"wassersumme":70},"geometry":{"type":"Polygon","coordinates":[[[12.3836746443,51.36125985390364],[12.38366617856391,51.36125813635426],[12.383660946452613,51.36125363975196],[12.383660946454274,51.36124808164643],[12.3836661785666,51.361243585045116],[12.3836746443,51.36124186749636],[12.383683110033399,51.361243585045116],[12.383688342145723,51.36124808164643],[12.383688342147385,51.36125363975196],[12.383683110036088,51.36125813635426],[12.3836746443,51.36125985390364]]]}},{"type":"Feature","properties":{"wassersumme":20},"geometry":{"type":"Polygon","coordinates":[[[12.408444556499997,51.37038654830362],[12.408436089076554,51.37038483075426],[12.40843085592241,51.370380334151946],[12.408430855924074,51.37037477604644],[12.408436089079244,51.37037027944511],[12.408444556499997,51.370368561896356],[12.408453023920753,51.37037027944511],[12.408458257075925,51.37037477604644],[12.408458257077587,51.370380334151946],[12.408453023923444,51.37038483075426],[12.408444556499997,51.37038654830362]]]}},{"type":"Feature","properties":{"wassersumme":1095},"geometry":{"type":"Polygon","coordinates":[[[12.408662954999999,51.37060552770364],[12.408654487536056,51.370603810154265],[12.408649254356888,51.37059931355196],[12.408649254358549,51.37059375544644],[12.408654487538747,51.37058925884512],[12.408662954999999,51.370587541296366],[12.40867142246125,51.37058925884512],[12.408676655641449,51.37059375544644],[12.40867665564311,51.37059931355196],[12.40867142246394,51.370603810154265],[12.408662954999999,51.37060552770364]]]}},{"type":"Feature","properties":{"wassersumme":110},"geometry":{"type":"Polygon","coordinates":[[[12.472704241,51.35688950120364],[12.472695776071596,51.35688778365427],[12.472690544459475,51.35688328705196],[12.472690544461138,51.35687772894644],[12.472695776074286,51.356873232345116],[12.472704241,51.35687151479637],[12.472712705925717,51.356873232345116],[12.472717937538865,51.35687772894644],[12.472717937540528,51.35688328705196],[12.472712705928407,51.35688778365427],[12.472704241,51.35688950120364]]]}},{"type":"Feature","properties":{"wassersumme":240},"geometry":{"type":"Polygon","coordinates":[[[12.293130779800002,51.268323740403616],[12.29312233119569,51.268322022854264],[12.293117109672405,51.26831752625195],[12.293117109674055,51.268311968146435],[12.293122331198363,51.268307471545114],[12.293130779800002,51.26830575399636],[12.293139228401639,51.268307471545114],[12.293144449925947,51.268311968146435],[12.293144449927597,51.26831752625195],[12.293139228404312,51.268322022854264],[12.293130779800002,51.268323740403616]]]}},{"type":"Feature","properties":{"wassersumme":240},"geometry":{"type":"Polygon","coordinates":[[[12.2931705006,51.268245599803635],[12.293162052010054,51.26824388225426],[12.293156830495647,51.26823938565196],[12.293156830497301,51.26823382754644],[12.293162052012729,51.26822933094511],[12.2931705006,51.26822761339635],[12.293178949187274,51.26822933094511],[12.2931841707027,51.26823382754644],[12.293184170704356,51.26823938565196],[12.293178949189947,51.26824388225426],[12.2931705006,51.268245599803635]]]}},{"type":"Feature","properties":{"wassersumme":85},"geometry":{"type":"Polygon","coordinates":[[[12.2990765326,51.31593742230363],[12.299068075230066,51.31593570475426],[12.299062848289331,51.31593120815195],[12.29906284829099,51.31592565004644],[12.299068075232748,51.31592115344512],[12.2990765326,51.315919435896355],[12.299084989967248,51.31592115344512],[12.299090216909006,51.31592565004644],[12.299090216910665,51.31593120815195],[12.29908498996993,51.31593570475426],[12.2990765326,51.31593742230363]]]}},{"type":"Feature","properties":{"wassersumme":265},"geometry":{"type":"Polygon","coordinates":[[[12.411030715699999,51.37328386460363],[12.411022247740707,51.373282147054255],[12.411017014255396,51.37327765045195],[12.411017014257059,51.37327209234643],[12.4110222477434,51.37326759574511],[12.411030715699999,51.37326587819636],[12.411039183656602,51.37326759574511],[12.411044417142941,51.37327209234643],[12.411044417144605,51.37327765045195],[12.411039183659293,51.373282147054255],[12.411030715699999,51.37328386460363]]]}},{"type":"Feature","properties":{"wassersumme":80},"geometry":{"type":"Polygon","coordinates":[[[12.4122041273,51.37468812350363],[12.412195659080965,51.374686405954265],[12.412190425435123,51.374681909351956],[12.412190425436785,51.37467635124644],[12.412195659083656,51.37467185464512],[12.4122041273,51.374670137096366],[12.412212595516346,51.37467185464512],[12.412217829163216,51.37467635124644],[12.412217829164879,51.374681909351956],[12.412212595519037,51.374686405954265],[12.4122041273,51.37468812350363]]]}},{"type":"Feature","properties":{"wassersumme":30},"geometry":{"type":"Polygon","coordinates":[[[12.3701831379,51.337301483003635],[12.370174676589155,51.33729976545427],[12.370169447212804,51.33729526885195],[12.370169447214465,51.33728971074644],[12.370174676591839,51.337285214145126],[12.3701831379,51.33728349659636],[12.370191599208159,51.337285214145126],[12.370196828585534,51.33728971074644],[12.370196828587195,51.33729526885195],[12.370191599210846,51.33729976545427],[12.3701831379,51.337301483003635]]]}},{"type":"Feature","properties":{"wassersumme":600},"geometry":{"type":"Polygon","coordinates":[[[12.4058412888,51.34218037450363],[12.40583282658849,51.34217865695427],[12.405827596655502,51.34217416035196],[12.405827596657163,51.342168602246446],[12.405832826591176,51.34216410564512],[12.4058412888,51.34216238809636],[12.405849751008821,51.34216410564512],[12.405854980942836,51.342168602246446],[12.405854980944495,51.34217416035196],[12.405849751011509,51.34217865695427],[12.4058412888,51.34218037450363]]]}},{"type":"Feature","properties":{"wassersumme":600},"geometry":{"type":"Polygon","coordinates":[[[12.4058302596,51.342284100603635],[12.40582179736934,51.34228238305427],[12.405816567424516,51.34227788645195],[12.405816567426175,51.342272328346446],[12.405821797372028,51.34226783174512],[12.4058302596,51.342266114196356],[12.405838721827973,51.34226783174512],[12.405843951773825,51.342272328346446],[12.405843951775484,51.34227788645195],[12.40583872183066,51.34228238305427],[12.4058302596,51.342284100603635]]]}},{"type":"Feature","properties":{"wassersumme":20},"geometry":{"type":"Polygon","coordinates":[[[12.3232588088,51.32443781270362],[12.323250349862626,51.32443609515426],[12.323245121953162,51.324431598551946],[12.32324512195482,51.32442604044644],[12.323250349865312,51.32442154384511],[12.3232588088,51.32441982629636],[12.323267267734689,51.32442154384511],[12.323272495645181,51.32442604044644],[12.323272495646838,51.324431598551946],[12.323267267737373,51.32443609515426],[12.3232588088,51.32443781270362]]]}},{"type":"Feature","properties":{"wassersumme":100},"geometry":{"type":"Polygon","coordinates":[[[12.323235518200002,51.32434863620363],[12.323227059279075,51.324346918654264],[12.323221831379778,51.32434242205195],[12.323221831381435,51.32433686394644],[12.32322705928176,51.32433236734511],[12.323235518200002,51.32433064979636],[12.323243977118244,51.32433236734511],[12.323249205018568,51.32433686394644],[12.323249205020225,51.32434242205195],[12.323243977120928,51.324346918654264],[12.323235518200002,51.32434863620363]]]}},{"type":"Feature","properties":{"wassersumme":100},"geometry":{"type":"Polygon","coordinates":[[[12.3232114178,51.32425706150363],[12.323202958895964,51.32425534395426],[12.323197731007104,51.32425084735195],[12.323197731008761,51.32424528924645],[12.323202958898648,51.32424079264512],[12.3232114178,51.32423907509636],[12.323219876701351,51.32424079264512],[12.323225104591234,51.32424528924645],[12.323225104592895,51.32425084735195],[12.323219876704036,51.32425534395426],[12.3232114178,51.32425706150363]]]}},{"type":"Feature","properties":{"wassersumme":100},"geometry":{"type":"Polygon","coordinates":[[[12.3231880581,51.32416907330363],[12.323179599212194,51.32416735575427],[12.323174371333362,51.324162859151954],[12.32317437133502,51.32415730104644],[12.323179599214876,51.32415280444512],[12.3231880581,51.324151086896364],[12.323196516985123,51.32415280444512],[12.323201744864978,51.32415730104644],[12.323201744866637,51.324162859151954],[12.323196516987807,51.32416735575427],[12.3231880581,51.32416907330363]]]}},{"type":"Feature","properties":{"wassersumme":70},"geometry":{"type":"Polygon","coordinates":[[[12.323163680999999,51.32408225170363],[12.323155222128204,51.324080534154255],[12.323149994259273,51.32407603755196],[12.32314999426093,51.32407047944644],[12.32315522213089,51.32406598284511],[12.323163680999999,51.32406426529635],[12.32317213986911,51.32406598284511],[12.323177367739069,51.32407047944644],[12.323177367740726,51.32407603755196],[12.323172139871794,51.324080534154255],[12.323163680999999,51.32408225170363]]]}},{"type":"Feature","properties":{"wassersumme":70},"geometry":{"type":"Polygon","coordinates":[[[12.323141339,51.32399309690363],[12.32313288014465,51.32399137935427],[12.323127652285878,51.32398688275196],[12.323127652287537,51.32398132464644],[12.323132880147332,51.32397682804512],[12.323141339,51.323975110496356],[12.323149797852665,51.32397682804512],[12.323155025712461,51.32398132464644],[12.323155025714122,51.32398688275196],[12.323149797855349,51.32399137935427],[12.323141339,51.32399309690363]]]}},{"type":"Feature","properties":{"wassersumme":190},"geometry":{"type":"Polygon","coordinates":[[[12.3231187547,51.32390810100364],[12.323110295860324,51.32390638345427],[12.323105068011243,51.32390188685196],[12.3231050680129,51.323896328746436],[12.323110295863009,51.32389183214511],[12.3231187547,51.32389011459636],[12.32312721353699,51.32389183214511],[12.323132441387097,51.323896328746436],[12.323132441388756,51.32390188685196],[12.323127213539673,51.32390638345427],[12.3231187547,51.32390810100364]]]}},{"type":"Feature","properties":{"wassersumme":550},"geometry":{"type":"Polygon","coordinates":[[[12.3239585702,51.32581570890363],[12.323950111008477,51.325813991354266],[12.323944882941937,51.32580949475195],[12.323944882943598,51.32580393664643],[12.323950111011161,51.32579944004511],[12.3239585702,51.325797722496354],[12.323967029388843,51.32579944004511],[12.323972257456404,51.32580393664643],[12.323972257458063,51.32580949475195],[12.323967029391525,51.325813991354266],[12.3239585702,51.32581570890363]]]}},{"type":"Feature","properties":{"wassersumme":350},"geometry":{"type":"Polygon","coordinates":[[[12.4464382742,51.37777553970364],[12.446429805409814,51.377773822154275],[12.446424571410983,51.37776932555197],[12.446424571412647,51.37776376744644],[12.446429805412505,51.37775927084512],[12.4464382742,51.37775755329636],[12.446446742987492,51.37775927084512],[12.446451976987353,51.37776376744644],[12.446451976989017,51.37776932555197],[12.446446742990187,51.377773822154275],[12.4464382742,51.37777553970364]]]}},{"type":"Feature","properties":{"wassersumme":240},"geometry":{"type":"Polygon","coordinates":[[[12.276698046,51.32590700980364],[12.276689586791635,51.325905292254276],[12.276684358714686,51.325900795651954],[12.276684358716347,51.32589523754645],[12.276689586794319,51.32589074094511],[12.276698046,51.32588902339636],[12.276706505205679,51.32589074094511],[12.276711733283651,51.32589523754645],[12.276711733285312,51.325900795651954],[12.276706505208365,51.325905292254276],[12.276698046,51.32590700980364]]]}},{"type":"Feature","properties":{"wassersumme":610},"geometry":{"type":"Polygon","coordinates":[[[12.2766011069,51.32589072330364],[12.276592647694638,51.32588900575427],[12.276587419619547,51.325884509151955],[12.276587419621206,51.32587895104645],[12.276592647697322,51.32587445444512],[12.2766011069,51.32587273689636],[12.276609566102676,51.32587445444512],[12.276614794178792,51.32587895104645],[12.27661479418045,51.325884509151955],[12.27660956610536,51.32588900575427],[12.2766011069,51.32589072330364]]]}},{"type":"Feature","properties":{"wassersumme":640},"geometry":{"type":"Polygon","coordinates":[[[12.2764288376,51.32586413940365],[12.276420378399541,51.325862421854275],[12.27641515032748,51.32585792525196],[12.276415150329141,51.325852367146446],[12.276420378402225,51.325847870545125],[12.2764288376,51.325846152996355],[12.276437296797772,51.325847870545125],[12.276442524870856,51.325852367146446],[12.276442524872516,51.32585792525196],[12.276437296800456,51.325862421854275],[12.2764288376,51.32586413940365]]]}},{"type":"Feature","properties":{"wassersumme":240},"geometry":{"type":"Polygon","coordinates":[[[12.2763338736,51.32584843830363],[12.276325414402438,51.32584672075427],[12.27632018633217,51.325842224151955],[12.276320186333828,51.32583666604645],[12.276325414405122,51.32583216944511],[12.2763338736,51.32583045189636],[12.27634233279488,51.32583216944511],[12.27634756086617,51.32583666604645],[12.276347560867832,51.325842224151955],[12.276342332797563,51.32584672075427],[12.2763338736,51.32584843830363]]]}},{"type":"Feature","properties":{"wassersumme":240},"geometry":{"type":"Polygon","coordinates":[[[12.2762379009,51.32583280360364],[12.276229441705324,51.32583108605427],[12.276224213636837,51.325826589451964],[12.276224213638494,51.32582103134646],[12.276229441708008,51.32581653474513],[12.2762379009,51.325814817196374],[12.276246360091994,51.32581653474513],[12.276251588161506,51.32582103134646],[12.276251588163166,51.325826589451964],[12.27624636009468,51.32583108605427],[12.2762379009,51.32583280360364]]]}},{"type":"Feature","properties":{"wassersumme":620},"geometry":{"type":"Polygon","coordinates":[[[12.276139926600003,51.325817032303625],[12.276131467408234,51.325815314754266],[12.276126239341545,51.32581081815195],[12.276126239343203,51.325805260046444],[12.276131467410918,51.325800763445116],[12.276139926600003,51.32579904589635],[12.276148385789089,51.325800763445116],[12.2761536138568,51.325805260046444],[12.276153613858462,51.32581081815195],[12.276148385791773,51.325815314754266],[12.276139926600003,51.325817032303625]]]}},{"type":"Feature","properties":{"wassersumme":240},"geometry":{"type":"Polygon","coordinates":[[[12.2759574259,51.32588554830363],[12.275948966695593,51.325883830754265],[12.275943738621093,51.325879334151956],[12.27594373862275,51.32587377604645],[12.275948966698277,51.32586927944512],[12.2759574259,51.32586756189636],[12.275965885101721,51.32586927944512],[12.275971113177247,51.32587377604645],[12.275971113178906,51.325879334151956],[12.275965885104407,51.325883830754265],[12.2759574259,51.32588554830363]]]}},{"type":"Feature","properties":{"wassersumme":590},"geometry":{"type":"Polygon","coordinates":[[[12.323942381,51.32332644380363],[12.323933922267601,51.32332472625426],[12.323928694484819,51.32332022965196],[12.32392869448648,51.32331467154644],[12.323933922270285,51.32331017494512],[12.323942381,51.32330845739637],[12.323950839729713,51.32331017494512],[12.32395606751352,51.32331467154644],[12.323956067515178,51.32332022965196],[12.323950839732397,51.32332472625426],[12.323942381,51.32332644380363]]]}},{"type":"Feature","properties":{"wassersumme":360},"geometry":{"type":"Polygon","coordinates":[[[12.3238026552,51.32334465520363],[12.323794196464242,51.32334293765426],[12.323788968679386,51.32333844105196],[12.323788968681043,51.32333288294643],[12.323794196466928,51.3233283863451],[12.3238026552,51.32332666879635],[12.323811113933074,51.3233283863451],[12.323816341718954,51.32333288294643],[12.323816341720612,51.32333844105196],[12.323811113935758,51.32334293765426],[12.3238026552,51.32334465520363]]]}},{"type":"Feature","properties":{"wassersumme":420},"geometry":{"type":"Polygon","coordinates":[[[12.323663065300002,51.32336053110364],[12.323654606561314,51.32335881355427],[12.323649378774649,51.323354316951956],[12.323649378776308,51.32334875884645],[12.323654606564,51.32334426224512],[12.323663065300002,51.32334254469636],[12.323671524036001,51.32334426224512],[12.323676751823694,51.32334875884645],[12.323676751825355,51.323354316951956],[12.323671524038687,51.32335881355427],[12.323663065300002,51.32336053110364]]]}},{"type":"Feature","properties":{"wassersumme":330},"geometry":{"type":"Polygon","coordinates":[[[12.323519753299998,51.323376231703634],[12.323511294558418,51.32337451415427],[12.32350606676996,51.32337001755196],[12.323506066771618,51.323364459446445],[12.323511294561103,51.323359962845124],[12.323519753299998,51.32335824529636],[12.323528212038894,51.323359962845124],[12.323533439828376,51.323364459446445],[12.323533439830037,51.32337001755196],[12.323528212041579,51.32337451415427],[12.323519753299998,51.323376231703634]]]}},{"type":"Feature","properties":{"wassersumme":330},"geometry":{"type":"Polygon","coordinates":[[[12.323378163500001,51.32339440000363],[12.323369704755068,51.32339268245426],[12.32336447696454,51.32338818585196],[12.3233644769662,51.32338262774643],[12.323369704757752,51.32337813114511],[12.323378163500001,51.323376413596364],[12.323386622242246,51.32337813114511],[12.323391850033799,51.32338262774643],[12.323391850035458,51.32338818585196],[12.32338662224493,51.32339268245426],[12.323378163500001,51.32339440000363]]]}},{"type":"Feature","properties":{"wassersumme":300},"geometry":{"type":"Polygon","coordinates":[[[12.3232385053,51.32341144310362],[12.323230046551927,51.323409725554264],[12.323224818759455,51.32340522895195],[12.323224818761116,51.32339967084644],[12.32323004655461,51.32339517424511],[12.3232385053,51.32339345669636],[12.323246964045392,51.32339517424511],[12.323252191838886,51.32339967084644],[12.323252191840545,51.32340522895195],[12.323246964048074,51.323409725554264],[12.3232385053,51.32341144310362]]]}},{"type":"Feature","properties":{"wassersumme":300},"geometry":{"type":"Polygon","coordinates":[[[12.3230991264,51.32342615390363],[12.323090667649215,51.32342443635425],[12.323085439855063,51.32341993975196],[12.323085439856724,51.32341438164643],[12.323090667651897,51.32340988504511],[12.3230991264,51.32340816749635],[12.323107585148103,51.32340988504511],[12.323112812943275,51.32341438164643],[12.323112812944936,51.32341993975196],[12.323107585150789,51.32342443635425],[12.3230991264,51.32342615390363]]]}},{"type":"Feature","properties":{"wassersumme":250},"geometry":{"type":"Polygon","coordinates":[[[12.3229574683,51.323445489303644],[12.322949009545646,51.32344377175427],[12.322943781749295,51.32343927515197],[12.322943781750956,51.32343371704644],[12.32294900954833,51.32342922044512],[12.3229574683,51.32342750289637],[12.322965927051671,51.32342922044512],[12.322971154849046,51.32343371704644],[12.322971154850705,51.32343927515197],[12.322965927054355,51.32344377175427],[12.3229574683,51.323445489303644]]]}},{"type":"Feature","properties":{"wassersumme":330},"geometry":{"type":"Polygon","coordinates":[[[12.3245846927,51.323253434403625],[12.32457623398107,51.32325171685426],[12.324571006206607,51.32324722025196],[12.324571006208268,51.32324166214644],[12.324576233983752,51.323237165545116],[12.3245846927,51.32323544799636],[12.32459315141625,51.323237165545116],[12.324598379191734,51.32324166214644],[12.324598379193395,51.32324722025196],[12.324593151418933,51.32325171685426],[12.3245846927,51.323253434403625]]]}},{"type":"Feature","properties":{"wassersumme":170},"geometry":{"type":"Polygon","coordinates":[[[12.3244778414,51.32326421330364],[12.32446938267908,51.32326249575427],[12.32446415490339,51.32325799915196],[12.324464154905048,51.32325244104644],[12.324469382681762,51.32324794444513],[12.3244778414,51.323246226896366],[12.324486300118236,51.32324794444513],[12.324491527894951,51.32325244104644],[12.32449152789661,51.32325799915196],[12.32448630012092,51.32326249575427],[12.3244778414,51.32326421330364]]]}},{"type":"Feature","properties":{"wassersumme":180},"geometry":{"type":"Polygon","coordinates":[[[12.304028085,51.33212426600364],[12.304019624644612,51.33212254845427],[12.304014395858768,51.332118051851964],[12.30401439586043,51.33211249374645],[12.3040196246473,51.33210799714513],[12.304028085,51.33210627959637],[12.304036545352703,51.33210799714513],[12.304041774139574,51.33211249374645],[12.304041774141233,51.332118051851964],[12.30403654535539,51.33212254845427],[12.304028085,51.33212426600364]]]}},{"type":"Feature","properties":{"wassersumme":180},"geometry":{"type":"Polygon","coordinates":[[[12.3041177217,51.33205986360364],[12.304109261356498,51.33205814605427],[12.304104032577998,51.332053649451964],[12.304104032579659,51.332048091346444],[12.304109261359182,51.332043594745116],[12.3041177217,51.33204187719637],[12.30412618204082,51.332043594745116],[12.304131410820343,51.332048091346444],[12.304131410822004,51.332053649451964],[12.304126182043504,51.33205814605427],[12.3041177217,51.33205986360364]]]}},{"type":"Feature","properties":{"wassersumme":30},"geometry":{"type":"Polygon","coordinates":[[[12.3042113464,51.33199600270361],[12.30420288606828,51.331994285154266],[12.304197657297061,51.33198978855194],[12.304197657298722,51.33198423044643],[12.304202886070966,51.3319797338451],[12.3042113464,51.331978016296354],[12.304219806729037,51.3319797338451],[12.304225035501277,51.33198423044643],[12.304225035502938,51.33198978855194],[12.304219806731721,51.331994285154266],[12.3042113464,51.33199600270361]]]}},{"type":"Feature","properties":{"wassersumme":660},"geometry":{"type":"Polygon","coordinates":[[[12.3056606926,51.33103200980363],[12.305652232446151,51.33103029225427],[12.305647003784866,51.331025795651954],[12.305647003786527,51.33102023754645],[12.305652232448836,51.33101574094512],[12.3056606926,51.331014023396364],[12.305669152751161,51.33101574094512],[12.305674381413473,51.33102023754645],[12.305674381415132,51.331025795651954],[12.305669152753847,51.33103029225427],[12.3056606926,51.33103200980363]]]}},{"type":"Feature","properties":{"wassersumme":400},"geometry":{"type":"Polygon","coordinates":[[[12.3057564913,51.33097017640364],[12.305748031157563,51.330968458854265],[12.305742802503328,51.330963962251964],[12.305742802504987,51.33095840414644],[12.305748031160245,51.33095390754513],[12.3057564913,51.33095218999636],[12.305764951439755,51.33095390754513],[12.305770180095015,51.33095840414644],[12.305770180096673,51.330963962251964],[12.30576495144244,51.330968458854265],[12.3057564913,51.33097017640364]]]}},{"type":"Feature","properties":{"wassersumme":980},"geometry":{"type":"Polygon","coordinates":[[[12.3063366083,51.33063068670364],[12.3063281482202,51.33062896915428],[12.306322919604678,51.33062447255197],[12.306322919606338,51.33061891444645],[12.306328148222885,51.33061441784512],[12.3063366083,51.33061270029637],[12.306345068377114,51.33061441784512],[12.306350296993664,51.33061891444645],[12.306350296995321,51.33062447255197],[12.3063450683798,51.33062896915428],[12.3063366083,51.33063068670364]]]}},{"type":"Feature","properties":{"wassersumme":705},"geometry":{"type":"Polygon","coordinates":[[[12.3064359118,51.33057271100363],[12.306427451730897,51.330570993454266],[12.306422223121988,51.33056649685196],[12.306422223123645,51.330560938746444],[12.30642745173358,51.330556442145124],[12.3064359118,51.33055472459636],[12.30644437186642,51.330556442145124],[12.306449600476354,51.330560938746444],[12.306449600478011,51.33056649685196],[12.306444371869103,51.330570993454266],[12.3064359118,51.33057271100363]]]}},{"type":"Feature","properties":{"wassersumme":705},"geometry":{"type":"Polygon","coordinates":[[[12.306532230400002,51.33051421680363],[12.30652377034169,51.33051249925427],[12.30651854173945,51.33050800265195],[12.30651854174111,51.33050244454644],[12.306523770344375,51.33049794794512],[12.306532230400002,51.330496230396356],[12.306540690455627,51.33049794794512],[12.306545919058893,51.33050244454644],[12.306545919060552,51.33050800265195],[12.30654069045831,51.33051249925427],[12.306532230400002,51.33051421680363]]]}},{"type":"Feature","properties":{"wassersumme":730},"geometry":{"type":"Polygon","coordinates":[[[12.3072877097,51.330232182803634],[12.307279249693725,51.330230465254274],[12.307274021123646,51.33022596865196],[12.307274021125306,51.33022041054645],[12.307279249696412,51.33021591394511],[12.3072877097,51.33021419639637],[12.307296169703589,51.33021591394511],[12.307301398274692,51.33022041054645],[12.307301398276355,51.33022596865196],[12.307296169706273,51.330230465254274],[12.3072877097,51.330232182803634]]]}},{"type":"Feature","properties":{"wassersumme":250},"geometry":{"type":"Polygon","coordinates":[[[12.32382945,51.33328765780362],[12.323820989429933,51.33328594025426],[12.32381576051141,51.33328144365196],[12.32381576051307,51.33327588554643],[12.323820989432619,51.33327138894511],[12.32382945,51.33326967139635],[12.32383791056738,51.33327138894511],[12.32384313948693,51.33327588554643],[12.323843139488591,51.33328144365196],[12.323837910570068,51.33328594025426],[12.32382945,51.33328765780362]]]}},{"type":"Feature","properties":{"wassersumme":130},"geometry":{"type":"Polygon","coordinates":[[[12.4076138458,51.347121631003624],[12.407605382676056,51.34711991345427],[12.407600152179153,51.347115416851956],[12.407600152180816,51.34710985874645],[12.407605382678744,51.347105362145115],[12.4076138458,51.347103644596366],[12.407622308921255,51.347105362145115],[12.407627539419186,51.34710985874645],[12.407627539420846,51.347115416851956],[12.407622308923942,51.34711991345427],[12.4076138458,51.347121631003624]]]}},{"type":"Feature","properties":{"wassersumme":50},"geometry":{"type":"Polygon","coordinates":[[[12.407636161700001,51.34726818750364],[12.40762769854899,51.34726646995426],[12.40762246803536,51.347261973351955],[12.40762246803702,51.34725641524645],[12.407627698551678,51.34725191864513],[12.407636161700001,51.34725020109636],[12.407644624848322,51.34725191864513],[12.40764985536298,51.34725641524645],[12.40764985536464,51.347261973351955],[12.407644624851011,51.34726646995426],[12.407636161700001,51.34726818750364]]]}},{"type":"Feature","properties":{"wassersumme":110},"geometry":{"type":"Polygon","coordinates":[[[12.414596043900001,51.35302470390363],[12.414587579685678,51.35302298635426],[12.414582348514884,51.353018489751946],[12.414582348516545,51.35301293164644],[12.414587579688366,51.35300843504512],[12.414596043900001,51.353006717496356],[12.414604508111635,51.35300843504512],[12.414609739283456,51.35301293164644],[12.414609739285117,51.353018489751946],[12.414604508114323,51.35302298635426],[12.414596043900001,51.35302470390363]]]}},{"type":"Feature","properties":{"wassersumme":250},"geometry":{"type":"Polygon","coordinates":[[[12.2664612564,51.316959621003626],[12.266452798841618,51.316957903454266],[12.266447571784417,51.31695340685196],[12.266447571786076,51.31694784874644],[12.2664527988443,51.3169433521451],[12.2664612564,51.316941634596354],[12.2664697139557,51.3169433521451],[12.266474941013925,51.31694784874644],[12.266474941015584,51.31695340685196],[12.266469713958383,51.316957903454266],[12.2664612564,51.316959621003626]]]}},{"type":"Feature","properties":{"wassersumme":150},"geometry":{"type":"Polygon","coordinates":[[[12.3159689069,51.34658701650363],[12.31596044387479,51.34658529895426],[12.315955213438906,51.34658080235196],[12.315955213440569,51.34657524424643],[12.315960443877477,51.3465707476451],[12.3159689069,51.34656903009636],[12.315977369922525,51.3465707476451],[12.315982600359433,51.34657524424643],[12.315982600361096,51.34658080235196],[12.31597736992521,51.34658529895426],[12.3159689069,51.34658701650363]]]}},{"type":"Feature","properties":{"wassersumme":435},"geometry":{"type":"Polygon","coordinates":[[[12.3724864089,51.32681207980364],[12.372477949524685,51.32681036225427],[12.37247272134456,51.32680586565197],[12.372472721346217,51.32680030754645],[12.372477949527369,51.32679581094513],[12.3724864089,51.326794093396366],[12.372494868272636,51.32679581094513],[12.372500096453788,51.32680030754645],[12.372500096455445,51.32680586565197],[12.37249486827532,51.32681036225427],[12.3724864089,51.32681207980364]]]}},{"type":"Feature","properties":{"wassersumme":80},"geometry":{"type":"Polygon","coordinates":[[[12.3720391001,51.32680437660363],[12.372030640726104,51.326802659054266],[12.372025412546854,51.32679816245195],[12.372025412548515,51.326792604346444],[12.37203064072879,51.32678810774511],[12.3720391001,51.326786390196354],[12.372047559471213,51.32678810774511],[12.372052787651487,51.326792604346444],[12.372052787653146,51.32679816245195],[12.372047559473897,51.326802659054266],[12.3720391001,51.32680437660363]]]}},{"type":"Feature","properties":{"wassersumme":60},"geometry":{"type":"Polygon","coordinates":[[[12.3220805726,51.32084141130364],[12.322072114325882,51.32083969375427],[12.322066886826333,51.320835197151965],[12.322066886827992,51.320829639046444],[12.322072114328565,51.32082514244511],[12.3220805726,51.32082342489636],[12.322089030871435,51.32082514244511],[12.322094258372008,51.320829639046444],[12.322094258373665,51.320835197151965],[12.322089030874118,51.32083969375427],[12.3220805726,51.32084141130364]]]}},{"type":"Feature","properties":{"wassersumme":90},"geometry":{"type":"Polygon","coordinates":[[[12.320885562799997,51.32088421840362],[12.320877104517987,51.32088250085427],[12.320871877013559,51.32087800425195],[12.320871877015218,51.32087244614643],[12.320877104520672,51.320867949545104],[12.320885562799997,51.32086623199635],[12.320894021079324,51.320867949545104],[12.320899248584777,51.32087244614643],[12.320899248586436,51.32087800425195],[12.32089402108201,51.32088250085427],[12.320885562799997,51.32088421840362]]]}},{"type":"Feature","properties":{"wassersumme":212},"geometry":{"type":"Polygon","coordinates":[[[12.464252216,51.305740945803635],[12.464243760509246,51.305739228254275],[12.464238534729908,51.30573473165195],[12.464238534731567,51.305729173546446],[12.464243760511927,51.305724676945104],[12.464252216,51.305722959396356],[12.464260671488072,51.305724676945104],[12.464265897268433,51.305729173546446],[12.464265897270089,51.30573473165195],[12.464260671490752,51.305739228254275],[12.464252216,51.305740945803635]]]}},{"type":"Feature","properties":{"wassersumme":172},"geometry":{"type":"Polygon","coordinates":[[[12.464111057499998,51.30575335700363],[12.464102602006959,51.305751639454265],[12.46409737622621,51.30574714285195],[12.464097376227867,51.30574158474644],[12.46410260200964,51.305737088145115],[12.464111057499998,51.30573537059635],[12.46411951299036,51.305737088145115],[12.464124738772133,51.30574158474644],[12.464124738773789,51.30574714285195],[12.46411951299304,51.305751639454265],[12.464111057499998,51.30575335700363]]]}},{"type":"Feature","properties":{"wassersumme":152},"geometry":{"type":"Polygon","coordinates":[[[12.4639695719,51.30577169690363],[12.463961116403581,51.30576997935427],[12.463955890620742,51.30576548275196],[12.4639558906224,51.30575992464644],[12.46396111640626,51.30575542804511],[12.4639695719,51.30575371049637],[12.463978027393738,51.30575542804511],[12.463983253177599,51.30575992464644],[12.463983253179256,51.30576548275196],[12.463978027396418,51.30576997935427],[12.4639695719,51.30577169690363]]]}},{"type":"Feature","properties":{"wassersumme":80},"geometry":{"type":"Polygon","coordinates":[[[12.3355687493,51.33429207260364],[12.335560288544576,51.33429035505428],[12.335555059511497,51.33428585845196],[12.335555059513158,51.33428030034644],[12.335560288547262,51.33427580374512],[12.3355687493,51.33427408619636],[12.335577210052739,51.33427580374512],[12.335582439086842,51.33428030034644],[12.3355824390885,51.33428585845196],[12.33557721005542,51.33429035505428],[12.3355687493,51.33429207260364]]]}},{"type":"Feature","properties":{"wassersumme":755},"geometry":{"type":"Polygon","coordinates":[[[12.3351950099,51.33490586770363],[12.335186549031302,51.33490415015427],[12.335181319928214,51.33489965355194],[12.335181319929875,51.33489409544644],[12.335186549033988,51.33488959884511],[12.3351950099,51.33488788129636],[12.335203470766013,51.33488959884511],[12.335208699870126,51.33489409544644],[12.335208699871787,51.33489965355194],[12.335203470768697,51.33490415015427],[12.3351950099,51.33490586770363]]]}},{"type":"Feature","properties":{"wassersumme":760},"geometry":{"type":"Polygon","coordinates":[[[12.3256083251,51.316778647703636],[12.325599867574983,51.316776930154276],[12.325594640538402,51.31677243355197],[12.325594640540057,51.31676687544644],[12.325599867577665,51.31676237884511],[12.3256083251,51.316760661296364],[12.325616782622337,51.31676237884511],[12.325622009659941,51.31676687544644],[12.325622009661599,51.31677243355197],[12.32561678262502,51.316776930154276],[12.3256083251,51.316778647703636]]]}},{"type":"Feature","properties":{"wassersumme":40},"geometry":{"type":"Polygon","coordinates":[[[12.379100543499998,51.309030157403626],[12.379092087403174,51.309028439854266],[12.379086861249265,51.30902394325195],[12.379086861250924,51.30901838514644],[12.379092087405857,51.30901388854512],[12.379100543499998,51.309012170996354],[12.379108999594141,51.30901388854512],[12.379114225749074,51.30901838514644],[12.379114225750733,51.30902394325195],[12.379108999596824,51.309028439854266],[12.379100543499998,51.309030157403626]]]}},{"type":"Feature","properties":{"wassersumme":10},"geometry":{"type":"Polygon","coordinates":[[[12.3792675465,51.30913139280362],[12.37925909038452,51.30912967525427],[12.379253864219082,51.30912517865195],[12.37925386422074,51.30911962054643],[12.379259090387201,51.30911512394511],[12.3792675465,51.309113406396364],[12.379276002612798,51.30911512394511],[12.379281228779261,51.30911962054643],[12.379281228780918,51.30912517865195],[12.37927600261548,51.30912967525427],[12.3792675465,51.30913139280362]]]}},{"type":"Feature","properties":{"wassersumme":3732},"geometry":{"type":"Polygon","coordinates":[[[12.3001715631,51.31536655240364],[12.300163105835304,51.31536483485426],[12.300157878959613,51.31536033825196],[12.30015787896127,51.315354780146436],[12.300163105837987,51.315350283545115],[12.3001715631,51.31534856599635],[12.300180020362014,51.315350283545115],[12.30018524723873,51.315354780146436],[12.300185247240387,51.31536033825196],[12.300180020364696,51.31536483485426],[12.3001715631,51.31536655240364]]]}},{"type":"Feature","properties":{"wassersumme":320},"geometry":{"type":"Polygon","coordinates":[[[12.3079457428,51.32975093080363],[12.307937282882516,51.32974921325427],[12.307932054367312,51.32974471665195],[12.307932054368969,51.32973915854644],[12.307937282885199,51.3297346619451],[12.3079457428,51.32973294439635],[12.307954202714797,51.3297346619451],[12.307959431231026,51.32973915854644],[12.307959431232685,51.32974471665195],[12.30795420271748,51.32974921325427],[12.3079457428,51.32975093080363]]]}},{"type":"Feature","properties":{"wassersumme":20},"geometry":{"type":"Polygon","coordinates":[[[12.3790341322,51.307957296003636],[12.379025676300875,51.30795557845427],[12.379020450269149,51.307951081851954],[12.379020450270806,51.30794552374644],[12.379025676303556,51.30794102714512],[12.3790341322,51.30793930959636],[12.379042588096445,51.30794102714512],[12.379047814129194,51.30794552374644],[12.37904781413085,51.307951081851954],[12.379042588099127,51.30795557845427],[12.3790341322,51.307957296003636]]]}},{"type":"Feature","properties":{"wassersumme":150},"geometry":{"type":"Polygon","coordinates":[[[12.379298648299999,51.30803059630364],[12.379290192387366,51.30802887875427],[12.379284966347294,51.308024382151956],[12.37928496634895,51.30801882404644],[12.379290192390048,51.30801432744511],[12.379298648299999,51.308012609896366],[12.379307104209952,51.30801432744511],[12.379312330251048,51.30801882404644],[12.379312330252706,51.308024382151956],[12.379307104212632,51.30802887875427],[12.379298648299999,51.30803059630364]]]}},{"type":"Feature","properties":{"wassersumme":150},"geometry":{"type":"Polygon","coordinates":[[[12.3795834969,51.308112333403635],[12.379575040972306,51.30811061585427],[12.379569814922926,51.30810611925195],[12.379569814924583,51.308100561146446],[12.379575040974986,51.308096064545126],[12.3795834969,51.308094346996356],[12.379591952825013,51.308096064545126],[12.37959717887542,51.308100561146446],[12.379597178877077,51.30810611925195],[12.379591952827697,51.30811061585427],[12.3795834969,51.308112333403635]]]}},{"type":"Feature","properties":{"wassersumme":625},"geometry":{"type":"Polygon","coordinates":[[[12.3798000899,51.30817429510364],[12.379791633960888,51.308172577554274],[12.379786407904449,51.30816808095195],[12.379786407906106,51.308162522846445],[12.379791633963569,51.30815802624512],[12.3798000899,51.308156308696354],[12.379808545836429,51.30815802624512],[12.379813771893891,51.308162522846445],[12.379813771895549,51.30816808095195],[12.379808545839111,51.308172577554274],[12.3798000899,51.30817429510364]]]}},{"type":"Feature","properties":{"wassersumme":410},"geometry":{"type":"Polygon","coordinates":[[[12.361229252,51.33597186520364],[12.361220790934562,51.33597014765428],[12.361215561709885,51.33596565105198],[12.361215561711544,51.33596009294645],[12.36122079093725,51.33595559634512],[12.361229252,51.33595387879637],[12.361237713062751,51.33595559634512],[12.361242942288454,51.33596009294645],[12.361242942290115,51.33596565105198],[12.361237713065437,51.33597014765428],[12.361229252,51.33597186520364]]]}},{"type":"Feature","properties":{"wassersumme":290},"geometry":{"type":"Polygon","coordinates":[[[12.3557264109,51.33419670090364],[12.355717950162177,51.33419498335427],[12.355712721139973,51.33419048675195],[12.355712721141634,51.334184928646444],[12.35571795016486,51.334180432045116],[12.3557264109,51.33417871449635],[12.355734871635136,51.334180432045116],[12.355740100658364,51.334184928646444],[12.355740100660023,51.33419048675195],[12.355734871637821,51.33419498335427],[12.3557264109,51.33419670090364]]]}},{"type":"Feature","properties":{"wassersumme":50},"geometry":{"type":"Polygon","coordinates":[[[12.3559442122,51.33431361350364],[12.355935751440603,51.33431189595427],[12.355930522405066,51.33430739935196],[12.355930522406727,51.33430184124646],[12.355935751443289,51.33429734464512],[12.3559442122,51.33429562709637],[12.355952672956715,51.33429734464512],[12.355957901993275,51.33430184124646],[12.355957901994936,51.33430739935196],[12.355952672959399,51.33431189595427],[12.3559442122,51.33431361350364]]]}},{"type":"Feature","properties":{"wassersumme":565},"geometry":{"type":"Polygon","coordinates":[[[12.3566221359,51.33467772290363],[12.356613675073408,51.33467600535427],[12.356608445996342,51.33467150875196],[12.356608445998003,51.33466595064643],[12.356613675076092,51.334661454045104],[12.3566221359,51.334659736496356],[12.35663059672391,51.334661454045104],[12.356635825802,51.33466595064643],[12.35663582580366,51.33467150875196],[12.356630596726596,51.33467600535427],[12.3566221359,51.33467772290363]]]}},{"type":"Feature","properties":{"wassersumme":5},"geometry":{"type":"Polygon","coordinates":[[[12.371375897500002,51.318068655603625],[12.37136743973715,51.31806693805426],[12.371362212553578,51.31806244145196],[12.371362212555235,51.318056883346436],[12.371367439739831,51.318052386745116],[12.371375897500002,51.31805066919636],[12.37138435526017,51.318052386745116],[12.371389582444765,51.318056883346436],[12.371389582446424,51.31806244145196],[12.371384355262853,51.31806693805426],[12.371375897500002,51.318068655603625]]]}},{"type":"Feature","properties":{"wassersumme":155},"geometry":{"type":"Polygon","coordinates":[[[12.3713751077,51.317482673803624],[12.371366650045186,51.317480956254265],[12.371361422928386,51.31747645965195],[12.371361422930045,51.31747090154644],[12.371366650047868,51.31746640494511],[12.3713751077,51.31746468739635],[12.371383565352135,51.31746640494511],[12.371388792469958,51.31747090154644],[12.371388792471615,51.31747645965195],[12.371383565354817,51.317480956254265],[12.3713751077,51.317482673803624]]]}},{"type":"Feature","properties":{"wassersumme":26},"geometry":{"type":"Polygon","coordinates":[[[12.3712689935,51.31852495250364],[12.371260535653017,51.31852323495428],[12.37125530841745,51.318518738351955],[12.371255308419109,51.31851318024645],[12.3712605356557,51.318508683645106],[12.3712689935,51.31850696609636],[12.3712774513443,51.318508683645106],[12.371282678580892,51.31851318024645],[12.37128267858255,51.318518738351955],[12.371277451346982,51.31852323495428],[12.3712689935,51.31852495250364]]]}},{"type":"Feature","properties":{"wassersumme":685},"geometry":{"type":"Polygon","coordinates":[[[12.3713510044,51.319515243003636],[12.371342546370423,51.31951352545427],[12.37133731902201,51.31950902885196],[12.371337319023667,51.31950347074645],[12.371342546373105,51.31949897414513],[12.3713510044,51.31949725659637],[12.371359462426895,51.31949897414513],[12.371364689776334,51.31950347074645],[12.371364689777991,51.31950902885196],[12.371359462429577,51.31951352545427],[12.3713510044,51.319515243003636]]]}},{"type":"Feature","properties":{"wassersumme":1090},"geometry":{"type":"Polygon","coordinates":[[[12.3713385012,51.31936745940363],[12.371330043197673,51.31936574185426],[12.3713248158661,51.319361245251955],[12.371324815867759,51.31935568714645],[12.371330043200357,51.31935119054512],[12.3713385012,51.31934947299636],[12.371346959199645,51.31935119054512],[12.371352186532244,51.31935568714645],[12.371352186533901,51.319361245251955],[12.371346959202329,51.31936574185426],[12.3713385012,51.31936745940363]]]}},{"type":"Feature","properties":{"wassersumme":1063},"geometry":{"type":"Polygon","coordinates":[[[12.3713237435,51.31917879210362],[12.37131528553246,51.319177074554275],[12.371310058222386,51.31917257795195],[12.371310058224045,51.31916701984645],[12.371315285535145,51.319162523245105],[12.3713237435,51.319160805696356],[12.371332201464856,51.319162523245105],[12.371337428775956,51.31916701984645],[12.371337428777613,51.31917257795195],[12.371332201467538,51.319177074554275],[12.3713237435,51.31917879210362]]]}},{"type":"Feature","properties":{"wassersumme":150},"geometry":{"type":"Polygon","coordinates":[[[12.2626734609,51.316207135703635],[12.262665003480343,51.31620541815426],[12.262659776508881,51.316200921551946],[12.262659776510539,51.31619536344644],[12.262665003483026,51.31619086684511],[12.2626734609,51.31618914929636],[12.262681918316973,51.31619086684511],[12.26268714528946,51.31619536344644],[12.262687145291121,51.316200921551946],[12.262681918319656,51.31620541815426],[12.2626734609,51.316207135703635]]]}},{"type":"Feature","properties":{"wassersumme":150},"geometry":{"type":"Polygon","coordinates":[[[12.2625475348,51.316183953403645],[12.262539077384618,51.31618223585428],[12.262533850415794,51.31617773925196],[12.262533850417455,51.31617218114644],[12.262539077387302,51.31616768454512],[12.2625475348,51.316165966996365],[12.2625559922127,51.31616768454512],[12.262561219182546,51.31617218114644],[12.262561219184205,51.31617773925196],[12.262555992215383,51.31618223585428],[12.2625475348,51.316183953403645]]]}},{"type":"Feature","properties":{"wassersumme":150},"geometry":{"type":"Polygon","coordinates":[[[12.2624382035,51.31617132250362],[12.262429746086948,51.31616960495427],[12.262424519119564,51.31616510835196],[12.262424519121224,51.31615955024643],[12.26242974608963,51.316155053645105],[12.2624382035,51.31615333609635],[12.26244666091037,51.316155053645105],[12.26245188787878,51.31615955024643],[12.262451887880436,51.31616510835196],[12.262446660913055,51.31616960495427],[12.2624382035,51.31617132250362]]]}},{"type":"Feature","properties":{"wassersumme":200},"geometry":{"type":"Polygon","coordinates":[[[12.2644196641,51.31664712880363],[12.264411206599227,51.31664541125428],[12.264405979577633,51.31664091465197],[12.26440597957929,51.31663535654644],[12.26441120660191,51.31663085994512],[12.2644196641,51.31662914239636],[12.264428121598089,51.31663085994512],[12.26443334862071,51.31663535654644],[12.264433348622367,51.31664091465197],[12.264428121600771,51.31664541125428],[12.2644196641,51.31664712880363]]]}},{"type":"Feature","properties":{"wassersumme":150},"geometry":{"type":"Polygon","coordinates":[[[12.2646916848,51.31668748480364],[12.26468322729179,51.31668576725427],[12.264678000265596,51.316681270651955],[12.264678000267256,51.31667571254644],[12.264683227294473,51.31667121594512],[12.2646916848,51.31666949839636],[12.264700142305529,51.31667121594512],[12.264705369332747,51.31667571254644],[12.264705369334406,51.316681270651955],[12.264700142308213,51.31668576725427],[12.2646916848,51.31668748480364]]]}},{"type":"Feature","properties":{"wassersumme":200},"geometry":{"type":"Polygon","coordinates":[[[12.2657945241,51.316851855803634],[12.265786066561486,51.316850138254274],[12.265780839516564,51.31684564165196],[12.265780839518222,51.316840083546445],[12.265786066564168,51.31683558694511],[12.2657945241,51.31683386939636],[12.265802981635833,51.31683558694511],[12.26580820868178,51.316840083546445],[12.265808208683437,51.31684564165196],[12.265802981638515,51.316850138254274],[12.2657945241,51.316851855803634]]]}},{"type":"Feature","properties":{"wassersumme":250},"geometry":{"type":"Polygon","coordinates":[[[12.289285539,51.31303600500364],[12.2892770821649,51.31303428745427],[12.289271855554714,51.313029790851964],[12.28927185555637,51.31302423274644],[12.289277082167583,51.31301973614512],[12.289285539,51.31301801859636],[12.289293995832416,51.31301973614512],[12.289299222443628,51.31302423274644],[12.289299222445285,51.313029790851964],[12.289293995835099,51.31303428745427],[12.289285539,51.31303600500364]]]}},{"type":"Feature","properties":{"wassersumme":250},"geometry":{"type":"Polygon","coordinates":[[[12.288907400000001,51.31297723830364],[12.288898943175735,51.31297552075428],[12.288893716572241,51.31297102415196],[12.288893716573899,51.31296546604644],[12.288898943178417,51.312960969445115],[12.288907400000001,51.312959251896366],[12.288915856821584,51.312960969445115],[12.288921083426102,51.31296546604644],[12.28892108342776,51.31297102415196],[12.288915856824266,51.31297552075428],[12.288907400000001,51.31297723830364]]]}},{"type":"Feature","properties":{"wassersumme":250},"geometry":{"type":"Polygon","coordinates":[[[12.2887082157,51.31294294320364],[12.288699758882055,51.312941225654264],[12.28869453228247,51.31293672905196],[12.288694532284126,51.31293117094644],[12.288699758884738,51.312926674345114],[12.2887082157,51.312924956796365],[12.288716672515266,51.312926674345114],[12.288721899115874,51.31293117094644],[12.288721899117531,51.31293672905196],[12.288716672517944,51.312941225654264],[12.2887082157,51.31294294320364]]]}},{"type":"Feature","properties":{"wassersumme":250},"geometry":{"type":"Polygon","coordinates":[[[12.2885184216,51.312907606103636],[12.288509964788565,51.31290588855427],[12.288504738193007,51.312901391951954],[12.288504738194662,51.31289583384645],[12.288509964791247,51.312891337245105],[12.2885184216,51.312889619696364],[12.288526878408748,51.312891337245105],[12.288532105005332,51.31289583384645],[12.288532105006992,51.312901391951954],[12.28852687841143,51.31290588855427],[12.2885184216,51.312907606103636]]]}},{"type":"Feature","properties":{"wassersumme":250},"geometry":{"type":"Polygon","coordinates":[[[12.2883270511,51.31286980370364],[12.288318594295538,51.312868086154275],[12.288313367704284,51.31286358955195],[12.28831336770594,51.312858031446446],[12.288318594298218,51.31285353484511],[12.2883270511,51.31285181729637],[12.288335507901783,51.31285353484511],[12.288340734494062,51.312858031446446],[12.288340734495721,51.31286358955195],[12.288335507904465,51.312868086154275],[12.2883270511,51.31286980370364]]]}},{"type":"Feature","properties":{"wassersumme":250},"geometry":{"type":"Polygon","coordinates":[[[12.2879364234,51.31279653360363],[12.28792796660904,51.312794816054264],[12.287922740026133,51.312790319451956],[12.28792274002779,51.31278476134645],[12.287927966611724,51.31278026474512],[12.2879364234,51.31277854719636],[12.287944880188276,51.31278026474512],[12.287950106772207,51.31278476134645],[12.287950106773867,51.312790319451956],[12.28794488019096,51.312794816054264],[12.2879364234,51.31279653360363]]]}},{"type":"Feature","properties":{"wassersumme":300},"geometry":{"type":"Polygon","coordinates":[[[12.284110102399998,51.31203791360364],[12.284101645748862,51.31203619605426],[12.284096419252373,51.312031699451964],[12.28409641925403,51.312026141346436],[12.284101645751546,51.312021644745116],[12.284110102399998,51.31201992719635],[12.284118559048451,51.312021644745116],[12.284123785545969,51.312026141346436],[12.284123785547628,51.312031699451964],[12.284118559051134,51.31203619605426],[12.284110102399998,51.31203791360364]]]}},{"type":"Feature","properties":{"wassersumme":300},"geometry":{"type":"Polygon","coordinates":[[[12.2839299179,51.31200279200364],[12.28392146125534,51.31200107445428],[12.283916234762847,51.311996577851964],[12.283916234764504,51.31199101974645],[12.28392146125802,51.31198652314512],[12.2839299179,51.31198480559637],[12.283938374541982,51.31198652314512],[12.283943601035496,51.31199101974645],[12.283943601037153,51.311996577851964],[12.283938374544663,51.31200107445428],[12.2839299179,51.31200279200364]]]}},{"type":"Feature","properties":{"wassersumme":300},"geometry":{"type":"Polygon","coordinates":[[[12.2837534599,51.311967756603636],[12.283745003261794,51.311966039054276],[12.283739776773293,51.311961542451954],[12.283739776774953,51.31195598434645],[12.283745003264476,51.31195148774511],[12.2837534599,51.311949770196364],[12.283761916535523,51.31195148774511],[12.283767143025047,51.31195598434645],[12.283767143026704,51.311961542451954],[12.283761916538205,51.311966039054276],[12.2837534599,51.311967756603636]]]}},{"type":"Feature","properties":{"wassersumme":300},"geometry":{"type":"Polygon","coordinates":[[[12.2835754257,51.31193025580363],[12.283566969068707,51.31192853825427],[12.28356174258448,51.311924041651956],[12.283561742586135,51.31191848354645],[12.283566969071389,51.31191398694512],[12.2835754257,51.31191226939636],[12.283583882328612,51.31191398694512],[12.283589108813864,51.31191848354645],[12.283589108815521,51.311924041651956],[12.283583882331293,51.31192853825427],[12.2835754257,51.31193025580363]]]}},{"type":"Feature","properties":{"wassersumme":300},"geometry":{"type":"Polygon","coordinates":[[[12.2833970309,51.31189643410364],[12.28338857427494,51.31189471655427],[12.283383347794564,51.31189021995196],[12.283383347796223,51.311884661846435],[12.283388574277623,51.31188016524512],[12.2833970309,51.31187844769636],[12.283405487522378,51.31188016524512],[12.283410714003777,51.311884661846435],[12.283410714005436,51.31189021995196],[12.28340548752506,51.31189471655427],[12.2833970309,51.31189643410364]]]}},{"type":"Feature","properties":{"wassersumme":300},"geometry":{"type":"Polygon","coordinates":[[[12.2832169166,51.31186014380364],[12.283208459981632,51.31185842625427],[12.28320323350539,51.31185392965196],[12.283203233507047,51.311848371546446],[12.283208459984314,51.311843874945126],[12.2832169166,51.311842157396356],[12.283225373215691,51.311843874945126],[12.283230599692956,51.311848371546446],[12.283230599694614,51.31185392965196],[12.283225373218373,51.31185842625427],[12.2832169166,51.31186014380364]]]}},{"type":"Feature","properties":{"wassersumme":400},"geometry":{"type":"Polygon","coordinates":[[[12.2806132549,51.311359406803646],[12.280604798373918,51.31135768925427],[12.280599571954713,51.31135319265196],[12.28059957195637,51.31134763454644],[12.2806047983766,51.31134313794512],[12.2806132549,51.31134142039636],[12.280621711423402,51.31134313794512],[12.28062693784363,51.31134763454644],[12.28062693784529,51.31135319265196],[12.280621711426084,51.31135768925427],[12.2806132549,51.311359406803646]]]}},{"type":"Feature","properties":{"wassersumme":400},"geometry":{"type":"Polygon","coordinates":[[[12.2804336392,51.31131475900363],[12.280425182682148,51.31131304145428],[12.280419956268027,51.31130854485196],[12.280419956269684,51.31130298674644],[12.280425182684828,51.31129849014511],[12.2804336392,51.31129677259635],[12.280442095715172,51.31129849014511],[12.280447322130314,51.31130298674644],[12.280447322131973,51.31130854485196],[12.280442095717852,51.31131304145428],[12.2804336392,51.31131475900363]]]}},{"type":"Feature","properties":{"wassersumme":400},"geometry":{"type":"Polygon","coordinates":[[[12.2802386893,51.31127218310363],[12.280230232789995,51.311270465554266],[12.280225006380727,51.31126596895195],[12.280225006382382,51.31126041084643],[12.280230232792675,51.311255914245116],[12.2802386893,51.31125419669635],[12.280247145807328,51.311255914245116],[12.280252372217621,51.31126041084643],[12.280252372219277,51.31126596895195],[12.280247145810009,51.311270465554266],[12.2802386893,51.31127218310363]]]}},{"type":"Feature","properties":{"wassersumme":400},"geometry":{"type":"Polygon","coordinates":[[[12.2800478218,51.31122610410364],[12.280039365298485,51.31122438655427],[12.280034138894464,51.311219889951964],[12.280034138896124,51.31121433184644],[12.280039365301167,51.311209835245116],[12.2800478218,51.31120811769637],[12.280056278298831,51.311209835245116],[12.280061504703879,51.31121433184644],[12.280061504705534,51.311219889951964],[12.280056278301513,51.31122438655427],[12.2800478218,51.31122610410364]]]}},{"type":"Feature","properties":{"wassersumme":100},"geometry":{"type":"Polygon","coordinates":[[[12.2738346186,51.32703334530363],[12.273826159183866,51.32703162775427],[12.273820930978514,51.32702713115195],[12.273820930980174,51.32702157304644],[12.273826159186552,51.32701707644511],[12.2738346186,51.32701535889635],[12.27384307801345,51.32701707644511],[12.27384830621983,51.32702157304644],[12.273848306221486,51.32702713115195],[12.273843078016135,51.32703162775427],[12.2738346186,51.32703334530363]]]}},{"type":"Feature","properties":{"wassersumme":400},"geometry":{"type":"Polygon","coordinates":[[[12.2739937536,51.327039390103636],[12.273985294182749,51.32703767255427],[12.273980065976707,51.327033175951954],[12.273980065978368,51.32702761784644],[12.273985294185435,51.327023121245105],[12.2739937536,51.327021403696364],[12.274002213014564,51.327023121245105],[12.27400744122163,51.32702761784644],[12.27400744122329,51.327033175951954],[12.274002213017248,51.32703767255427],[12.2739937536,51.327039390103636]]]}},{"type":"Feature","properties":{"wassersumme":400},"geometry":{"type":"Polygon","coordinates":[[[12.2741566155,51.327047950003625],[12.274148156081173,51.327046232454265],[12.274142927874156,51.32704173585195],[12.274142927875813,51.32703617774644],[12.274148156083857,51.327031681145115],[12.2741566155,51.32702996359637],[12.274165074916144,51.327031681145115],[12.274170303124185,51.32703617774644],[12.274170303125846,51.32704173585195],[12.274165074918828,51.327046232454265],[12.2741566155,51.327047950003625]]]}},{"type":"Feature","properties":{"wassersumme":100},"geometry":{"type":"Polygon","coordinates":[[[12.274340334000001,51.327055826003644],[12.27433187457972,51.32705410845426],[12.274326646371806,51.32704961185197],[12.274326646373463,51.32704405374644],[12.274331874582405,51.32703955714513],[12.274340334000001,51.32703783959636],[12.274348793417596,51.32703955714513],[12.274354021626538,51.32704405374644],[12.274354021628195,51.32704961185197],[12.27434879342028,51.32705410845426],[12.274340334000001,51.327055826003644]]]}},{"type":"Feature","properties":{"wassersumme":100},"geometry":{"type":"Polygon","coordinates":[[[12.2745068542,51.327065639803635],[12.274498394777911,51.32706392225426],[12.274493166568876,51.32705942565195],[12.274493166570535,51.32705386754644],[12.274498394780593,51.32704937094512],[12.2745068542,51.32704765339635],[12.274515313619407,51.32704937094512],[12.274520541829466,51.32705386754644],[12.274520541831127,51.32705942565195],[12.274515313622091,51.32706392225426],[12.2745068542,51.327065639803635]]]}},{"type":"Feature","properties":{"wassersumme":100},"geometry":{"type":"Polygon","coordinates":[[[12.274667783900002,51.327072894803635],[12.274659324476573,51.32707117725426],[12.27465409626671,51.32706668065195],[12.274654096268367,51.32706112254644],[12.274659324479257,51.32705662594512],[12.274667783900002,51.327054908396356],[12.274676243320744,51.32705662594512],[12.274681471531634,51.32706112254644],[12.274681471533292,51.32706668065195],[12.274676243323428,51.32707117725426],[12.274667783900002,51.327072894803635]]]}},{"type":"Feature","properties":{"wassersumme":100},"geometry":{"type":"Polygon","coordinates":[[[12.2748554426,51.32707969250364],[12.274846983175317,51.327077974954264],[12.27484175496468,51.327073478351956],[12.274841754966339,51.32706792024645],[12.274846983178001,51.32706342364512],[12.2748554426,51.32706170609636],[12.274863902021998,51.32706342364512],[12.274869130233661,51.32706792024645],[12.27486913023532,51.327073478351956],[12.27486390202468,51.327077974954264],[12.2748554426,51.32707969250364]]]}},{"type":"Feature","properties":{"wassersumme":400},"geometry":{"type":"Polygon","coordinates":[[[12.2750218192,51.327091930603636],[12.275013359773059,51.32709021305428],[12.275008131561027,51.32708571645196],[12.275008131562686,51.32708015834643],[12.275013359775743,51.32707566174511],[12.2750218192,51.32707394419635],[12.275030278624255,51.32707566174511],[12.275035506837314,51.32708015834643],[12.275035506838972,51.32708571645196],[12.275030278626938,51.32709021305428],[12.2750218192,51.327091930603636]]]}},{"type":"Feature","properties":{"wassersumme":100},"geometry":{"type":"Polygon","coordinates":[[[12.2751803899,51.32710749460363],[12.275171930470188,51.32710577705427],[12.275166702256382,51.327101280451956],[12.275166702258039,51.32709572234644],[12.275171930472872,51.32709122574512],[12.2751803899,51.327089508196366],[12.275188849327126,51.32709122574512],[12.27519407754196,51.32709572234644],[12.275194077543617,51.327101280451956],[12.27518884932981,51.32710577705427],[12.2751803899,51.32710749460363]]]}},{"type":"Feature","properties":{"wassersumme":400},"geometry":{"type":"Polygon","coordinates":[[[12.275371429700002,51.32712264490364],[12.275362970267395,51.327120927354265],[12.27535774205186,51.32711643075195],[12.27535774205352,51.327110872646436],[12.275362970270079,51.327106376045116],[12.275371429700002,51.32710465849637],[12.275379889129923,51.327106376045116],[12.275385117346483,51.327110872646436],[12.275385117348142,51.32711643075195],[12.275379889132607,51.327120927354265],[12.275371429700002,51.32712264490364]]]}},{"type":"Feature","properties":{"wassersumme":100},"geometry":{"type":"Polygon","coordinates":[[[12.2755264122,51.32713335790363],[12.275517952765417,51.32713164035426],[12.275512724548664,51.327127143751945],[12.275512724550321,51.32712158564643],[12.275517952768102,51.3271170890451],[12.2755264122,51.32711537149635],[12.2755348716319,51.3271170890451],[12.27554009984968,51.32712158564643],[12.275540099851337,51.327127143751945],[12.275534871634584,51.32713164035426],[12.2755264122,51.32713335790363]]]}},{"type":"Feature","properties":{"wassersumme":400},"geometry":{"type":"Polygon","coordinates":[[[12.2756926503,51.327150358803635],[12.275684190862282,51.32714864125427],[12.275678962643589,51.32714414465195],[12.275678962645246,51.32713858654644],[12.275684190864968,51.32713408994512],[12.2756926503,51.327132372396356],[12.275701109735033,51.32713408994512],[12.275706337954754,51.32713858654644],[12.275706337956413,51.32714414465195],[12.275701109737719,51.32714864125427],[12.2756926503,51.327150358803635]]]}},{"type":"Feature","properties":{"wassersumme":400},"geometry":{"type":"Polygon","coordinates":[[[12.2758794632,51.32716900760363],[12.275871003758843,51.32716729005426],[12.275865775538023,51.32716279345196],[12.275865775539682,51.327157235346434],[12.275871003761527,51.32715273874511],[12.2758794632,51.32715102119636],[12.275887922638473,51.32715273874511],[12.275893150860318,51.327157235346434],[12.275893150861979,51.32716279345196],[12.275887922641159,51.32716729005426],[12.2758794632,51.32716900760363]]]}},{"type":"Feature","properties":{"wassersumme":400},"geometry":{"type":"Polygon","coordinates":[[[12.2760303721,51.32718789980361],[12.276021912655354,51.32718618225426],[12.276016684432383,51.32718168565194],[12.27601668443404,51.32717612754643],[12.276021912658038,51.3271716309451],[12.2760303721,51.327169913396354],[12.276038831541957,51.3271716309451],[12.276044059765956,51.32717612754643],[12.276044059767615,51.32718168565194],[12.276038831544643,51.32718618225426],[12.2760303721,51.32718789980361]]]}},{"type":"Feature","properties":{"wassersumme":400},"geometry":{"type":"Polygon","coordinates":[[[12.276193143299999,51.32720526900364],[12.27618468385215,51.32720355145427],[12.276179455627199,51.32719905485196],[12.276179455628856,51.327193496746446],[12.276184683854837,51.327189000145125],[12.276193143299999,51.32718728259636],[12.276201602745163,51.327189000145125],[12.276206830971143,51.327193496746446],[12.2762068309728,51.32719905485196],[12.276201602747847,51.32720355145427],[12.276193143299999,51.32720526900364]]]}},{"type":"Feature","properties":{"wassersumme":400},"geometry":{"type":"Polygon","coordinates":[[[12.276373888,51.327222156803636],[12.276365428549035,51.32722043925427],[12.276360200322157,51.32721594265196],[12.276360200323817,51.32721038454645],[12.27636542855172,51.32720588794511],[12.276373888,51.327204170396364],[12.27638234744828,51.32720588794511],[12.276387575676184,51.32721038454645],[12.276387575677843,51.32721594265196],[12.276382347450964,51.32722043925427],[12.276373888,51.327222156803636]]]}},{"type":"Feature","properties":{"wassersumme":100},"geometry":{"type":"Polygon","coordinates":[[[12.276547645,51.32724068060365],[12.276539185545621,51.32723896305427],[12.27653395731663,51.32723446645197],[12.27653395731829,51.32722890834645],[12.276539185548305,51.32722441174513],[12.276547645,51.327222694196365],[12.276556104451696,51.32722441174513],[12.276561332681716,51.32722890834645],[12.276561332683373,51.32723446645197],[12.27655610445438,51.32723896305427],[12.276547645,51.32724068060365]]]}},{"type":"Feature","properties":{"wassersumme":100},"geometry":{"type":"Polygon","coordinates":[[[12.2767216083,51.32726541490362],[12.276713148841058,51.32726369735427],[12.276707920609246,51.32725920075195],[12.276707920610907,51.32725364264643],[12.27671314884374,51.327249146045105],[12.2767216083,51.32724742849636],[12.27673006775626,51.327249146045105],[12.276735295989097,51.32725364264643],[12.276735295990754,51.32725920075195],[12.276730067758942,51.32726369735427],[12.2767216083,51.32726541490362]]]}},{"type":"Feature","properties":{"wassersumme":100},"geometry":{"type":"Polygon","coordinates":[[[12.2772386087,51.32734220080365],[12.27723014922689,51.32734048325427],[12.277224920986328,51.32733598665197],[12.277224920987985,51.327330428546446],[12.277230149229574,51.327325931945126],[12.2772386087,51.327324214396356],[12.277247068170425,51.327325931945126],[12.277252296412014,51.327330428546446],[12.277252296413671,51.32733598665197],[12.277247068173109,51.32734048325427],[12.2772386087,51.32734220080365]]]}},{"type":"Feature","properties":{"wassersumme":100},"geometry":{"type":"Polygon","coordinates":[[[12.2769036,51.32729033580364],[12.276895140536462,51.32728861825427],[12.276889912301808,51.32728412165197],[12.276889912303469,51.32727856354644],[12.276895140539146,51.32727406694513],[12.2769036,51.32727234939636],[12.276912059460857,51.32727406694513],[12.276917287696534,51.32727856354644],[12.276917287698195,51.32728412165197],[12.276912059463541,51.32728861825427],[12.2769036,51.32729033580364]]]}},{"type":"Feature","properties":{"wassersumme":400},"geometry":{"type":"Polygon","coordinates":[[[12.277073002800002,51.32731451370363],[12.277064543332001,51.327312796154274],[12.27705931509459,51.32730829955196],[12.277059315096253,51.32730274144643],[12.277064543334685,51.32729824484511],[12.277073002800002,51.32729652729636],[12.277081462265318,51.32729824484511],[12.27708669050375,51.32730274144643],[12.277086690505412,51.32730829955196],[12.277081462268,51.327312796154274],[12.277073002800002,51.32731451370363]]]}},{"type":"Feature","properties":{"wassersumme":50},"geometry":{"type":"Polygon","coordinates":[[[12.3776757566,51.32307233880362],[12.377667297914469,51.32307062125426],[12.37766207016065,51.32306612465196],[12.377662070162307,51.32306056654644],[12.377667297917151,51.32305606994512],[12.3776757566,51.323054352396355],[12.377684215282851,51.32305606994512],[12.377689443037696,51.32306056654644],[12.377689443039353,51.32306612465196],[12.377684215285534,51.32307062125426],[12.3776757566,51.32307233880362]]]}},{"type":"Feature","properties":{"wassersumme":50},"geometry":{"type":"Polygon","coordinates":[[[12.377915209899998,51.32306942860364],[12.377906751215003,51.32306771105428],[12.377901523461516,51.32306321445196],[12.377901523463173,51.323057656346435],[12.377906751217687,51.323053159745115],[12.377915209899998,51.323051442196366],[12.37792366858231,51.323053159745115],[12.377928896336824,51.323057656346435],[12.377928896338481,51.32306321445196],[12.377923668584994,51.32306771105428],[12.377915209899998,51.32306942860364]]]}},{"type":"Feature","properties":{"wassersumme":100},"geometry":{"type":"Polygon","coordinates":[[[12.3781526612,51.32306638310363],[12.378144202515564,51.32306466555426],[12.378138974762425,51.32306016895195],[12.378138974764083,51.32305461084644],[12.378144202518248,51.32305011424511],[12.3781526612,51.32304839669635],[12.378161119881751,51.32305011424511],[12.378166347635915,51.32305461084644],[12.378166347637574,51.32306016895195],[12.378161119884435,51.32306466555426],[12.3781526612,51.32306638310363]]]}},{"type":"Feature","properties":{"wassersumme":100},"geometry":{"type":"Polygon","coordinates":[[[12.3783617987,51.323063962203626],[12.378353340016012,51.32306224465426],[12.378348112263147,51.32305774805195],[12.378348112264808,51.32305218994644],[12.378353340018695,51.32304769334511],[12.3783617987,51.32304597579635],[12.378370257381306,51.32304769334511],[12.378375485135193,51.32305218994644],[12.378375485136853,51.32305774805195],[12.37837025738399,51.32306224465426],[12.3783617987,51.323063962203626]]]}},{"type":"Feature","properties":{"wassersumme":190},"geometry":{"type":"Polygon","coordinates":[[[12.3692427982,51.310450051303626],[12.369234341841508,51.31044833375426],[12.369229115525881,51.310443837151944],[12.36922911552754,51.31043827904643],[12.36923434184419,51.31043378244511],[12.3692427982,51.310432064896354],[12.369251254555808,51.31043378244511],[12.36925648087246,51.31043827904643],[12.369256480874117,51.310443837151944],[12.36925125455849,51.31044833375426],[12.3692427982,51.310450051303626]]]}},{"type":"Feature","properties":{"wassersumme":180},"geometry":{"type":"Polygon","coordinates":[[[12.369255891900002,51.31038423910365],[12.36924743555364,51.310382521554274],[12.369242209245508,51.31037802495196],[12.369242209247167,51.310372466846445],[12.369247435556323,51.31036797024512],[12.369255891900002,51.31036625269636],[12.369264348243682,51.31036797024512],[12.369269574552836,51.310372466846445],[12.369269574554494,51.31037802495196],[12.369264348246363,51.310382521554274],[12.369255891900002,51.31038423910365]]]}},{"type":"Feature","properties":{"wassersumme":10},"geometry":{"type":"Polygon","coordinates":[[[12.3273948479,51.31449680750363],[12.327386390795635,51.31449508995427],[12.327381164019032,51.314490593351955],[12.32738116402069,51.31448503524645],[12.327386390798317,51.314480538645114],[12.3273948479,51.314478821096365],[12.327403305001683,51.314480538645114],[12.327408531779312,51.31448503524645],[12.32740853178097,51.314490593351955],[12.327403305004365,51.31449508995427],[12.3273948479,51.31449680750363]]]}},{"type":"Feature","properties":{"wassersumme":170},"geometry":{"type":"Polygon","coordinates":[[[12.3268872745,51.321447673903634],[12.326878816114084,51.32144595635427],[12.326873588545439,51.32144145975195],[12.326873588547096,51.32143590164644],[12.326878816116768,51.32143140504511],[12.3268872745,51.321429687496355],[12.326895732883232,51.32143140504511],[12.326900960452901,51.32143590164644],[12.326900960454559,51.32144145975195],[12.326895732885914,51.32144595635427],[12.3268872745,51.321447673903634]]]}},{"type":"Feature","properties":{"wassersumme":502},"geometry":{"type":"Polygon","coordinates":[[[12.338625426500002,51.322101100603646],[12.338616967993584,51.32209938305428],[12.33861174035047,51.32209488645195],[12.338611740352128,51.32208932834644],[12.338616967996268,51.32208483174511],[12.338625426500002,51.32208311419635],[12.338633885003734,51.32208483174511],[12.338639112647877,51.32208932834644],[12.338639112649535,51.32209488645195],[12.338633885006418,51.32209938305428],[12.338625426500002,51.322101100603646]]]}},{"type":"Feature","properties":{"wassersumme":270},"geometry":{"type":"Polygon","coordinates":[[[12.3386512852,51.322170133903626],[12.33864282668085,51.32216841635426],[12.338637599029866,51.322163919751944],[12.338637599031523,51.32215836164644],[12.338642826683532,51.32215386504511],[12.3386512852,51.32215214749635],[12.338659743716462,51.32215386504511],[12.338664971368473,51.32215836164644],[12.33866497137013,51.322163919751944],[12.338659743719145,51.32216841635426],[12.3386512852,51.322170133903626]]]}},{"type":"Feature","properties":{"wassersumme":10},"geometry":{"type":"Polygon","coordinates":[[[12.3268495108,51.329634983403636],[12.32684105090391,51.32963326585427],[12.326835822401927,51.329628769251954],[12.326835822403588,51.32962321114645],[12.326841050906594,51.32961871454512],[12.3268495108,51.32961699699636],[12.326857970693407,51.32961871454512],[12.326863199196413,51.32962321114645],[12.326863199198074,51.329628769251954],[12.326857970696091,51.32963326585427],[12.3268495108,51.329634983403636]]]}},{"type":"Feature","properties":{"wassersumme":10},"geometry":{"type":"Polygon","coordinates":[[[12.3267055048,51.32959814650363],[12.326697044910707,51.32959642895427],[12.326691816412922,51.32959193235196],[12.326691816414582,51.32958637424644],[12.32669704491339,51.32958187764512],[12.3267055048,51.32958016009636],[12.32671396468661,51.32958187764512],[12.326719193185417,51.32958637424644],[12.326719193187078,51.32959193235196],[12.326713964689294,51.32959642895427],[12.3267055048,51.32959814650363]]]}},{"type":"Feature","properties":{"wassersumme":140},"geometry":{"type":"Polygon","coordinates":[[[12.3416771268,51.32027961600364],[12.34166866862948,51.32027789845428],[12.341663441193955,51.32027340185196],[12.341663441195612,51.320267843746436],[12.341668668632161,51.320263347145115],[12.3416771268,51.32026162959637],[12.34168558496784,51.320263347145115],[12.341690812404387,51.320267843746436],[12.341690812406044,51.32027340185196],[12.341685584970522,51.32027789845428],[12.3416771268,51.32027961600364]]]}},{"type":"Feature","properties":{"wassersumme":180},"geometry":{"type":"Polygon","coordinates":[[[12.3419679619,51.32037337400364],[12.341959503712188,51.32037165645426],[12.341954276265978,51.32036715985196],[12.34195427626764,51.32036160174644],[12.341959503714872,51.32035710514513],[12.3419679619,51.32035538759636],[12.341976420085127,51.32035710514513],[12.34198164753236,51.32036160174644],[12.34198164753402,51.32036715985196],[12.341976420087812,51.32037165645426],[12.3419679619,51.32037337400364]]]}},{"type":"Feature","properties":{"wassersumme":15},"geometry":{"type":"Polygon","coordinates":[[[12.344417416799999,51.32491127960363],[12.344408957775299,51.32490956205425],[12.344403729811862,51.324905065451944],[12.344403729813523,51.32489950734643],[12.344408957777983,51.32489501074511],[12.344417416799999,51.32489329319635],[12.344425875822019,51.32489501074511],[12.344431103786478,51.32489950734643],[12.344431103788137,51.324905065451944],[12.344425875824701,51.32490956205425],[12.344417416799999,51.32491127960363]]]}},{"type":"Feature","properties":{"wassersumme":75},"geometry":{"type":"Polygon","coordinates":[[[12.3441832126,51.32447047100363],[12.344174753656604,51.32446875345426],[12.344169525743418,51.32446425685195],[12.344169525745077,51.32445869874644],[12.344174753659287,51.32445420214512],[12.3441832126,51.32445248459636],[12.344191671540715,51.32445420214512],[12.344196899454925,51.32445869874644],[12.344196899456586,51.32446425685195],[12.344191671543397,51.32446875345426],[12.3441832126,51.32447047100363]]]}},{"type":"Feature","properties":{"wassersumme":10},"geometry":{"type":"Polygon","coordinates":[[[12.342372556,51.32485398580363],[12.342364096985866,51.32485226825426],[12.342358869028963,51.32484777165195],[12.34235886903062,51.32484221354643],[12.342364096988552,51.32483771694512],[12.342372556,51.324835999396356],[12.342381015011451,51.32483771694512],[12.342386242969383,51.32484221354643],[12.34238624297104,51.32484777165195],[12.342381015014135,51.32485226825426],[12.342372556,51.32485398580363]]]}},{"type":"Feature","properties":{"wassersumme":35},"geometry":{"type":"Polygon","coordinates":[[[12.342319685300001,51.32479270470363],[12.342311226297168,51.32479098715426],[12.342305998347253,51.32478649055195],[12.34230599834891,51.32478093244644],[12.342311226299852,51.324776435845116],[12.342319685300001,51.324774718296354],[12.342328144300149,51.324776435845116],[12.34233337225109,51.32478093244644],[12.34233337225275,51.32478649055195],[12.342328144302833,51.32479098715426],[12.342319685300001,51.32479270470363]]]}},{"type":"Feature","properties":{"wassersumme":35},"geometry":{"type":"Polygon","coordinates":[[[12.3422641862,51.324910886303634],[12.34225572717537,51.32490916875427],[12.34225049921198,51.32490467215196],[12.342250499213637,51.324899114046445],[12.342255727178053,51.324894617445125],[12.3422641862,51.32489289989636],[12.342272645221945,51.324894617445125],[12.342277873186362,51.324899114046445],[12.342277873188019,51.32490467215196],[12.342272645224629,51.32490916875427],[12.3422641862,51.324910886303634]]]}},{"type":"Feature","properties":{"wassersumme":46},"geometry":{"type":"Polygon","coordinates":[[[12.3458086173,51.32798437080363],[12.345800157708428,51.32798265325426],[12.345794929394646,51.327978156651945],[12.345794929396307,51.32797259854643],[12.345800157711112,51.3279681019451],[12.3458086173,51.32796638439635],[12.34581707688889,51.3279681019451],[12.345822305203694,51.32797259854643],[12.345822305205354,51.327978156651945],[12.345817076891574,51.32798265325426],[12.3458086173,51.32798437080363]]]}},{"type":"Feature","properties":{"wassersumme":515},"geometry":{"type":"Polygon","coordinates":[[[12.3459479862,51.32781088680363],[12.345939526640432,51.327809169254266],[12.345934298346432,51.32780467265196],[12.345934298348089,51.32779911454644],[12.345939526643116,51.32779461794512],[12.3459479862,51.32779290039636],[12.345956445756883,51.32779461794512],[12.345961674051912,51.32779911454644],[12.34596167405357,51.32780467265196],[12.345956445759569,51.327809169254266],[12.3459479862,51.32781088680363]]]}},{"type":"Feature","properties":{"wassersumme":20},"geometry":{"type":"Polygon","coordinates":[[[12.3457382662,51.327415427503624],[12.345729806713383,51.327413709954264],[12.34572457846447,51.32740921335196],[12.345724578466127,51.327403655246435],[12.345729806716069,51.327399158645115],[12.3457382662,51.327397441096366],[12.34574672568393,51.327399158645115],[12.345751953933869,51.327403655246435],[12.34575195393553,51.32740921335196],[12.345746725686617,51.327413709954264],[12.3457382662,51.327415427503624]]]}},{"type":"Feature","properties":{"wassersumme":75},"geometry":{"type":"Polygon","coordinates":[[[12.3442799623,51.32466424070363],[12.344271503320863,51.32466252315426],[12.34426627538559,51.32465802655196],[12.344266275387248,51.32465246844643],[12.344271503323547,51.32464797184512],[12.3442799623,51.32464625429634],[12.34428842127645,51.32464797184512],[12.344293649212752,51.32465246844643],[12.34429364921441,51.32465802655196],[12.344288421279137,51.32466252315426],[12.3442799623,51.32466424070363]]]}}]}