{
"type": "FeatureCollection",
"name": "mid",
"crs": { "type": "name", "properties": { "name": "urn:ogc:def:crs:OGC:1.3:CRS84" } },
"features": [
{ "type": "Feature", "properties": { "id": "102042", "lat": 51.3219631475, "lng": 12.320971563900001, "artdtsch": "Haus-Apfel 'Topaz'", "artbot": "Malus domestica 'Topaz'", "gattungdeutsch": "Malus", "strname": "Gleis-Grün-Zug Bahnhof Plagwitz", "pflanzjahr": "2016", "standalter": "9", "bezirk": "Plagwitz", "standortnr": "G42201", "wassermenge": 100, "wassersumme": 400, "anzahlg": 4 }, "geometry": { "type": "Point", "coordinates": [ 12.320971563900001, 51.3219631475 ] } },
{ "type": "Feature", "properties": { "id": "102043", "lat": 51.322003015999996, "lng": 12.3209451246, "artdtsch": "Haus-Apfel 'Topaz'", "artbot": "Malus domestica 'Topaz'", "gattungdeutsch": "Malus", "strname": "Gleis-Grün-Zug Bahnhof Plagwitz", "pflanzjahr": "2020", "standalter": "5", "bezirk": "Plagwitz", "standortnr": "G42202", "wassermenge": 100, "wassersumme": 400, "anzahlg": 4 }, "geometry": { "type": "Point", "coordinates": [ 12.3209451246, 51.322003016 ] } },
{ "type": "Feature", "properties": { "id": "102044", "lat": 51.322231701900002, "lng": 12.3209632281, "artdtsch": "Haus-Apfel 'Jacob Lebel'", "artbot": "Malus domestica 'Jacob Lebel'", "gattungdeutsch": "Malus", "strname": "Gleis-Grün-Zug Bahnhof Plagwitz", "pflanzjahr": "2020", "standalter": "5", "bezirk": "Plagwitz", "standortnr": "G42205", "wassermenge": 100, "wassersumme": 300, "anzahlg": 3 }, "geometry": { "type": "Point", "coordinates": [ 12.3209632281, 51.322231701900002 ] } },
{ "type": "Feature", "properties": { "id": "102045", "lat": 51.322670403799997, "lng": 12.3210954064, "artdtsch": "Haus-Apfel 'Rote Sternrenette'", "artbot": "Malus domestica 'Rote Sternrenette'", "gattungdeutsch": "Malus", "strname": "Gleis-Grün-Zug Bahnhof Plagwitz", "pflanzjahr": "2016", "standalter": "9", "bezirk": "Plagwitz", "standortnr": "G42212", "wassermenge": 100, "wassersumme": 400, "anzahlg": 4 }, "geometry": { "type": "Point", "coordinates": [ 12.3210954064, 51.322670403799997 ] } },
{ "type": "Feature", "properties": { "id": "102046", "lat": 51.3227301242, "lng": 12.3210953699, "artdtsch": "Haus-Apfel 'Rote Sternrenette'", "artbot": "Malus domestica 'Rote Sternrenette'", "gattungdeutsch": "Malus", "strname": "Gleis-Grün-Zug Bahnhof Plagwitz", "pflanzjahr": "2016", "standalter": "9", "bezirk": "Plagwitz", "standortnr": "G42213", "wassermenge": 100, "wassersumme": 400, "anzahlg": 4 }, "geometry": { "type": "Point", "coordinates": [ 12.3210953699, 51.3227301242 ] } },
{ "type": "Feature", "properties": { "id": "102047", "lat": 51.322790234499998, "lng": 12.3211241631, "artdtsch": "Haus-Apfel 'Cox Orange'", "artbot": "Malus domestica 'Cox Orange'", "gattungdeutsch": "Malus", "strname": "Gleis-Grün-Zug Bahnhof Plagwitz", "pflanzjahr": "2016", "standalter": "9", "bezirk": "Plagwitz", "standortnr": "G42214", "wassermenge": 100, "wassersumme": 400, "anzahlg": 4 }, "geometry": { "type": "Point", "coordinates": [ 12.3211241631, 51.322790234499998 ] } },
{ "type": "Feature", "properties": { "id": "102048", "lat": 51.3228529533, "lng": 12.321141177199999, "artdtsch": "Haus-Apfel 'Cox Orange'", "artbot": "Malus domestica 'Cox Orange'", "gattungdeutsch": "Malus", "strname": "Gleis-Grün-Zug Bahnhof Plagwitz", "pflanzjahr": "2016", "standalter": "9", "bezirk": "Plagwitz", "standortnr": "G42215", "wassermenge": 100, "wassersumme": 400, "anzahlg": 4 }, "geometry": { "type": "Point", "coordinates": [ 12.321141177199999, 51.3228529533 ] } },
{ "type": "Feature", "properties": { "id": "102049", "lat": 51.3229173378, "lng": 12.321172018, "artdtsch": "Haus-Apfel  'Roter Eiserapfel'", "artbot": "Malus domestica 'Roter Eiserapfel'", "gattungdeutsch": "Malus", "strname": "Gleis-Grün-Zug Bahnhof Plagwitz", "pflanzjahr": "2016", "standalter": "9", "bezirk": "Plagwitz", "standortnr": "G42216", "wassermenge": 100, "wassersumme": 400, "anzahlg": 4 }, "geometry": { "type": "Point", "coordinates": [ 12.321172018, 51.3229173378 ] } },
{ "type": "Feature", "properties": { "id": "10240", "lat": 51.317629865199997, "lng": 12.405840342499999, "artdtsch": "Gemeine Esche", "artbot": "Fraxinus excelsior", "gattungdeutsch": "Fraxinus", "strname": "Wilhelm-Külz-Park", "pflanzjahr": "2021", "standalter": "4", "bezirk": "Probstheida", "standortnr": "G10928", "wassermenge": 10, "wassersumme": 40, "anzahlg": 4 }, "geometry": { "type": "Point", "coordinates": [ 12.405840342499999, 51.317629865199997 ] } },
{ "type": "Feature", "properties": { "id": "10398", "lat": 51.321587639400001, "lng": 12.255522690099999, "artdtsch": "Robinie", "artbot": "Robinia pseudoacacia", "gattungdeutsch": "Robinia", "strname": "Park Miltitz", "pflanzjahr": "2021", "standalter": "4", "bezirk": "Miltitz", "standortnr": "84535", "wassermenge": 50, "wassersumme": 80, "anzahlg": 2 }, "geometry": { "type": "Point", "coordinates": [ 12.255522690099999, 51.321587639400001 ] } },
{ "type": "Feature", "properties": { "id": "10434", "lat": 51.314448351700001, "lng": 12.327734553100001, "artdtsch": "Vielblütiger Apfel", "artbot": "Malus floribunda", "gattungdeutsch": "Malus", "strname": "Volkspark Kleinzschocher", "pflanzjahr": "2022", "standalter": "3", "bezirk": "Kleinzschocher", "standortnr": "G1135", "wassermenge": 20, "wassersumme": 30, "anzahlg": 2 }, "geometry": { "type": "Point", "coordinates": [ 12.327734553100001, 51.314448351700001 ] } },
{ "type": "Feature", "properties": { "id": "11267", "lat": 51.328227418099999, "lng": 12.3313752464, "artdtsch": "Rot-Eiche", "artbot": "Quercus rubra", "gattungdeutsch": "Quercus", "strname": "Stadtteilpark Plagwitz", "pflanzjahr": "2011", "standalter": "14", "bezirk": "Plagwitz", "standortnr": "G30", "wassermenge": 45, "wassersumme": 370, "anzahlg": 9 }, "geometry": { "type": "Point", "coordinates": [ 12.3313752464, 51.328227418099999 ] } },
{ "type": "Feature", "properties": { "id": "11336", "lat": 51.328009354000002, "lng": 12.334480364499999, "artdtsch": "Säulen-Eiche 'Fastigiata Koster'", "artbot": "Quercus robur 'Fastigiata Koster'", "gattungdeutsch": "Quercus", "strname": "Stadtteilpark Plagwitz", "pflanzjahr": "2013", "standalter": "12", "bezirk": "Plagwitz", "standortnr": "G4175", "wassermenge": 25, "wassersumme": 30, "anzahlg": 2 }, "geometry": { "type": "Point", "coordinates": [ 12.334480364499999, 51.328009354 ] } },
{ "type": "Feature", "properties": { "id": "1169", "lat": 51.346844313799998, "lng": 12.3975101455, "artdtsch": "Stadt-Linde", "artbot": "Tilia cordata 'Greenspire'", "gattungdeutsch": "Tilia", "strname": "Bussestraße", "pflanzjahr": "2020", "standalter": "5", "bezirk": "Neustadt-Neuschönefeld", "standortnr": "77070", "wassermenge": 40, "wassersumme": 140, "anzahlg": 7 }, "geometry": { "type": "Point", "coordinates": [ 12.3975101455, 51.346844313799998 ] } },
{ "type": "Feature", "properties": { "id": "1170", "lat": 51.346839621599997, "lng": 12.397618699000001, "artdtsch": "Stadt-Linde", "artbot": "Tilia cordata 'Greenspire'", "gattungdeutsch": "Tilia", "strname": "Bussestraße", "pflanzjahr": "2020", "standalter": "5", "bezirk": "Neustadt-Neuschönefeld", "standortnr": "77069", "wassermenge": 40, "wassersumme": 110, "anzahlg": 5 }, "geometry": { "type": "Point", "coordinates": [ 12.397618699, 51.346839621599997 ] } },
{ "type": "Feature", "properties": { "id": "1172", "lat": 51.3467053241, "lng": 12.397367082000001, "artdtsch": "Stadt-Linde", "artbot": "Tilia cordata 'Greenspire'", "gattungdeutsch": "Tilia", "strname": "Ludwigstraße", "pflanzjahr": "2020", "standalter": "5", "bezirk": "Neustadt-Neuschönefeld", "standortnr": "77072", "wassermenge": 10, "wassersumme": 10, "anzahlg": 1 }, "geometry": { "type": "Point", "coordinates": [ 12.397367082, 51.3467053241 ] } },
{ "type": "Feature", "properties": { "id": "11781", "lat": 51.395536591599999, "lng": 12.3810433408, "artdtsch": "Französischer Ahorn", "artbot": "Acer monspessulanum", "gattungdeutsch": "Acer", "strname": "Spielplatz Theobald-Beer-Straße (1. BA)/B-Plan E-135 \"Nördlich Seehausener Straße\"", "pflanzjahr": "2021", "standalter": "4", "bezirk": "Wiederitzsch", "standortnr": "79700", "wassermenge": 25, "wassersumme": 50, "anzahlg": 2 }, "geometry": { "type": "Point", "coordinates": [ 12.3810433408, 51.395536591599999 ] } },
{ "type": "Feature", "properties": { "id": "117994", "lat": 51.356933082200001, "lng": 12.2626039183, "artdtsch": "Purpur-Erle", "artbot": "Alnus x spaethii", "gattungdeutsch": "Alnus", "strname": "Arthur-Heidrich-Platz", "pflanzjahr": "2021", "standalter": "4", "bezirk": "Burghausen-Rückmarsdorf", "standortnr": "G39827", "wassermenge": 30, "wassersumme": 250, "anzahlg": 9 }, "geometry": { "type": "Point", "coordinates": [ 12.2626039183, 51.356933082200001 ] } },
{ "type": "Feature", "properties": { "id": "11878", "lat": 51.322189270700001, "lng": 12.321420013199999, "artdtsch": "Süßkirsche 'Hedelfinger Riesenkirsche'", "artbot": "Prunus avium 'Hedelfinger Riesenkirsche'", "gattungdeutsch": "Prunus", "strname": "Gleis-Grün-Zug Bahnhof Plagwitz", "pflanzjahr": "2016", "standalter": "9", "bezirk": "Plagwitz", "standortnr": "G42181", "wassermenge": 100, "wassersumme": 400, "anzahlg": 4 }, "geometry": { "type": "Point", "coordinates": [ 12.321420013199999, 51.322189270700001 ] } },
{ "type": "Feature", "properties": { "id": "11879", "lat": 51.32214793, "lng": 12.321358546600001, "artdtsch": "Süßkirsche 'Hedelfinger Riesenkirsche'", "artbot": "Prunus avium 'Hedelfinger Riesenkirsche'", "gattungdeutsch": "Prunus", "strname": "Gleis-Grün-Zug Bahnhof Plagwitz", "pflanzjahr": "2016", "standalter": "9", "bezirk": "Plagwitz", "standortnr": "G42182", "wassermenge": 100, "wassersumme": 400, "anzahlg": 4 }, "geometry": { "type": "Point", "coordinates": [ 12.321358546600001, 51.32214793 ] } },
{ "type": "Feature", "properties": { "id": "11880", "lat": 51.3221545213, "lng": 12.321261415, "artdtsch": "Süßkirsche 'Burlat'", "artbot": "Prunus avium 'Burlat'", "gattungdeutsch": "Prunus", "strname": "Gleis-Grün-Zug Bahnhof Plagwitz", "pflanzjahr": "2016", "standalter": "9", "bezirk": "Plagwitz", "standortnr": "G42183", "wassermenge": 100, "wassersumme": 400, "anzahlg": 4 }, "geometry": { "type": "Point", "coordinates": [ 12.321261415, 51.3221545213 ] } },
{ "type": "Feature", "properties": { "id": "11881", "lat": 51.322198375799999, "lng": 12.3213266106, "artdtsch": "Süßkirsche 'Burlat'", "artbot": "Prunus avium 'Burlat'", "gattungdeutsch": "Prunus", "strname": "Gleis-Grün-Zug Bahnhof Plagwitz", "pflanzjahr": "2016", "standalter": "9", "bezirk": "Plagwitz", "standortnr": "G42184", "wassermenge": 100, "wassersumme": 400, "anzahlg": 4 }, "geometry": { "type": "Point", "coordinates": [ 12.3213266106, 51.322198375799999 ] } },
{ "type": "Feature", "properties": { "id": "11882", "lat": 51.322159568700002, "lng": 12.321175426, "artdtsch": "Kirsche", "artbot": "Prunus species", "gattungdeutsch": "Prunus", "strname": "Gleis-Grün-Zug Bahnhof Plagwitz", "pflanzjahr": "2016", "standalter": "9", "bezirk": "Plagwitz", "standortnr": "G42186", "wassermenge": 100, "wassersumme": 400, "anzahlg": 4 }, "geometry": { "type": "Point", "coordinates": [ 12.321175426, 51.322159568700002 ] } },
{ "type": "Feature", "properties": { "id": "11885", "lat": 51.321659644299999, "lng": 12.320934425000001, "artdtsch": "Ess-Kastanie", "artbot": "Castanea sativa", "gattungdeutsch": "Castanea", "strname": "Gleis-Grün-Zug Bahnhof Plagwitz", "pflanzjahr": "2020", "standalter": "5", "bezirk": "Plagwitz", "standortnr": "G42192", "wassermenge": 100, "wassersumme": 300, "anzahlg": 3 }, "geometry": { "type": "Point", "coordinates": [ 12.320934425, 51.321659644299999 ] } },
{ "type": "Feature", "properties": { "id": "11886", "lat": 51.321934552499997, "lng": 12.321093662199999, "artdtsch": "Kultur-Birne 'Conference'", "artbot": "Pyrus communis 'Conference'", "gattungdeutsch": "Pyrus", "strname": "Gleis-Grün-Zug Bahnhof Plagwitz", "pflanzjahr": "2016", "standalter": "9", "bezirk": "Plagwitz", "standortnr": "G42198", "wassermenge": 100, "wassersumme": 400, "anzahlg": 4 }, "geometry": { "type": "Point", "coordinates": [ 12.321093662199999, 51.321934552499997 ] } },
{ "type": "Feature", "properties": { "id": "11887", "lat": 51.321955387800003, "lng": 12.321155175299999, "artdtsch": "Kultur-Birne 'Petersbirne'", "artbot": "Pyrus communis 'Petersbirne'", "gattungdeutsch": "Pyrus", "strname": "Gleis-Grün-Zug Bahnhof Plagwitz", "pflanzjahr": "2016", "standalter": "9", "bezirk": "Plagwitz", "standortnr": "G42199", "wassermenge": 100, "wassersumme": 400, "anzahlg": 4 }, "geometry": { "type": "Point", "coordinates": [ 12.321155175299999, 51.321955387800003 ] } },
{ "type": "Feature", "properties": { "id": "11888", "lat": 51.321984313000002, "lng": 12.321051431000001, "artdtsch": "Kultur-Birne 'Clapps Liebling'", "artbot": "Pyrus communis 'Clapps Liebling'", "gattungdeutsch": "Pyrus", "strname": "Gleis-Grün-Zug Bahnhof Plagwitz", "pflanzjahr": "2022", "standalter": "3", "bezirk": "Plagwitz", "standortnr": "G42200", "wassermenge": 100, "wassersumme": 150, "anzahlg": 2 }, "geometry": { "type": "Point", "coordinates": [ 12.321051431, 51.321984313 ] } },
{ "type": "Feature", "properties": { "id": "11890", "lat": 51.322525964999997, "lng": 12.321256844000001, "artdtsch": "Essbare Eberesche", "artbot": "Sorbus aucuparia 'Edulis'", "gattungdeutsch": "Sorbus", "strname": "Gleis-Grün-Zug Bahnhof Plagwitz", "pflanzjahr": "2016", "standalter": "9", "bezirk": "Plagwitz", "standortnr": "G42207", "wassermenge": 100, "wassersumme": 300, "anzahlg": 3 }, "geometry": { "type": "Point", "coordinates": [ 12.321256844, 51.322525965 ] } },
{ "type": "Feature", "properties": { "id": "11891", "lat": 51.322987534799999, "lng": 12.321189601, "artdtsch": "Haus-Apfel  'Roter Eiserapfel'", "artbot": "Malus domestica 'Roter Eiserapfel'", "gattungdeutsch": "Malus", "strname": "Gleis-Grün-Zug Bahnhof Plagwitz", "pflanzjahr": "2016", "standalter": "9", "bezirk": "Plagwitz", "standortnr": "G42217", "wassermenge": 100, "wassersumme": 300, "anzahlg": 3 }, "geometry": { "type": "Point", "coordinates": [ 12.321189601, 51.322987534799999 ] } },
{ "type": "Feature", "properties": { "id": "11893", "lat": 51.3227767554, "lng": 12.321340839299999, "artdtsch": "Feld-Ahorn", "artbot": "Acer campestre", "gattungdeutsch": "Acer", "strname": "Gleis-Grün-Zug Bahnhof Plagwitz", "pflanzjahr": "2020", "standalter": "5", "bezirk": "Plagwitz", "standortnr": "G47636", "wassermenge": 100, "wassersumme": 150, "anzahlg": 2 }, "geometry": { "type": "Point", "coordinates": [ 12.321340839299999, 51.3227767554 ] } },
{ "type": "Feature", "properties": { "id": "1195", "lat": 51.330544638100001, "lng": 12.3747041617, "artdtsch": "Gleditschie 'Inermis'", "artbot": "Gleditsia triacanthos 'Inermis'", "gattungdeutsch": "Gleditsia", "strname": "Gaudigplatz", "pflanzjahr": "2020", "standalter": "5", "bezirk": "Zentrum-Süd", "standortnr": "77093", "wassermenge": 100, "wassersumme": 100, "anzahlg": 1 }, "geometry": { "type": "Point", "coordinates": [ 12.3747041617, 51.330544638100001 ] } },
{ "type": "Feature", "properties": { "id": "12730", "lat": 51.342363797200001, "lng": 12.417009309000001, "artdtsch": "Haus-Apfel 'Gravensteiner'", "artbot": "Malus domestica 'Gravensteiner'", "gattungdeutsch": "Malus", "strname": "\"Lichter Hain\"-Wurzner Straße Baulückenbegrünung", "pflanzjahr": "2022", "standalter": "3", "bezirk": "Volkmarsdorf", "standortnr": "93578", "wassermenge": 60, "wassersumme": 120, "anzahlg": 2 }, "geometry": { "type": "Point", "coordinates": [ 12.417009309, 51.342363797200001 ] } },
{ "type": "Feature", "properties": { "id": "1276", "lat": 51.3308057542, "lng": 12.329351753699999, "artdtsch": "Feld-Ahorn", "artbot": "Acer campestre", "gattungdeutsch": "Acer", "strname": "Weg 7001", "pflanzjahr": "2020", "standalter": "5", "bezirk": "Lindenau", "standortnr": "77064", "wassermenge": 30, "wassersumme": 50, "anzahlg": 3 }, "geometry": { "type": "Point", "coordinates": [ 12.329351753699999, 51.3308057542 ] } },
{ "type": "Feature", "properties": { "id": "133701", "lat": 51.33071417, "lng": 12.304723639600001, "artdtsch": "Apfel-Dorn", "artbot": "Crataegus x lavallei", "gattungdeutsch": "Crataegus", "strname": "Lindenauer Hafen", "pflanzjahr": "2024", "standalter": "1", "bezirk": "Schönau", "standortnr": "G20572", "wassermenge": 60, "wassersumme": 60, "anzahlg": 1 }, "geometry": { "type": "Point", "coordinates": [ 12.304723639600001, 51.33071417 ] } },
{ "type": "Feature", "properties": { "id": "133714", "lat": 51.330339822299997, "lng": 12.3054538604, "artdtsch": "Pyramiden-Pappel", "artbot": "Populus nigra 'Italica'", "gattungdeutsch": "Populus", "strname": "Lindenauer Hafen", "pflanzjahr": "2014", "standalter": "11", "bezirk": "Schönau", "standortnr": "145747", "wassermenge": 80, "wassersumme": 80, "anzahlg": 1 }, "geometry": { "type": "Point", "coordinates": [ 12.3054538604, 51.330339822299997 ] } },
{ "type": "Feature", "properties": { "id": "13487", "lat": 51.321151333899998, "lng": 12.254450814, "artdtsch": "Yoshino-Kirsche", "artbot": "Prunus x yedoensis", "gattungdeutsch": "Prunus", "strname": "Park Miltitz", "pflanzjahr": "2012", "standalter": "13", "bezirk": "Miltitz", "standortnr": "G29549", "wassermenge": 30, "wassersumme": 55, "anzahlg": 2 }, "geometry": { "type": "Point", "coordinates": [ 12.254450814, 51.321151333899998 ] } },
{ "type": "Feature", "properties": { "id": "1363", "lat": 51.3466023163, "lng": 12.4073903246, "artdtsch": "Hopfenbuche", "artbot": "Ostrya carpinifolia", "gattungdeutsch": "Ostrya", "strname": "Hildegardstraße", "pflanzjahr": "2020", "standalter": "5", "bezirk": "Volkmarsdorf", "standortnr": "5626", "wassermenge": 6, "wassersumme": 6, "anzahlg": 1 }, "geometry": { "type": "Point", "coordinates": [ 12.4073903246, 51.3466023163 ] } },
{ "type": "Feature", "properties": { "id": "1383", "lat": 51.347381779000003, "lng": 12.3978134355, "artdtsch": "Säulen-Hainbuche 'Frans Fontaine'", "artbot": "Carpinus betulus 'Frans Fontaine'", "gattungdeutsch": "Carpinus", "strname": "Mariannenstraße", "pflanzjahr": "2020", "standalter": "5", "bezirk": "Neustadt-Neuschönefeld", "standortnr": "8211", "wassermenge": 60, "wassersumme": 202, "anzahlg": 10 }, "geometry": { "type": "Point", "coordinates": [ 12.3978134355, 51.347381779 ] } },
{ "type": "Feature", "properties": { "id": "1384", "lat": 51.347412137200003, "lng": 12.397764409000001, "artdtsch": "Säulen-Hainbuche 'Frans Fontaine'", "artbot": "Carpinus betulus 'Frans Fontaine'", "gattungdeutsch": "Carpinus", "strname": "Mariannenstraße", "pflanzjahr": "2020", "standalter": "5", "bezirk": "Neustadt-Neuschönefeld", "standortnr": "8216", "wassermenge": 50, "wassersumme": 120, "anzahlg": 6 }, "geometry": { "type": "Point", "coordinates": [ 12.397764409, 51.347412137200003 ] } },
{ "type": "Feature", "properties": { "id": "1397", "lat": 51.332709671800004, "lng": 12.406461204799999, "artdtsch": "Kegelförmiger Spitz-Ahorn", "artbot": "Acer platanoides 'Emerald Queen'", "gattungdeutsch": "Acer", "strname": "Riebeckstraße", "pflanzjahr": "2020", "standalter": "5", "bezirk": "Reudnitz-Thonberg", "standortnr": "22124", "wassermenge": 40, "wassersumme": 300, "anzahlg": 8 }, "geometry": { "type": "Point", "coordinates": [ 12.406461204799999, 51.332709671800004 ] } },
{ "type": "Feature", "properties": { "id": "14390", "lat": 51.329254413500003, "lng": 12.3087966494, "artdtsch": "Schwedische Mehlbeere", "artbot": "Sorbus intermedia", "gattungdeutsch": "Sorbus", "strname": "Lindenauer Hafen", "pflanzjahr": "2020", "standalter": "5", "bezirk": "Schönau", "standortnr": "G20485", "wassermenge": 60, "wassersumme": 420, "anzahlg": 7 }, "geometry": { "type": "Point", "coordinates": [ 12.3087966494, 51.329254413500003 ] } },
{ "type": "Feature", "properties": { "id": "14391", "lat": 51.329112510599998, "lng": 12.308613877899999, "artdtsch": "Vogel-Kirsche", "artbot": "Prunus avium", "gattungdeutsch": "Prunus", "strname": "Lindenauer Hafen", "pflanzjahr": "2020", "standalter": "5", "bezirk": "Schönau", "standortnr": "G20505", "wassermenge": 60, "wassersumme": 310, "anzahlg": 6 }, "geometry": { "type": "Point", "coordinates": [ 12.308613877899999, 51.329112510599998 ] } },
{ "type": "Feature", "properties": { "id": "1463", "lat": 51.3462222936, "lng": 12.4111770876, "artdtsch": "Hopfenbuche", "artbot": "Ostrya carpinifolia", "gattungdeutsch": "Ostrya", "strname": "Idastraße", "pflanzjahr": "2020", "standalter": "5", "bezirk": "Volkmarsdorf", "standortnr": "5676", "wassermenge": 20, "wassersumme": 20, "anzahlg": 1 }, "geometry": { "type": "Point", "coordinates": [ 12.4111770876, 51.3462222936 ] } },
{ "type": "Feature", "properties": { "id": "1472", "lat": 51.332806836300001, "lng": 12.406515302100001, "artdtsch": "Kegelförmiger Spitz-Ahorn", "artbot": "Acer platanoides 'Emerald Queen'", "gattungdeutsch": "Acer", "strname": "Riebeckstraße", "pflanzjahr": "2020", "standalter": "5", "bezirk": "Reudnitz-Thonberg", "standortnr": "22123", "wassermenge": 40, "wassersumme": 310, "anzahlg": 9 }, "geometry": { "type": "Point", "coordinates": [ 12.406515302100001, 51.332806836300001 ] } },
{ "type": "Feature", "properties": { "id": "14727", "lat": 51.333977312800002, "lng": 12.327659350299999, "artdtsch": "Trauben-Kirsche", "artbot": "Prunus padus", "gattungdeutsch": "Prunus", "strname": "Henriettenpark", "pflanzjahr": "2012", "standalter": "13", "bezirk": "Lindenau", "standortnr": "G3533", "wassermenge": 60, "wassersumme": 120, "anzahlg": 2 }, "geometry": { "type": "Point", "coordinates": [ 12.327659350299999, 51.333977312800002 ] } },
{ "type": "Feature", "properties": { "id": "14732", "lat": 51.333616682100001, "lng": 12.327479608899999, "artdtsch": "Pflaumenblättriger Weißdorn 'Splendens'", "artbot": "Crataegus persimilis 'Splendens'", "gattungdeutsch": "Crataegus", "strname": "Henriettenpark", "pflanzjahr": "2018", "standalter": "7", "bezirk": "Lindenau", "standortnr": "G15867", "wassermenge": 80, "wassersumme": 265, "anzahlg": 5 }, "geometry": { "type": "Point", "coordinates": [ 12.327479608899999, 51.333616682100001 ] } },
{ "type": "Feature", "properties": { "id": "1479", "lat": 51.353888091000002, "lng": 12.461795520500001, "artdtsch": "Rot-Esche Summit", "artbot": "Fraxinus pennsylvanica 'Summit'", "gattungdeutsch": "Fraxinus", "strname": "Schlehenweg", "pflanzjahr": "2020", "standalter": "5", "bezirk": "Paunsdorf", "standortnr": "50369", "wassermenge": 80, "wassersumme": 1045, "anzahlg": 63 }, "geometry": { "type": "Point", "coordinates": [ 12.461795520500001, 51.353888091 ] } },
{ "type": "Feature", "properties": { "id": "15516", "lat": 51.355770393500002, "lng": 12.4152565014, "artdtsch": "Japanischer Schnurbaum", "artbot": "Sophora japonica", "gattungdeutsch": "Sophora", "strname": "WG Schönefeld-Kohlweg/Losinskiweg/Gorkistraße", "pflanzjahr": "2014", "standalter": "11", "bezirk": "Schönefeld-Ost", "standortnr": "G10017", "wassermenge": 7, "wassersumme": 7, "anzahlg": 1 }, "geometry": { "type": "Point", "coordinates": [ 12.4152565014, 51.355770393500002 ] } },
{ "type": "Feature", "properties": { "id": "15770", "lat": 51.307228528899998, "lng": 12.294532696699999, "artdtsch": "Stadt-Linde", "artbot": "Tilia cordata 'Greenspire'", "gattungdeutsch": "Tilia", "strname": "Rapsweg", "pflanzjahr": "2022", "standalter": "3", "bezirk": "Großzschocher", "standortnr": "51613", "wassermenge": 70, "wassersumme": 375, "anzahlg": 6 }, "geometry": { "type": "Point", "coordinates": [ 12.294532696699999, 51.307228528899998 ] } },
{ "type": "Feature", "properties": { "id": "15793", "lat": 51.3250992977, "lng": 12.2902991444, "artdtsch": "Stiel-Eiche", "artbot": "Quercus robur", "gattungdeutsch": "Quercus", "strname": "WG Grünau WK 5.1-Garskestraße/Lützner Straße/Schönauer Straße", "pflanzjahr": "2020", "standalter": "5", "bezirk": "Schönau", "standortnr": "78024", "wassermenge": 75, "wassersumme": 75, "anzahlg": 1 }, "geometry": { "type": "Point", "coordinates": [ 12.2902991444, 51.3250992977 ] } },
{ "type": "Feature", "properties": { "id": "15966", "lat": 51.320324044499998, "lng": 12.255129655499999, "artdtsch": "Spitz-Ahorn", "artbot": "Acer platanoides", "gattungdeutsch": "Acer", "strname": "Auenweg", "pflanzjahr": "2020", "standalter": "5", "bezirk": "Miltitz", "standortnr": "51965", "wassermenge": 50, "wassersumme": 100, "anzahlg": 2 }, "geometry": { "type": "Point", "coordinates": [ 12.255129655499999, 51.320324044499998 ] } },
{ "type": "Feature", "properties": { "id": "15969", "lat": 51.345848356499999, "lng": 12.3152758145, "artdtsch": "Säulen-Eiche", "artbot": "Quercus robur 'Fastigiata'", "gattungdeutsch": "Quercus", "strname": "Benediktusstraße", "pflanzjahr": "2020", "standalter": "5", "bezirk": "Leutzsch", "standortnr": "76980", "wassermenge": 20, "wassersumme": 90, "anzahlg": 6 }, "geometry": { "type": "Point", "coordinates": [ 12.3152758145, 51.345848356499999 ] } },
{ "type": "Feature", "properties": { "id": "15970", "lat": 51.345903101600001, "lng": 12.3150902202, "artdtsch": "Säulen-Eiche", "artbot": "Quercus robur 'Fastigiata'", "gattungdeutsch": "Quercus", "strname": "Benediktusstraße", "pflanzjahr": "2020", "standalter": "5", "bezirk": "Leutzsch", "standortnr": "76981", "wassermenge": 60, "wassersumme": 190, "anzahlg": 7 }, "geometry": { "type": "Point", "coordinates": [ 12.3150902202, 51.345903101600001 ] } },
{ "type": "Feature", "properties": { "id": "15988", "lat": 51.3416882183, "lng": 12.330129810700001, "artdtsch": "Blut-Ahorn 'Deborah'", "artbot": "Acer platanoides 'Deborah'", "gattungdeutsch": "Acer", "strname": "Friesenstraße", "pflanzjahr": "2024", "standalter": "1", "bezirk": "Altlindenau", "standortnr": "54935", "wassermenge": 10, "wassersumme": 10, "anzahlg": 1 }, "geometry": { "type": "Point", "coordinates": [ 12.330129810700001, 51.3416882183 ] } },
{ "type": "Feature", "properties": { "id": "15989", "lat": 51.3418146542, "lng": 12.330199862000001, "artdtsch": "Blut-Ahorn 'Deborah'", "artbot": "Acer platanoides 'Deborah'", "gattungdeutsch": "Acer", "strname": "Friesenstraße", "pflanzjahr": "2020", "standalter": "5", "bezirk": "Altlindenau", "standortnr": "54937", "wassermenge": 50, "wassersumme": 50, "anzahlg": 1 }, "geometry": { "type": "Point", "coordinates": [ 12.330199862, 51.3418146542 ] } },
{ "type": "Feature", "properties": { "id": "1622", "lat": 51.320756231799997, "lng": 12.2637453224, "artdtsch": "Stiel-Eiche", "artbot": "Quercus robur", "gattungdeutsch": "Quercus", "strname": "Am kleinen Feld", "pflanzjahr": "2020", "standalter": "5", "bezirk": "Grünau-Nord", "standortnr": "77987", "wassermenge": 100, "wassersumme": 100, "anzahlg": 1 }, "geometry": { "type": "Point", "coordinates": [ 12.2637453224, 51.320756231799997 ] } },
{ "type": "Feature", "properties": { "id": "16221", "lat": 51.343693216699997, "lng": 12.325500960699999, "artdtsch": "Winter-Linde 'Rancho'", "artbot": "Tilia cordata 'Rancho'", "gattungdeutsch": "Tilia", "strname": "Hempelstraße", "pflanzjahr": "2023", "standalter": "2", "bezirk": "Altlindenau", "standortnr": "132662", "wassermenge": 80, "wassersumme": 95, "anzahlg": 2 }, "geometry": { "type": "Point", "coordinates": [ 12.325500960699999, 51.343693216699997 ] } },
{ "type": "Feature", "properties": { "id": "16222", "lat": 51.343591549199999, "lng": 12.3253572538, "artdtsch": "Winter-Linde 'Rancho'", "artbot": "Tilia cordata 'Rancho'", "gattungdeutsch": "Tilia", "strname": "Hempelstraße", "pflanzjahr": "2023", "standalter": "2", "bezirk": "Altlindenau", "standortnr": "132661", "wassermenge": 95, "wassersumme": 95, "anzahlg": 1 }, "geometry": { "type": "Point", "coordinates": [ 12.3253572538, 51.343591549199999 ] } },
{ "type": "Feature", "properties": { "id": "16224", "lat": 51.343262430700001, "lng": 12.3248933749, "artdtsch": "Winter-Linde 'Rancho'", "artbot": "Tilia cordata 'Rancho'", "gattungdeutsch": "Tilia", "strname": "Hempelstraße", "pflanzjahr": "2023", "standalter": "2", "bezirk": "Altlindenau", "standortnr": "132659", "wassermenge": 20, "wassersumme": 20, "anzahlg": 1 }, "geometry": { "type": "Point", "coordinates": [ 12.3248933749, 51.343262430700001 ] } },
{ "type": "Feature", "properties": { "id": "16279", "lat": 51.3568209938, "lng": 12.265371005800001, "artdtsch": "Kaiser-Linde", "artbot": "Tilia x vulgaris 'Pallida'", "gattungdeutsch": "Tilia", "strname": "Am Dorfplatz", "pflanzjahr": "2023", "standalter": "2", "bezirk": "Burghausen-Rückmarsdorf", "standortnr": "57999", "wassermenge": 40, "wassersumme": 160, "anzahlg": 4 }, "geometry": { "type": "Point", "coordinates": [ 12.265371005800001, 51.3568209938 ] } },
{ "type": "Feature", "properties": { "id": "16543", "lat": 51.3660256537, "lng": 12.3719736589, "artdtsch": "Südlicher Zürgelbaum", "artbot": "Celtis australis", "gattungdeutsch": "Celtis", "strname": "Dietzgenstraße", "pflanzjahr": "2024", "standalter": "1", "bezirk": "Gohlis-Mitte", "standortnr": "133807", "wassermenge": 80, "wassersumme": 180, "anzahlg": 4 }, "geometry": { "type": "Point", "coordinates": [ 12.3719736589, 51.3660256537 ] } },
{ "type": "Feature", "properties": { "id": "16581", "lat": 51.364518368799999, "lng": 12.365295469, "artdtsch": "Hopfenbuche", "artbot": "Ostrya carpinifolia", "gattungdeutsch": "Ostrya", "strname": "Cöthner Straße", "pflanzjahr": "2023", "standalter": "2", "bezirk": "Gohlis-Süd", "standortnr": "88605", "wassermenge": 100, "wassersumme": 1150, "anzahlg": 17 }, "geometry": { "type": "Point", "coordinates": [ 12.365295469, 51.364518368799999 ] } },
{ "type": "Feature", "properties": { "id": "16613", "lat": 51.367464214999998, "lng": 12.372083675100001, "artdtsch": "Hopfenbuche", "artbot": "Ostrya carpinifolia", "gattungdeutsch": "Ostrya", "strname": "Corinthstraße", "pflanzjahr": "2024", "standalter": "1", "bezirk": "Gohlis-Mitte", "standortnr": "133796", "wassermenge": 75, "wassersumme": 230, "anzahlg": 5 }, "geometry": { "type": "Point", "coordinates": [ 12.372083675100001, 51.367464215 ] } },
{ "type": "Feature", "properties": { "id": "16614", "lat": 51.367557059200003, "lng": 12.3719495317, "artdtsch": "Hopfenbuche", "artbot": "Ostrya carpinifolia", "gattungdeutsch": "Ostrya", "strname": "Corinthstraße", "pflanzjahr": "2024", "standalter": "1", "bezirk": "Gohlis-Mitte", "standortnr": "133797", "wassermenge": 75, "wassersumme": 655, "anzahlg": 21 }, "geometry": { "type": "Point", "coordinates": [ 12.3719495317, 51.367557059200003 ] } },
{ "type": "Feature", "properties": { "id": "16615", "lat": 51.367638942500001, "lng": 12.371835461, "artdtsch": "Hopfenbuche", "artbot": "Ostrya carpinifolia", "gattungdeutsch": "Ostrya", "strname": "Corinthstraße", "pflanzjahr": "2024", "standalter": "1", "bezirk": "Gohlis-Mitte", "standortnr": "133798", "wassermenge": 50, "wassersumme": 215, "anzahlg": 7 }, "geometry": { "type": "Point", "coordinates": [ 12.371835461, 51.367638942500001 ] } },
{ "type": "Feature", "properties": { "id": "16616", "lat": 51.367752460799998, "lng": 12.3716733947, "artdtsch": "Hopfenbuche", "artbot": "Ostrya carpinifolia", "gattungdeutsch": "Ostrya", "strname": "Corinthstraße", "pflanzjahr": "2024", "standalter": "1", "bezirk": "Gohlis-Mitte", "standortnr": "133799", "wassermenge": 50, "wassersumme": 100, "anzahlg": 2 }, "geometry": { "type": "Point", "coordinates": [ 12.3716733947, 51.367752460799998 ] } },
{ "type": "Feature", "properties": { "id": "16617", "lat": 51.367833584000003, "lng": 12.3715593666, "artdtsch": "Hopfenbuche", "artbot": "Ostrya carpinifolia", "gattungdeutsch": "Ostrya", "strname": "Corinthstraße", "pflanzjahr": "2024", "standalter": "1", "bezirk": "Gohlis-Mitte", "standortnr": "133800", "wassermenge": 50, "wassersumme": 100, "anzahlg": 2 }, "geometry": { "type": "Point", "coordinates": [ 12.3715593666, 51.367833584 ] } },
{ "type": "Feature", "properties": { "id": "16618", "lat": 51.367914734400003, "lng": 12.3714465518, "artdtsch": "Hopfenbuche", "artbot": "Ostrya carpinifolia", "gattungdeutsch": "Ostrya", "strname": "Corinthstraße", "pflanzjahr": "2024", "standalter": "1", "bezirk": "Gohlis-Mitte", "standortnr": "133801", "wassermenge": 50, "wassersumme": 100, "anzahlg": 2 }, "geometry": { "type": "Point", "coordinates": [ 12.3714465518, 51.367914734400003 ] } },
{ "type": "Feature", "properties": { "id": "16619", "lat": 51.367994867699998, "lng": 12.371330396, "artdtsch": "Hopfenbuche", "artbot": "Ostrya carpinifolia", "gattungdeutsch": "Ostrya", "strname": "Corinthstraße", "pflanzjahr": "2024", "standalter": "1", "bezirk": "Gohlis-Mitte", "standortnr": "137660", "wassermenge": 50, "wassersumme": 100, "anzahlg": 2 }, "geometry": { "type": "Point", "coordinates": [ 12.371330396, 51.367994867699998 ] } },
{ "type": "Feature", "properties": { "id": "16647", "lat": 51.357252573899999, "lng": 12.418207307899999, "artdtsch": "Japanische Zelkove 'Green Vase'", "artbot": "Zelkova serrata 'Green Vase'", "gattungdeutsch": "Zelkova", "strname": "Löbauer Straße", "pflanzjahr": "2024", "standalter": "1", "bezirk": "Schönefeld-Ost", "standortnr": "137519", "wassermenge": 5, "wassersumme": 5, "anzahlg": 1 }, "geometry": { "type": "Point", "coordinates": [ 12.418207307899999, 51.357252573899999 ] } },
{ "type": "Feature", "properties": { "id": "1677", "lat": 51.326609703899997, "lng": 12.3393903267, "artdtsch": "Säulen-Eiche 'Fastigiata Koster'", "artbot": "Quercus robur 'Fastigiata Koster'", "gattungdeutsch": "Quercus", "strname": "Nonnenstraße", "pflanzjahr": "2020", "standalter": "5", "bezirk": "Plagwitz", "standortnr": "77041", "wassermenge": 5, "wassersumme": 5, "anzahlg": 1 }, "geometry": { "type": "Point", "coordinates": [ 12.3393903267, 51.326609703899997 ] } },
{ "type": "Feature", "properties": { "id": "1678", "lat": 51.326654976900002, "lng": 12.3393126254, "artdtsch": "Säulen-Eiche 'Fastigiata Koster'", "artbot": "Quercus robur 'Fastigiata Koster'", "gattungdeutsch": "Quercus", "strname": "Nonnenstraße", "pflanzjahr": "2020", "standalter": "5", "bezirk": "Plagwitz", "standortnr": "77040", "wassermenge": 50, "wassersumme": 325, "anzahlg": 14 }, "geometry": { "type": "Point", "coordinates": [ 12.3393126254, 51.326654976900002 ] } },
{ "type": "Feature", "properties": { "id": "1679", "lat": 51.326750338499998, "lng": 12.339293896, "artdtsch": "Amberbaum", "artbot": "Liquidambar styraciflua", "gattungdeutsch": "Liquidambar", "strname": "Industriestraße", "pflanzjahr": "2020", "standalter": "5", "bezirk": "Plagwitz", "standortnr": "77039", "wassermenge": 50, "wassersumme": 225, "anzahlg": 8 }, "geometry": { "type": "Point", "coordinates": [ 12.339293896, 51.326750338499998 ] } },
{ "type": "Feature", "properties": { "id": "16885", "lat": 51.367400724399999, "lng": 12.378584547799999, "artdtsch": "Tulpenbaum", "artbot": "Liriodendron tulipifera", "gattungdeutsch": "Liriodendron", "strname": "Krokerstraße", "pflanzjahr": "2024", "standalter": "1", "bezirk": "Gohlis-Mitte", "standortnr": "133820", "wassermenge": 50, "wassersumme": 147, "anzahlg": 5 }, "geometry": { "type": "Point", "coordinates": [ 12.378584547799999, 51.367400724399999 ] } },
{ "type": "Feature", "properties": { "id": "16998", "lat": 51.363384571499999, "lng": 12.392185660399999, "artdtsch": "Stadt-Linde", "artbot": "Tilia cordata 'Greenspire'", "gattungdeutsch": "Tilia", "strname": "Hamburger Straße", "pflanzjahr": "2024", "standalter": "1", "bezirk": "Eutritzsch", "standortnr": "137565", "wassermenge": 60, "wassersumme": 120, "anzahlg": 2 }, "geometry": { "type": "Point", "coordinates": [ 12.392185660399999, 51.363384571499999 ] } },
{ "type": "Feature", "properties": { "id": "17024", "lat": 51.339305952300002, "lng": 12.327746659800001, "artdtsch": "Säulen-Eiche 'Fastigiata Koster'", "artbot": "Quercus robur 'Fastigiata Koster'", "gattungdeutsch": "Quercus", "strname": "Erich-Köhn-Straße", "pflanzjahr": "2024", "standalter": "1", "bezirk": "Altlindenau", "standortnr": "132603", "wassermenge": 5, "wassersumme": 5, "anzahlg": 1 }, "geometry": { "type": "Point", "coordinates": [ 12.327746659800001, 51.339305952300002 ] } },
{ "type": "Feature", "properties": { "id": "17025", "lat": 51.3391979831, "lng": 12.3273895132, "artdtsch": "Säulen-Eiche 'Fastigiata Koster'", "artbot": "Quercus robur 'Fastigiata Koster'", "gattungdeutsch": "Quercus", "strname": "Erich-Köhn-Straße", "pflanzjahr": "2024", "standalter": "1", "bezirk": "Altlindenau", "standortnr": "132604", "wassermenge": 5, "wassersumme": 11, "anzahlg": 3 }, "geometry": { "type": "Point", "coordinates": [ 12.3273895132, 51.3391979831 ] } },
{ "type": "Feature", "properties": { "id": "17081", "lat": 51.333755723499998, "lng": 12.357811977700001, "artdtsch": "Holländische Linde", "artbot": "Tilia x vulgaris", "gattungdeutsch": "Tilia", "strname": "Ferdinand-Lassalle-Straße", "pflanzjahr": "2024", "standalter": "1", "bezirk": "Zentrum-West", "standortnr": "37579", "wassermenge": 30, "wassersumme": 60, "anzahlg": 3 }, "geometry": { "type": "Point", "coordinates": [ 12.357811977700001, 51.333755723499998 ] } },
{ "type": "Feature", "properties": { "id": "17084", "lat": 51.345458062799999, "lng": 12.360514138499999, "artdtsch": "Spitz-Ahorn 'Farlake´s Green'", "artbot": "Acer platanoides 'Farlake´s Green'", "gattungdeutsch": "Acer", "strname": "Tschaikowskistraße", "pflanzjahr": "2024", "standalter": "1", "bezirk": "Zentrum-Nordwest", "standortnr": "54354", "wassermenge": 10, "wassersumme": 20, "anzahlg": 2 }, "geometry": { "type": "Point", "coordinates": [ 12.360514138499999, 51.345458062799999 ] } },
{ "type": "Feature", "properties": { "id": "17183", "lat": 51.2849167, "lng": 12.33665, "artdtsch": "Gemeine Esche", "artbot": "Fraxinus excelsior", "gattungdeutsch": "Fraxinus", "strname": "Lauerscher Weg", "pflanzjahr": "2024", "standalter": "1", "bezirk": "Großzschocher", "standortnr": "osm_cossi_1\n", "wassermenge": 80, "wassersumme": 800, "anzahlg": 10 }, "geometry": { "type": "Point", "coordinates": [ 12.33665, 51.2849167 ] } },
{ "type": "Feature", "properties": { "id": "17184", "lat": 51.2848, "lng": 12.3365167, "artdtsch": "Gemeine Esche", "artbot": "Fraxinus excelsior", "gattungdeutsch": "Fraxinus", "strname": "Lauerscher Weg", "pflanzjahr": "2024", "standalter": "1", "bezirk": "Großzschocher", "standortnr": "osm_cossi_2", "wassermenge": 80, "wassersumme": 800, "anzahlg": 10 }, "geometry": { "type": "Point", "coordinates": [ 12.3365167, 51.2848 ] } },
{ "type": "Feature", "properties": { "id": "17185", "lat": 51.28485, "lng": 12.3364, "artdtsch": "Gemeine Esche", "artbot": "Fraxinus excelsior", "gattungdeutsch": "Fraxinus", "strname": "Lauerscher Weg", "pflanzjahr": "2024", "standalter": "1", "bezirk": "Großzschocher", "standortnr": "osm_cossi_3", "wassermenge": 80, "wassersumme": 800, "anzahlg": 10 }, "geometry": { "type": "Point", "coordinates": [ 12.3364, 51.28485 ] } },
{ "type": "Feature", "properties": { "id": "17186", "lat": 51.324713171699997, "lng": 12.3421006891, "artdtsch": "Gleditschie 'Skyline'", "artbot": "Gleditsia triacanthos 'Skyline'", "gattungdeutsch": "Gleditsia", "strname": "Brockhausstraße", "pflanzjahr": "2024", "standalter": "1", "bezirk": "Schleußig", "standortnr": "40841", "wassermenge": 30, "wassersumme": 50, "anzahlg": 2 }, "geometry": { "type": "Point", "coordinates": [ 12.3421006891, 51.324713171699997 ] } },
{ "type": "Feature", "properties": { "id": "17187", "lat": 51.323148116, "lng": 12.340766675299999, "artdtsch": "Gleditschie 'Skyline'", "artbot": "Gleditsia triacanthos 'Skyline'", "gattungdeutsch": "Gleditsia", "strname": "Brockhausstraße", "pflanzjahr": "2024", "standalter": "1", "bezirk": "Schleußig", "standortnr": "40781", "wassermenge": 80, "wassersumme": 150, "anzahlg": 3 }, "geometry": { "type": "Point", "coordinates": [ 12.340766675299999, 51.323148116 ] } },
{ "type": "Feature", "properties": { "id": "2010", "lat": 51.3230948, "lng": 12.3221039, "artdtsch": "NULL", "artbot": "NULL", "gattungdeutsch": "NULL", "strname": "NULL", "pflanzjahr": "2016", "standalter": "9", "bezirk": "Plagwitz", "standortnr": "osm_6057707009", "wassermenge": 100, "wassersumme": 100, "anzahlg": 1 }, "geometry": { "type": "Point", "coordinates": [ 12.3221039, 51.3230948 ] } },
{ "type": "Feature", "properties": { "id": "2015", "lat": 51.3231545, "lng": 12.3222549, "artdtsch": "NULL", "artbot": "NULL", "gattungdeutsch": "NULL", "strname": "NULL", "pflanzjahr": "2016", "standalter": "9", "bezirk": "Plagwitz", "standortnr": "osm_6057707014", "wassermenge": 100, "wassersumme": 100, "anzahlg": 1 }, "geometry": { "type": "Point", "coordinates": [ 12.3222549, 51.3231545 ] } },
{ "type": "Feature", "properties": { "id": "2022", "lat": 51.3233034, "lng": 12.3225381, "artdtsch": "NULL", "artbot": "NULL", "gattungdeutsch": "NULL", "strname": "NULL", "pflanzjahr": "2016", "standalter": "9", "bezirk": "Plagwitz", "standortnr": "osm_6057707021", "wassermenge": 100, "wassersumme": 100, "anzahlg": 1 }, "geometry": { "type": "Point", "coordinates": [ 12.3225381, 51.3233034 ] } },
{ "type": "Feature", "properties": { "id": "2029", "lat": 51.3229847, "lng": 12.3211834, "artdtsch": "NULL", "artbot": "NULL", "gattungdeutsch": "NULL", "strname": "NULL", "pflanzjahr": "2016", "standalter": "9", "bezirk": "Plagwitz", "standortnr": "osm_6058038169", "wassermenge": 100, "wassersumme": 100, "anzahlg": 1 }, "geometry": { "type": "Point", "coordinates": [ 12.3211834, 51.3229847 ] } },
{ "type": "Feature", "properties": { "id": "2316", "lat": 51.3477576919, "lng": 12.373214062400001, "artdtsch": "Stadt-Linde", "artbot": "Tilia cordata 'Greenspire'", "gattungdeutsch": "Tilia", "strname": "Parthenstraße", "pflanzjahr": "2021", "standalter": "4", "bezirk": "Zentrum-Nord", "standortnr": "12929", "wassermenge": 60, "wassersumme": 149, "anzahlg": 3 }, "geometry": { "type": "Point", "coordinates": [ 12.373214062400001, 51.3477576919 ] } },
{ "type": "Feature", "properties": { "id": "251", "lat": 51.33661955, "lng": 12.3659025937, "artdtsch": "Stadt-Linde", "artbot": "Tilia cordata 'Greenspire'", "gattungdeutsch": "Tilia", "strname": "Friedrich-Ebert-Straße", "pflanzjahr": "2020", "standalter": "5", "bezirk": "Zentrum-West", "standortnr": "35905", "wassermenge": 84, "wassersumme": 88, "anzahlg": 2 }, "geometry": { "type": "Point", "coordinates": [ 12.3659025937, 51.33661955 ] } },
{ "type": "Feature", "properties": { "id": "2515", "lat": 51.318621926100001, "lng": 12.3231618466, "artdtsch": "Säulen-Ulme", "artbot": "Ulmus 'Columella'", "gattungdeutsch": "Ulmus", "strname": "Rolf-Axen-Straße", "pflanzjahr": "2021", "standalter": "4", "bezirk": "Kleinzschocher", "standortnr": "76569", "wassermenge": 30, "wassersumme": 348, "anzahlg": 18 }, "geometry": { "type": "Point", "coordinates": [ 12.3231618466, 51.318621926100001 ] } },
{ "type": "Feature", "properties": { "id": "260075", "lat": 51.321092647999997, "lng": 12.413221826299999, "artdtsch": "Gemeine Kiefer", "artbot": "Pinus sylvestris", "gattungdeutsch": "Pinus", "strname": "Thonberger Park", "pflanzjahr": "2024", "standalter": "1", "bezirk": "Stötteritz", "standortnr": "150793", "wassermenge": 15, "wassersumme": 30, "anzahlg": 2 }, "geometry": { "type": "Point", "coordinates": [ 12.413221826299999, 51.321092648 ] } },
{ "type": "Feature", "properties": { "id": "260255", "lat": 51.3228241053, "lng": 12.3972518265, "artdtsch": "Purpur-Erle", "artbot": "Alnus x spaethii", "gattungdeutsch": "Alnus", "strname": "Philipp-Rosenthal-Straße", "pflanzjahr": "2024", "standalter": "1", "bezirk": "Zentrum-Südost", "standortnr": "29326", "wassermenge": 10, "wassersumme": 40, "anzahlg": 4 }, "geometry": { "type": "Point", "coordinates": [ 12.3972518265, 51.3228241053 ] } },
{ "type": "Feature", "properties": { "id": "260283", "lat": 51.332721684600003, "lng": 12.3236968753, "artdtsch": "Schmalkronige Mehlbeere", "artbot": "Sorbus intermedia 'Brouwers'", "gattungdeutsch": "Sorbus", "strname": "Jordanstraße", "pflanzjahr": "2024", "standalter": "1", "bezirk": "Lindenau", "standortnr": "148200", "wassermenge": 10, "wassersumme": 30, "anzahlg": 3 }, "geometry": { "type": "Point", "coordinates": [ 12.3236968753, 51.332721684600003 ] } },
{ "type": "Feature", "properties": { "id": "260473", "lat": 51.3526246343, "lng": 12.3107697455, "artdtsch": "Feld-Ahorn", "artbot": "Acer campestre", "gattungdeutsch": "Acer", "strname": "Karl-Schurz-Straße", "pflanzjahr": "2024", "standalter": "1", "bezirk": "Leutzsch", "standortnr": "55511", "wassermenge": 20, "wassersumme": 20, "anzahlg": 1 }, "geometry": { "type": "Point", "coordinates": [ 12.3107697455, 51.3526246343 ] } },
{ "type": "Feature", "properties": { "id": "260526", "lat": 51.340223668999997, "lng": 12.3675634847, "artdtsch": "Säulen-Magnolie", "artbot": "Magnolia kobus 'Isis'", "gattungdeutsch": "Magnolia", "strname": "Thomasiusstraße", "pflanzjahr": "2024", "standalter": "1", "bezirk": "Zentrum-West", "standortnr": "146838", "wassermenge": 80, "wassersumme": 160, "anzahlg": 2 }, "geometry": { "type": "Point", "coordinates": [ 12.3675634847, 51.340223669 ] } },
{ "type": "Feature", "properties": { "id": "260532", "lat": 51.361707670800001, "lng": 12.357675174000001, "artdtsch": "Koreanische Eberesche", "artbot": "Sorbus commixta 'Dodong'", "gattungdeutsch": "Sorbus", "strname": "Wiederitzscher Straße", "pflanzjahr": "2025", "standalter": "0", "bezirk": "Gohlis-Süd", "standortnr": "155461", "wassermenge": 100, "wassersumme": 100, "anzahlg": 1 }, "geometry": { "type": "Point", "coordinates": [ 12.357675174, 51.361707670800001 ] } },
{ "type": "Feature", "properties": { "id": "260533", "lat": 51.361680893200003, "lng": 12.357785618499999, "artdtsch": "Koreanische Eberesche", "artbot": "Sorbus commixta 'Dodong'", "gattungdeutsch": "Sorbus", "strname": "Wiederitzscher Straße", "pflanzjahr": "2025", "standalter": "0", "bezirk": "Gohlis-Süd", "standortnr": "155462", "wassermenge": 100, "wassersumme": 100, "anzahlg": 1 }, "geometry": { "type": "Point", "coordinates": [ 12.357785618499999, 51.361680893200003 ] } },
{ "type": "Feature", "properties": { "id": "260772", "lat": 51.3363521291, "lng": 12.4109290554, "artdtsch": "Kegel-Linde", "artbot": "Tilia flavescens 'Glenleven'", "gattungdeutsch": "Tilia", "strname": "Borsdorfer Straße", "pflanzjahr": "2024", "standalter": "1", "bezirk": "Anger-Crottendorf", "standortnr": "150200", "wassermenge": 11, "wassersumme": 11, "anzahlg": 1 }, "geometry": { "type": "Point", "coordinates": [ 12.4109290554, 51.3363521291 ] } },
{ "type": "Feature", "properties": { "id": "261040", "lat": 51.321092647999997, "lng": 12.413221826299999, "artdtsch": "Gemeine Kiefer", "artbot": "Pinus sylvestris", "gattungdeutsch": "Pinus", "strname": "Thonberger Park", "pflanzjahr": "2024", "standalter": "1", "bezirk": "Stötteritz", "standortnr": "150793", "wassermenge": 15, "wassersumme": 45, "anzahlg": 3 }, "geometry": { "type": "Point", "coordinates": [ 12.413221826299999, 51.321092648 ] } },
{ "type": "Feature", "properties": { "id": "261220", "lat": 51.3228241053, "lng": 12.3972518265, "artdtsch": "Purpur-Erle", "artbot": "Alnus x spaethii", "gattungdeutsch": "Alnus", "strname": "Philipp-Rosenthal-Straße", "pflanzjahr": "2024", "standalter": "1", "bezirk": "Zentrum-Südost", "standortnr": "29326", "wassermenge": 20, "wassersumme": 230, "anzahlg": 12 }, "geometry": { "type": "Point", "coordinates": [ 12.3972518265, 51.3228241053 ] } },
{ "type": "Feature", "properties": { "id": "261438", "lat": 51.3526246343, "lng": 12.3107697455, "artdtsch": "Feld-Ahorn", "artbot": "Acer campestre", "gattungdeutsch": "Acer", "strname": "Karl-Schurz-Straße", "pflanzjahr": "2024", "standalter": "1", "bezirk": "Leutzsch", "standortnr": "55511", "wassermenge": 20, "wassersumme": 90, "anzahlg": 5 }, "geometry": { "type": "Point", "coordinates": [ 12.3107697455, 51.3526246343 ] } },
{ "type": "Feature", "properties": { "id": "261439", "lat": 51.352527731400002, "lng": 12.3107603407, "artdtsch": "Feld-Ahorn", "artbot": "Acer campestre", "gattungdeutsch": "Acer", "strname": "Karl-Schurz-Straße", "pflanzjahr": "2024", "standalter": "1", "bezirk": "Leutzsch", "standortnr": "55524", "wassermenge": 20, "wassersumme": 90, "anzahlg": 5 }, "geometry": { "type": "Point", "coordinates": [ 12.3107603407, 51.352527731400002 ] } },
{ "type": "Feature", "properties": { "id": "261490", "lat": 51.340105441399999, "lng": 12.3677743812, "artdtsch": "Säulen-Magnolie", "artbot": "Magnolia kobus 'Isis'", "gattungdeutsch": "Magnolia", "strname": "Thomasiusstraße", "pflanzjahr": "2024", "standalter": "1", "bezirk": "Zentrum-West", "standortnr": "146839", "wassermenge": 90, "wassersumme": 90, "anzahlg": 1 }, "geometry": { "type": "Point", "coordinates": [ 12.3677743812, 51.340105441399999 ] } },
{ "type": "Feature", "properties": { "id": "261717", "lat": 51.329458868000003, "lng": 12.3685432917, "artdtsch": "Säulen-Hainbuche 'Frans Fontaine'", "artbot": "Carpinus betulus 'Frans Fontaine'", "gattungdeutsch": "Carpinus", "strname": "Grassistraße", "pflanzjahr": "2024", "standalter": "1", "bezirk": "Zentrum-Süd", "standortnr": "37010", "wassermenge": 100, "wassersumme": 350, "anzahlg": 4 }, "geometry": { "type": "Point", "coordinates": [ 12.3685432917, 51.329458868 ] } },
{ "type": "Feature", "properties": { "id": "261738", "lat": 51.336575640500001, "lng": 12.4109337265, "artdtsch": "Feld-Ahorn", "artbot": "Acer campestre", "gattungdeutsch": "Acer", "strname": "Borsdorfer Straße", "pflanzjahr": "2024", "standalter": "1", "bezirk": "Anger-Crottendorf", "standortnr": "150201", "wassermenge": 11, "wassersumme": 11, "anzahlg": 1 }, "geometry": { "type": "Point", "coordinates": [ 12.4109337265, 51.336575640500001 ] } },
{ "type": "Feature", "properties": { "id": "261757", "lat": 51.3414988627, "lng": 12.329552677700001, "artdtsch": "Säulen-Ulme", "artbot": "Ulmus 'Columella'", "gattungdeutsch": "Ulmus", "strname": "Paul-Küstner-Straße", "pflanzjahr": "2024", "standalter": "1", "bezirk": "Altlindenau", "standortnr": "133917", "wassermenge": 250, "wassersumme": 250, "anzahlg": 1 }, "geometry": { "type": "Point", "coordinates": [ 12.329552677700001, 51.3414988627 ] } },
{ "type": "Feature", "properties": { "id": "261771", "lat": 51.344108440100001, "lng": 12.325077649900001, "artdtsch": "Säulen-Eiche 'Fastigiata Koster'", "artbot": "Quercus robur 'Fastigiata Koster'", "gattungdeutsch": "Quercus", "strname": "Paul-Küstner-Straße", "pflanzjahr": "2024", "standalter": "1", "bezirk": "Altlindenau", "standortnr": "133933", "wassermenge": 120, "wassersumme": 280, "anzahlg": 4 }, "geometry": { "type": "Point", "coordinates": [ 12.325077649900001, 51.344108440100001 ] } },
{ "type": "Feature", "properties": { "id": "261772", "lat": 51.344220950699999, "lng": 12.3248882178, "artdtsch": "Säulen-Eiche 'Fastigiata Koster'", "artbot": "Quercus robur 'Fastigiata Koster'", "gattungdeutsch": "Quercus", "strname": "Paul-Küstner-Straße", "pflanzjahr": "2024", "standalter": "1", "bezirk": "Altlindenau", "standortnr": "133934", "wassermenge": 120, "wassersumme": 200, "anzahlg": 2 }, "geometry": { "type": "Point", "coordinates": [ 12.3248882178, 51.344220950699999 ] } },
{ "type": "Feature", "properties": { "id": "261775", "lat": 51.343937496700001, "lng": 12.3253674462, "artdtsch": "Säulen-Eiche 'Fastigiata Koster'", "artbot": "Quercus robur 'Fastigiata Koster'", "gattungdeutsch": "Quercus", "strname": "Paul-Küstner-Straße", "pflanzjahr": "2024", "standalter": "1", "bezirk": "Altlindenau", "standortnr": "133932", "wassermenge": 95, "wassersumme": 240, "anzahlg": 4 }, "geometry": { "type": "Point", "coordinates": [ 12.3253674462, 51.343937496700001 ] } },
{ "type": "Feature", "properties": { "id": "261777", "lat": 51.344334032500001, "lng": 12.32469016, "artdtsch": "Säulen-Eiche 'Fastigiata Koster'", "artbot": "Quercus robur 'Fastigiata Koster'", "gattungdeutsch": "Quercus", "strname": "Paul-Küstner-Straße", "pflanzjahr": "2024", "standalter": "1", "bezirk": "Altlindenau", "standortnr": "133935", "wassermenge": 65, "wassersumme": 90, "anzahlg": 2 }, "geometry": { "type": "Point", "coordinates": [ 12.32469016, 51.344334032500001 ] } },
{ "type": "Feature", "properties": { "id": "261778", "lat": 51.344448705399998, "lng": 12.324494463200001, "artdtsch": "Säulen-Eiche 'Fastigiata Koster'", "artbot": "Quercus robur 'Fastigiata Koster'", "gattungdeutsch": "Quercus", "strname": "Paul-Küstner-Straße", "pflanzjahr": "2024", "standalter": "1", "bezirk": "Altlindenau", "standortnr": "133936", "wassermenge": 50, "wassersumme": 75, "anzahlg": 2 }, "geometry": { "type": "Point", "coordinates": [ 12.324494463200001, 51.344448705399998 ] } },
{ "type": "Feature", "properties": { "id": "261779", "lat": 51.3445411326, "lng": 12.3243344282, "artdtsch": "Säulen-Eiche 'Fastigiata Koster'", "artbot": "Quercus robur 'Fastigiata Koster'", "gattungdeutsch": "Quercus", "strname": "Paul-Küstner-Straße", "pflanzjahr": "2024", "standalter": "1", "bezirk": "Altlindenau", "standortnr": "133937", "wassermenge": 25, "wassersumme": 25, "anzahlg": 1 }, "geometry": { "type": "Point", "coordinates": [ 12.3243344282, 51.3445411326 ] } },
{ "type": "Feature", "properties": { "id": "2689", "lat": 51.3325358353, "lng": 12.3501675071, "artdtsch": "Stadt-Linde", "artbot": "Tilia cordata 'Greenspire'", "gattungdeutsch": "Tilia", "strname": "Käthe-Kollwitz-Straße", "pflanzjahr": "2021", "standalter": "4", "bezirk": "Lindenau", "standortnr": "36293", "wassermenge": 45, "wassersumme": 45, "anzahlg": 1 }, "geometry": { "type": "Point", "coordinates": [ 12.3501675071, 51.3325358353 ] } },
{ "type": "Feature", "properties": { "id": "2697", "lat": 51.332177488600003, "lng": 12.3446715173, "artdtsch": "Platane", "artbot": "Platanus x acerifolia", "gattungdeutsch": "Platanus", "strname": "Karl-Heine-Straße", "pflanzjahr": "2021", "standalter": "4", "bezirk": "Plagwitz", "standortnr": "39981", "wassermenge": 100, "wassersumme": 100, "anzahlg": 1 }, "geometry": { "type": "Point", "coordinates": [ 12.3446715173, 51.332177488600003 ] } },
{ "type": "Feature", "properties": { "id": "2702", "lat": 51.332123559000003, "lng": 12.347047030600001, "artdtsch": "Platane", "artbot": "Platanus x acerifolia", "gattungdeutsch": "Platanus", "strname": "Karl-Heine-Straße", "pflanzjahr": "2021", "standalter": "4", "bezirk": "Plagwitz", "standortnr": "39956", "wassermenge": 10, "wassersumme": 10, "anzahlg": 1 }, "geometry": { "type": "Point", "coordinates": [ 12.347047030600001, 51.332123559 ] } },
{ "type": "Feature", "properties": { "id": "2721", "lat": 51.332119984400002, "lng": 12.347225665, "artdtsch": "Platane", "artbot": "Platanus x acerifolia", "gattungdeutsch": "Platanus", "strname": "Karl-Heine-Straße", "pflanzjahr": "2021", "standalter": "4", "bezirk": "Plagwitz", "standortnr": "39954", "wassermenge": 10, "wassersumme": 10, "anzahlg": 1 }, "geometry": { "type": "Point", "coordinates": [ 12.347225665, 51.332119984400002 ] } },
{ "type": "Feature", "properties": { "id": "2818", "lat": 51.339682045899998, "lng": 12.3185514769, "artdtsch": "Stadt-Linde", "artbot": "Tilia cordata 'Greenspire'", "gattungdeutsch": "Tilia", "strname": "Merseburger Straße", "pflanzjahr": "2021", "standalter": "4", "bezirk": "Altlindenau", "standortnr": "43754", "wassermenge": 50, "wassersumme": 50, "anzahlg": 1 }, "geometry": { "type": "Point", "coordinates": [ 12.3185514769, 51.339682045899998 ] } },
{ "type": "Feature", "properties": { "id": "2912", "lat": 51.303348561, "lng": 12.3921759471, "artdtsch": "Stadt-Linde", "artbot": "Tilia cordata 'Greenspire'", "gattungdeutsch": "Tilia", "strname": "Probstheidaer Straße", "pflanzjahr": "2021", "standalter": "4", "bezirk": "Marienbrunn", "standortnr": "71055", "wassermenge": 30, "wassersumme": 215, "anzahlg": 13 }, "geometry": { "type": "Point", "coordinates": [ 12.3921759471, 51.303348561 ] } },
{ "type": "Feature", "properties": { "id": "3216", "lat": 51.324369643200001, "lng": 12.2936675878, "artdtsch": "Säulen-Tulpenbaum", "artbot": "Liriodendron tulipifera 'Fastigiatum'", "gattungdeutsch": "Liriodendron", "strname": "Weißdornstraße", "pflanzjahr": "2021", "standalter": "4", "bezirk": "Grünau-Ost", "standortnr": "85560", "wassermenge": 100, "wassersumme": 100, "anzahlg": 1 }, "geometry": { "type": "Point", "coordinates": [ 12.2936675878, 51.324369643200001 ] } },
{ "type": "Feature", "properties": { "id": "3217", "lat": 51.324270650599999, "lng": 12.2937131062, "artdtsch": "Säulen-Tulpenbaum", "artbot": "Liriodendron tulipifera 'Fastigiatum'", "gattungdeutsch": "Liriodendron", "strname": "Weißdornstraße", "pflanzjahr": "2021", "standalter": "4", "bezirk": "Grünau-Ost", "standortnr": "85561", "wassermenge": 100, "wassersumme": 100, "anzahlg": 1 }, "geometry": { "type": "Point", "coordinates": [ 12.2937131062, 51.324270650599999 ] } },
{ "type": "Feature", "properties": { "id": "3218", "lat": 51.324141284299998, "lng": 12.293770566, "artdtsch": "Säulen-Tulpenbaum", "artbot": "Liriodendron tulipifera 'Fastigiatum'", "gattungdeutsch": "Liriodendron", "strname": "Weißdornstraße", "pflanzjahr": "2021", "standalter": "4", "bezirk": "Grünau-Ost", "standortnr": "85562", "wassermenge": 50, "wassersumme": 50, "anzahlg": 1 }, "geometry": { "type": "Point", "coordinates": [ 12.293770566, 51.324141284299998 ] } },
{ "type": "Feature", "properties": { "id": "3219", "lat": 51.324089221100003, "lng": 12.2937948606, "artdtsch": "Säulen-Tulpenbaum", "artbot": "Liriodendron tulipifera 'Fastigiatum'", "gattungdeutsch": "Liriodendron", "strname": "Weißdornstraße", "pflanzjahr": "2021", "standalter": "4", "bezirk": "Grünau-Ost", "standortnr": "85563", "wassermenge": 50, "wassersumme": 50, "anzahlg": 1 }, "geometry": { "type": "Point", "coordinates": [ 12.2937948606, 51.324089221100003 ] } },
{ "type": "Feature", "properties": { "id": "3220", "lat": 51.324037671500001, "lng": 12.293816356000001, "artdtsch": "Säulen-Tulpenbaum", "artbot": "Liriodendron tulipifera 'Fastigiatum'", "gattungdeutsch": "Liriodendron", "strname": "Weißdornstraße", "pflanzjahr": "2021", "standalter": "4", "bezirk": "Grünau-Ost", "standortnr": "85564", "wassermenge": 50, "wassersumme": 50, "anzahlg": 1 }, "geometry": { "type": "Point", "coordinates": [ 12.293816356, 51.324037671500001 ] } },
{ "type": "Feature", "properties": { "id": "3221", "lat": 51.3240948507, "lng": 12.2934881029, "artdtsch": "Ess-Kastanie", "artbot": "Castanea sativa", "gattungdeutsch": "Castanea", "strname": "Parkplatz 6104", "pflanzjahr": "2021", "standalter": "4", "bezirk": "Grünau-Ost", "standortnr": "53310", "wassermenge": 100, "wassersumme": 100, "anzahlg": 1 }, "geometry": { "type": "Point", "coordinates": [ 12.2934881029, 51.3240948507 ] } },
{ "type": "Feature", "properties": { "id": "32457", "lat": 51.341764653399999, "lng": 12.329628185100001, "artdtsch": "Zierkirsche", "artbot": "Prunus x schmittii", "gattungdeutsch": "Prunus", "strname": "Paul-Küstner-Straße 002A (008728)", "pflanzjahr": "2017", "standalter": "8", "bezirk": "Altlindenau", "standortnr": "114386", "wassermenge": 150, "wassersumme": 150, "anzahlg": 1 }, "geometry": { "type": "Point", "coordinates": [ 12.329628185100001, 51.341764653399999 ] } },
{ "type": "Feature", "properties": { "id": "3265", "lat": 51.323941987700003, "lng": 12.2925635012, "artdtsch": "Ess-Kastanie", "artbot": "Castanea sativa", "gattungdeutsch": "Castanea", "strname": "Parkplatz 6104", "pflanzjahr": "2021", "standalter": "4", "bezirk": "Grünau-Ost", "standortnr": "53309", "wassermenge": 100, "wassersumme": 100, "anzahlg": 1 }, "geometry": { "type": "Point", "coordinates": [ 12.2925635012, 51.323941987700003 ] } },
{ "type": "Feature", "properties": { "id": "3266", "lat": 51.323913958799999, "lng": 12.292389554, "artdtsch": "Ess-Kastanie", "artbot": "Castanea sativa", "gattungdeutsch": "Castanea", "strname": "Parkplatz 6104", "pflanzjahr": "2021", "standalter": "4", "bezirk": "Grünau-Ost", "standortnr": "53307", "wassermenge": 100, "wassersumme": 100, "anzahlg": 1 }, "geometry": { "type": "Point", "coordinates": [ 12.292389554, 51.323913958799999 ] } },
{ "type": "Feature", "properties": { "id": "3314", "lat": 51.325178073899998, "lng": 12.274053264799999, "artdtsch": "Zerr-Eiche", "artbot": "Quercus cerris", "gattungdeutsch": "Quercus", "strname": "Kiewer Straße", "pflanzjahr": "2021", "standalter": "4", "bezirk": "Grünau-Nord", "standortnr": "47563", "wassermenge": 150, "wassersumme": 400, "anzahlg": 3 }, "geometry": { "type": "Point", "coordinates": [ 12.274053264799999, 51.325178073899998 ] } },
{ "type": "Feature", "properties": { "id": "3315", "lat": 51.325261924300001, "lng": 12.274011827600001, "artdtsch": "Zerr-Eiche", "artbot": "Quercus cerris", "gattungdeutsch": "Quercus", "strname": "Kiewer Straße", "pflanzjahr": "2021", "standalter": "4", "bezirk": "Grünau-Nord", "standortnr": "47564", "wassermenge": 150, "wassersumme": 350, "anzahlg": 3 }, "geometry": { "type": "Point", "coordinates": [ 12.274011827600001, 51.325261924300001 ] } },
{ "type": "Feature", "properties": { "id": "3316", "lat": 51.325347345399997, "lng": 12.273976039200001, "artdtsch": "Zerr-Eiche", "artbot": "Quercus cerris", "gattungdeutsch": "Quercus", "strname": "Kiewer Straße", "pflanzjahr": "2021", "standalter": "4", "bezirk": "Schönau", "standortnr": "47565", "wassermenge": 150, "wassersumme": 350, "anzahlg": 3 }, "geometry": { "type": "Point", "coordinates": [ 12.273976039200001, 51.325347345399997 ] } },
{ "type": "Feature", "properties": { "id": "3318", "lat": 51.320540234100001, "lng": 12.276778258, "artdtsch": "Zerr-Eiche", "artbot": "Quercus cerris", "gattungdeutsch": "Quercus", "strname": "Kiewer Straße", "pflanzjahr": "2021", "standalter": "4", "bezirk": "Grünau-Nord", "standortnr": "85429", "wassermenge": 100, "wassersumme": 300, "anzahlg": 3 }, "geometry": { "type": "Point", "coordinates": [ 12.276778258, 51.320540234100001 ] } },
{ "type": "Feature", "properties": { "id": "3319", "lat": 51.320376714399998, "lng": 12.2768904693, "artdtsch": "Zerr-Eiche", "artbot": "Quercus cerris", "gattungdeutsch": "Quercus", "strname": "Kiewer Straße", "pflanzjahr": "2021", "standalter": "4", "bezirk": "Grünau-Nord", "standortnr": "47459", "wassermenge": 100, "wassersumme": 300, "anzahlg": 3 }, "geometry": { "type": "Point", "coordinates": [ 12.2768904693, 51.320376714399998 ] } },
{ "type": "Feature", "properties": { "id": "3320", "lat": 51.320460279000002, "lng": 12.276832839100001, "artdtsch": "Zerr-Eiche", "artbot": "Quercus cerris", "gattungdeutsch": "Quercus", "strname": "Kiewer Straße", "pflanzjahr": "2021", "standalter": "4", "bezirk": "Grünau-Nord", "standortnr": "47460", "wassermenge": 100, "wassersumme": 300, "anzahlg": 3 }, "geometry": { "type": "Point", "coordinates": [ 12.276832839100001, 51.320460279 ] } },
{ "type": "Feature", "properties": { "id": "3321", "lat": 51.321054544500001, "lng": 12.276474085, "artdtsch": "Zerr-Eiche", "artbot": "Quercus cerris", "gattungdeutsch": "Quercus", "strname": "Kiewer Straße", "pflanzjahr": "2021", "standalter": "4", "bezirk": "Grünau-Nord", "standortnr": "47485", "wassermenge": 100, "wassersumme": 300, "anzahlg": 3 }, "geometry": { "type": "Point", "coordinates": [ 12.276474085, 51.321054544500001 ] } },
{ "type": "Feature", "properties": { "id": "3322", "lat": 51.321137669800002, "lng": 12.2764169099, "artdtsch": "Zerr-Eiche", "artbot": "Quercus cerris", "gattungdeutsch": "Quercus", "strname": "Kiewer Straße", "pflanzjahr": "2021", "standalter": "4", "bezirk": "Grünau-Nord", "standortnr": "47486", "wassermenge": 100, "wassersumme": 300, "anzahlg": 3 }, "geometry": { "type": "Point", "coordinates": [ 12.2764169099, 51.321137669800002 ] } },
{ "type": "Feature", "properties": { "id": "3323", "lat": 51.3212196705, "lng": 12.276357791600001, "artdtsch": "Zerr-Eiche", "artbot": "Quercus cerris", "gattungdeutsch": "Quercus", "strname": "Kiewer Straße", "pflanzjahr": "2021", "standalter": "4", "bezirk": "Grünau-Nord", "standortnr": "47487", "wassermenge": 100, "wassersumme": 300, "anzahlg": 3 }, "geometry": { "type": "Point", "coordinates": [ 12.276357791600001, 51.3212196705 ] } },
{ "type": "Feature", "properties": { "id": "3338", "lat": 51.336845089599997, "lng": 12.336803678500001, "artdtsch": "Hopfenbuche", "artbot": "Ostrya carpinifolia", "gattungdeutsch": "Ostrya", "strname": "Kuhturmstraße", "pflanzjahr": "2021", "standalter": "4", "bezirk": "Altlindenau", "standortnr": "76952", "wassermenge": 55, "wassersumme": 170, "anzahlg": 6 }, "geometry": { "type": "Point", "coordinates": [ 12.336803678500001, 51.336845089599997 ] } },
{ "type": "Feature", "properties": { "id": "3671", "lat": 51.362198960100002, "lng": 12.375111369600001, "artdtsch": "Robinie 'Semperflorens'", "artbot": "Robinia pseudoacacia 'Semperflorens'", "gattungdeutsch": "Robinia", "strname": "Blochmannstraße", "pflanzjahr": "2022", "standalter": "3", "bezirk": "Gohlis-Süd", "standortnr": "58491", "wassermenge": 30, "wassersumme": 120, "anzahlg": 4 }, "geometry": { "type": "Point", "coordinates": [ 12.375111369600001, 51.362198960100002 ] } },
{ "type": "Feature", "properties": { "id": "382872", "lat": 51.321706793700002, "lng": 12.3208802886, "artdtsch": "Haus-Apfel 'Cox Orange'", "artbot": "Malus domestica 'Cox Orange'", "gattungdeutsch": "Malus", "strname": "Gleis-Grün-Zug Bahnhof Plagwitz", "pflanzjahr": "2025", "standalter": "0", "bezirk": "Plagwitz", "standortnr": "G42193", "wassermenge": 50, "wassersumme": 50, "anzahlg": 1 }, "geometry": { "type": "Point", "coordinates": [ 12.3208802886, 51.321706793700002 ] } },
{ "type": "Feature", "properties": { "id": "382873", "lat": 51.322126878, "lng": 12.3209338843, "artdtsch": "Haus-Apfel 'Weißer Winter-Calville'", "artbot": "Malus domestica 'Weißer Winter-Calville'", "gattungdeutsch": "Malus", "strname": "Gleis-Grün-Zug Bahnhof Plagwitz", "pflanzjahr": "2025", "standalter": "0", "bezirk": "Plagwitz", "standortnr": "G42203", "wassermenge": 100, "wassersumme": 300, "anzahlg": 3 }, "geometry": { "type": "Point", "coordinates": [ 12.3209338843, 51.322126878 ] } },
{ "type": "Feature", "properties": { "id": "382876", "lat": 51.3297645954, "lng": 12.3063425016, "artdtsch": "Schwedische Mehlbeere", "artbot": "Sorbus intermedia", "gattungdeutsch": "Sorbus", "strname": "Lindenauer Hafen", "pflanzjahr": "2025", "standalter": "0", "bezirk": "Schönau", "standortnr": "G20542", "wassermenge": 60, "wassersumme": 300, "anzahlg": 5 }, "geometry": { "type": "Point", "coordinates": [ 12.3063425016, 51.3297645954 ] } },
{ "type": "Feature", "properties": { "id": "382882", "lat": 51.337460627799999, "lng": 12.379513812600001, "artdtsch": "Japan-Apfel", "artbot": "Malus toringo", "gattungdeutsch": "Malus", "strname": "Promenadenring, Lenné-Anlage", "pflanzjahr": "2025", "standalter": "0", "bezirk": "Zentrum", "standortnr": "G4248", "wassermenge": 20, "wassersumme": 20, "anzahlg": 1 }, "geometry": { "type": "Point", "coordinates": [ 12.379513812600001, 51.337460627799999 ] } },
{ "type": "Feature", "properties": { "id": "3887", "lat": 51.321295050300002, "lng": 12.256164722099999, "artdtsch": "Stadt-Linde", "artbot": "Tilia cordata 'Greenspire'", "gattungdeutsch": "Tilia", "strname": "Geschwister-Scholl-Straße", "pflanzjahr": "2022", "standalter": "3", "bezirk": "Miltitz", "standortnr": "52079", "wassermenge": 50, "wassersumme": 50, "anzahlg": 1 }, "geometry": { "type": "Point", "coordinates": [ 12.256164722099999, 51.321295050300002 ] } },
{ "type": "Feature", "properties": { "id": "3888", "lat": 51.3207280544, "lng": 12.2563029297, "artdtsch": "Stadt-Linde", "artbot": "Tilia cordata 'Greenspire'", "gattungdeutsch": "Tilia", "strname": "Geschwister-Scholl-Straße", "pflanzjahr": "2022", "standalter": "3", "bezirk": "Miltitz", "standortnr": "52087", "wassermenge": 50, "wassersumme": 100, "anzahlg": 2 }, "geometry": { "type": "Point", "coordinates": [ 12.2563029297, 51.3207280544 ] } },
{ "type": "Feature", "properties": { "id": "4110", "lat": 51.320883607664406, "lng": 12.321279644966125, "artdtsch": "NULL", "artbot": "NULL", "gattungdeutsch": "NULL", "strname": "NULL", "pflanzjahr": "NULL", "standalter": "NULL", "bezirk": "Plagwitz", "standortnr": "osm_ant_brdg_1", "wassermenge": 50, "wassersumme": 50, "anzahlg": 1 }, "geometry": { "type": "Point", "coordinates": [ 12.321279644966125, 51.320883607664406 ] } },
{ "type": "Feature", "properties": { "id": "412868", "lat": 51.331358910699997, "lng": 12.397681412400001, "artdtsch": "Pyramiden-Hainbuche", "artbot": "Carpinus betulus 'Fastigiata'", "gattungdeutsch": "Carpinus", "strname": "Volckmarstraße", "pflanzjahr": "1999", "standalter": "26", "bezirk": "Reudnitz-Thonberg", "standortnr": "22622", "wassermenge": 30, "wassersumme": 80, "anzahlg": 3 }, "geometry": { "type": "Point", "coordinates": [ 12.397681412400001, 51.331358910699997 ] } },
{ "type": "Feature", "properties": { "id": "412869", "lat": 51.331313297100003, "lng": 12.3976888776, "artdtsch": "Pyramiden-Hainbuche", "artbot": "Carpinus betulus 'Fastigiata'", "gattungdeutsch": "Carpinus", "strname": "Volckmarstraße", "pflanzjahr": "1999", "standalter": "26", "bezirk": "Reudnitz-Thonberg", "standortnr": "22623", "wassermenge": 30, "wassersumme": 80, "anzahlg": 3 }, "geometry": { "type": "Point", "coordinates": [ 12.3976888776, 51.331313297100003 ] } },
{ "type": "Feature", "properties": { "id": "412870", "lat": 51.331264845, "lng": 12.397669799699999, "artdtsch": "Pyramiden-Hainbuche", "artbot": "Carpinus betulus 'Fastigiata'", "gattungdeutsch": "Carpinus", "strname": "Volckmarstraße", "pflanzjahr": "1999", "standalter": "26", "bezirk": "Reudnitz-Thonberg", "standortnr": "22624", "wassermenge": 30, "wassersumme": 80, "anzahlg": 3 }, "geometry": { "type": "Point", "coordinates": [ 12.397669799699999, 51.331264845 ] } },
{ "type": "Feature", "properties": { "id": "412871", "lat": 51.331221499900003, "lng": 12.3976296152, "artdtsch": "Pyramiden-Hainbuche", "artbot": "Carpinus betulus 'Fastigiata'", "gattungdeutsch": "Carpinus", "strname": "Volckmarstraße", "pflanzjahr": "1999", "standalter": "26", "bezirk": "Reudnitz-Thonberg", "standortnr": "22625", "wassermenge": 30, "wassersumme": 80, "anzahlg": 3 }, "geometry": { "type": "Point", "coordinates": [ 12.3976296152, 51.331221499900003 ] } },
{ "type": "Feature", "properties": { "id": "412872", "lat": 51.331176597700001, "lng": 12.397551760400001, "artdtsch": "Pyramiden-Hainbuche", "artbot": "Carpinus betulus 'Fastigiata'", "gattungdeutsch": "Carpinus", "strname": "Volckmarstraße", "pflanzjahr": "1999", "standalter": "26", "bezirk": "Reudnitz-Thonberg", "standortnr": "22627", "wassermenge": 30, "wassersumme": 80, "anzahlg": 3 }, "geometry": { "type": "Point", "coordinates": [ 12.397551760400001, 51.331176597700001 ] } },
{ "type": "Feature", "properties": { "id": "418400", "lat": 51.349275100600003, "lng": 12.4261930322, "artdtsch": "Sand-Birke", "artbot": "Betula pendula", "gattungdeutsch": "Betula", "strname": "Louis-Fürnberg-Straße 002 (002788)", "pflanzjahr": "1975", "standalter": "50", "bezirk": "Sellerhausen-Stünz", "standortnr": "113072", "wassermenge": 25, "wassersumme": 45, "anzahlg": 2 }, "geometry": { "type": "Point", "coordinates": [ 12.4261930322, 51.349275100600003 ] } },
{ "type": "Feature", "properties": { "id": "418402", "lat": 51.349226587499999, "lng": 12.426254863400001, "artdtsch": "Kiefer", "artbot": "Pinus species", "gattungdeutsch": "Pinus", "strname": "Louis-Fürnberg-Straße 002 (002788)", "pflanzjahr": "1960", "standalter": "65", "bezirk": "Sellerhausen-Stünz", "standortnr": "113076", "wassermenge": 20, "wassersumme": 30, "anzahlg": 2 }, "geometry": { "type": "Point", "coordinates": [ 12.426254863400001, 51.349226587499999 ] } },
{ "type": "Feature", "properties": { "id": "427799", "lat": 51.357610579300001, "lng": 12.405399295, "artdtsch": "Spitz-Ahorn", "artbot": "Acer platanoides", "gattungdeutsch": "Acer", "strname": "Schönefelder Allee südlich Schwimmhalle", "pflanzjahr": "1950", "standalter": "75", "bezirk": "Schönefeld-Abtnaundorf", "standortnr": "85581", "wassermenge": 60, "wassersumme": 100, "anzahlg": 2 }, "geometry": { "type": "Point", "coordinates": [ 12.405399295, 51.357610579300001 ] } },
{ "type": "Feature", "properties": { "id": "432441", "lat": 51.321876776000003, "lng": 12.3209860729, "artdtsch": "Berg-Ahorn", "artbot": "Acer pseudoplatanus", "gattungdeutsch": "Acer", "strname": "Gleis-Grün-Zug Bahnhof Plagwitz", "pflanzjahr": "1960", "standalter": "65", "bezirk": "Plagwitz", "standortnr": "G42197", "wassermenge": 100, "wassersumme": 300, "anzahlg": 3 }, "geometry": { "type": "Point", "coordinates": [ 12.3209860729, 51.321876776 ] } },
{ "type": "Feature", "properties": { "id": "44059", "lat": 51.349116137899998, "lng": 12.3517568108, "artdtsch": "Amberbaum", "artbot": "Liquidambar styraciflua", "gattungdeutsch": "Liquidambar", "strname": "Max-Planck-Straße 053-055 (012066)", "pflanzjahr": "2018", "standalter": "7", "bezirk": "Zentrum-Nordwest", "standortnr": "G48117", "wassermenge": 10, "wassersumme": 30, "anzahlg": 3 }, "geometry": { "type": "Point", "coordinates": [ 12.3517568108, 51.349116137899998 ] } },
{ "type": "Feature", "properties": { "id": "50141", "lat": 51.349022654899997, "lng": 12.4260769906, "artdtsch": "Rotbuche", "artbot": "Fagus sylvatica", "gattungdeutsch": "Fagus", "strname": "Louis-Fürnberg-Straße 002 (002788)", "pflanzjahr": "2005", "standalter": "20", "bezirk": "Sellerhausen-Stünz", "standortnr": "112965", "wassermenge": 30, "wassersumme": 270, "anzahlg": 12 }, "geometry": { "type": "Point", "coordinates": [ 12.4260769906, 51.349022654899997 ] } },
{ "type": "Feature", "properties": { "id": "50267", "lat": 51.349298321200003, "lng": 12.426191766400001, "artdtsch": "Blaue Stech-Fichte", "artbot": "Picea pungens 'Glauca'", "gattungdeutsch": "Picea", "strname": "Louis-Fürnberg-Straße 002 (002788)", "pflanzjahr": "2000", "standalter": "25", "bezirk": "Sellerhausen-Stünz", "standortnr": "113071", "wassermenge": 25, "wassersumme": 25, "anzahlg": 1 }, "geometry": { "type": "Point", "coordinates": [ 12.426191766400001, 51.349298321200003 ] } },
{ "type": "Feature", "properties": { "id": "50284", "lat": 51.349526576099997, "lng": 12.4267904214, "artdtsch": "Gleditschie", "artbot": "Gleditsia triacanthos", "gattungdeutsch": "Gleditsia", "strname": "Louis-Fürnberg-Straße 002 (002788)", "pflanzjahr": "2015", "standalter": "10", "bezirk": "Sellerhausen-Stünz", "standortnr": "113085", "wassermenge": 45, "wassersumme": 45, "anzahlg": 1 }, "geometry": { "type": "Point", "coordinates": [ 12.4267904214, 51.349526576099997 ] } },
{ "type": "Feature", "properties": { "id": "52383", "lat": 51.348822824199999, "lng": 12.4262705887, "artdtsch": "Silber-Linde", "artbot": "Tilia tomentosa", "gattungdeutsch": "Tilia", "strname": "Louis-Fürnberg-Straße 002 (002788)", "pflanzjahr": "2021", "standalter": "4", "bezirk": "Sellerhausen-Stünz", "standortnr": "130632", "wassermenge": 5, "wassersumme": 5, "anzahlg": 1 }, "geometry": { "type": "Point", "coordinates": [ 12.4262705887, 51.348822824199999 ] } },
{ "type": "Feature", "properties": { "id": "52384", "lat": 51.348842093899997, "lng": 12.4261560611, "artdtsch": "Rot-Eiche", "artbot": "Quercus rubra", "gattungdeutsch": "Quercus", "strname": "Louis-Fürnberg-Straße 002 (002788)", "pflanzjahr": "2021", "standalter": "4", "bezirk": "Sellerhausen-Stünz", "standortnr": "130633", "wassermenge": 5, "wassersumme": 5, "anzahlg": 1 }, "geometry": { "type": "Point", "coordinates": [ 12.4261560611, 51.348842093899997 ] } },
{ "type": "Feature", "properties": { "id": "52420", "lat": 51.306223070500003, "lng": 12.3978172593, "artdtsch": "Spitz-Ahorn", "artbot": "Acer platanoides", "gattungdeutsch": "Acer", "strname": "An der Märchenwiese (östlicher Teil)", "pflanzjahr": "2024", "standalter": "1", "bezirk": "Marienbrunn", "standortnr": "G25572", "wassermenge": 5, "wassersumme": 5, "anzahlg": 1 }, "geometry": { "type": "Point", "coordinates": [ 12.3978172593, 51.306223070500003 ] } },
{ "type": "Feature", "properties": { "id": "52430", "lat": 51.322209002500003, "lng": 12.321228956500001, "artdtsch": "Süßkirsche 'Große Schwarze Knorpel '", "artbot": "Prunus avium 'Große Schwarze Knorpel'", "gattungdeutsch": "Prunus", "strname": "Gleis-Grün-Zug Bahnhof Plagwitz", "pflanzjahr": "2024", "standalter": "1", "bezirk": "Plagwitz", "standortnr": "G42185", "wassermenge": 100, "wassersumme": 250, "anzahlg": 3 }, "geometry": { "type": "Point", "coordinates": [ 12.321228956500001, 51.322209002500003 ] } },
{ "type": "Feature", "properties": { "id": "52531", "lat": 51.306277414299998, "lng": 12.399521722299999, "artdtsch": "Spitz-Ahorn", "artbot": "Acer platanoides", "gattungdeutsch": "Acer", "strname": "An der Märchenwiese (östlicher Teil)", "pflanzjahr": "2024", "standalter": "1", "bezirk": "Marienbrunn", "standortnr": "G25671", "wassermenge": 40, "wassersumme": 120, "anzahlg": 4 }, "geometry": { "type": "Point", "coordinates": [ 12.399521722299999, 51.306277414299998 ] } },
{ "type": "Feature", "properties": { "id": "52767", "lat": 51.329255435699999, "lng": 12.307198570400001, "artdtsch": "Vogel-Kirsche", "artbot": "Prunus avium", "gattungdeutsch": "Prunus", "strname": "Lindenauer Hafen", "pflanzjahr": "2014", "standalter": "11", "bezirk": "Schönau", "standortnr": "G20527", "wassermenge": 60, "wassersumme": 360, "anzahlg": 6 }, "geometry": { "type": "Point", "coordinates": [ 12.307198570400001, 51.329255435699999 ] } },
{ "type": "Feature", "properties": { "id": "52768", "lat": 51.329291615199999, "lng": 12.3071370139, "artdtsch": "Speierling", "artbot": "Sorbus domestica", "gattungdeutsch": "Sorbus", "strname": "Lindenauer Hafen", "pflanzjahr": "2014", "standalter": "11", "bezirk": "Schönau", "standortnr": "G20528", "wassermenge": 60, "wassersumme": 420, "anzahlg": 7 }, "geometry": { "type": "Point", "coordinates": [ 12.3071370139, 51.329291615199999 ] } },
{ "type": "Feature", "properties": { "id": "52772", "lat": 51.329644975000001, "lng": 12.306538017499999, "artdtsch": "Eingriffliger Weißdorn", "artbot": "Crataegus monogyna", "gattungdeutsch": "Crataegus", "strname": "Lindenauer Hafen", "pflanzjahr": "2014", "standalter": "11", "bezirk": "Schönau", "standortnr": "G20536", "wassermenge": 60, "wassersumme": 420, "anzahlg": 7 }, "geometry": { "type": "Point", "coordinates": [ 12.306538017499999, 51.329644975 ] } },
{ "type": "Feature", "properties": { "id": "52773", "lat": 51.329670082699998, "lng": 12.306495629200001, "artdtsch": "Eingriffliger Weißdorn", "artbot": "Crataegus monogyna", "gattungdeutsch": "Crataegus", "strname": "Lindenauer Hafen", "pflanzjahr": "2014", "standalter": "11", "bezirk": "Schönau", "standortnr": "G20537", "wassermenge": 60, "wassersumme": 420, "anzahlg": 7 }, "geometry": { "type": "Point", "coordinates": [ 12.306495629200001, 51.329670082699998 ] } },
{ "type": "Feature", "properties": { "id": "52774", "lat": 51.3297004418, "lng": 12.3064430268, "artdtsch": "Vogel-Kirsche", "artbot": "Prunus avium", "gattungdeutsch": "Prunus", "strname": "Lindenauer Hafen", "pflanzjahr": "2014", "standalter": "11", "bezirk": "Schönau", "standortnr": "G20539", "wassermenge": 60, "wassersumme": 300, "anzahlg": 5 }, "geometry": { "type": "Point", "coordinates": [ 12.3064430268, 51.3297004418 ] } },
{ "type": "Feature", "properties": { "id": "52775", "lat": 51.329662445300002, "lng": 12.3066484005, "artdtsch": "Winter-Linde", "artbot": "Tilia cordata", "gattungdeutsch": "Tilia", "strname": "Lindenauer Hafen", "pflanzjahr": "2014", "standalter": "11", "bezirk": "Schönau", "standortnr": "G20540", "wassermenge": 120, "wassersumme": 400, "anzahlg": 5 }, "geometry": { "type": "Point", "coordinates": [ 12.3066484005, 51.329662445300002 ] } },
{ "type": "Feature", "properties": { "id": "52776", "lat": 51.32973685, "lng": 12.306383609099999, "artdtsch": "Speierling", "artbot": "Sorbus domestica", "gattungdeutsch": "Sorbus", "strname": "Lindenauer Hafen", "pflanzjahr": "2014", "standalter": "11", "bezirk": "Schönau", "standortnr": "G20541", "wassermenge": 60, "wassersumme": 420, "anzahlg": 7 }, "geometry": { "type": "Point", "coordinates": [ 12.306383609099999, 51.32973685 ] } },
{ "type": "Feature", "properties": { "id": "52777", "lat": 51.329717911400003, "lng": 12.3065572862, "artdtsch": "Winter-Linde", "artbot": "Tilia cordata", "gattungdeutsch": "Tilia", "strname": "Lindenauer Hafen", "pflanzjahr": "2014", "standalter": "11", "bezirk": "Schönau", "standortnr": "G20543", "wassermenge": 60, "wassersumme": 60, "anzahlg": 1 }, "geometry": { "type": "Point", "coordinates": [ 12.3065572862, 51.329717911400003 ] } },
{ "type": "Feature", "properties": { "id": "52778", "lat": 51.329776705500002, "lng": 12.306458367499999, "artdtsch": "Winter-Linde", "artbot": "Tilia cordata", "gattungdeutsch": "Tilia", "strname": "Lindenauer Hafen", "pflanzjahr": "2014", "standalter": "11", "bezirk": "Schönau", "standortnr": "G20545", "wassermenge": 60, "wassersumme": 60, "anzahlg": 1 }, "geometry": { "type": "Point", "coordinates": [ 12.306458367499999, 51.329776705500002 ] } },
{ "type": "Feature", "properties": { "id": "52783", "lat": 51.330112924300003, "lng": 12.3057439313, "artdtsch": "Eingriffliger Weißdorn", "artbot": "Crataegus monogyna", "gattungdeutsch": "Crataegus", "strname": "Lindenauer Hafen", "pflanzjahr": "2014", "standalter": "11", "bezirk": "Schönau", "standortnr": "G20552", "wassermenge": 90, "wassersumme": 390, "anzahlg": 6 }, "geometry": { "type": "Point", "coordinates": [ 12.3057439313, 51.330112924300003 ] } },
{ "type": "Feature", "properties": { "id": "52785", "lat": 51.330138970199997, "lng": 12.3056993335, "artdtsch": "Eingriffliger Weißdorn", "artbot": "Crataegus monogyna", "gattungdeutsch": "Crataegus", "strname": "Lindenauer Hafen", "pflanzjahr": "2014", "standalter": "11", "bezirk": "Schönau", "standortnr": "G20554", "wassermenge": 90, "wassersumme": 390, "anzahlg": 6 }, "geometry": { "type": "Point", "coordinates": [ 12.3056993335, 51.330138970199997 ] } },
{ "type": "Feature", "properties": { "id": "52786", "lat": 51.330162430400001, "lng": 12.305659625100001, "artdtsch": "Eingriffliger Weißdorn", "artbot": "Crataegus monogyna", "gattungdeutsch": "Crataegus", "strname": "Lindenauer Hafen", "pflanzjahr": "2014", "standalter": "11", "bezirk": "Schönau", "standortnr": "G20555", "wassermenge": 90, "wassersumme": 390, "anzahlg": 6 }, "geometry": { "type": "Point", "coordinates": [ 12.305659625100001, 51.330162430400001 ] } },
{ "type": "Feature", "properties": { "id": "52787", "lat": 51.330482309200001, "lng": 12.3051185614, "artdtsch": "Eingriffliger Weißdorn", "artbot": "Crataegus monogyna", "gattungdeutsch": "Crataegus", "strname": "Lindenauer Hafen", "pflanzjahr": "2014", "standalter": "11", "bezirk": "Schönau", "standortnr": "G20562", "wassermenge": 60, "wassersumme": 240, "anzahlg": 4 }, "geometry": { "type": "Point", "coordinates": [ 12.3051185614, 51.330482309200001 ] } },
{ "type": "Feature", "properties": { "id": "52788", "lat": 51.330506178, "lng": 12.3050809819, "artdtsch": "Eingriffliger Weißdorn", "artbot": "Crataegus monogyna", "gattungdeutsch": "Crataegus", "strname": "Lindenauer Hafen", "pflanzjahr": "2014", "standalter": "11", "bezirk": "Schönau", "standortnr": "G20563", "wassermenge": 60, "wassersumme": 240, "anzahlg": 4 }, "geometry": { "type": "Point", "coordinates": [ 12.3050809819, 51.330506178 ] } },
{ "type": "Feature", "properties": { "id": "52791", "lat": 51.3298370973, "lng": 12.3051510981, "artdtsch": "Trauben-Kirsche", "artbot": "Prunus padus", "gattungdeutsch": "Prunus", "strname": "Lindenauer Hafen", "pflanzjahr": "2014", "standalter": "11", "bezirk": "Schönau", "standortnr": "G20602", "wassermenge": 60, "wassersumme": 380, "anzahlg": 10 }, "geometry": { "type": "Point", "coordinates": [ 12.3051510981, 51.3298370973 ] } },
{ "type": "Feature", "properties": { "id": "5297", "lat": 51.319863243999997, "lng": 12.427679079800001, "artdtsch": "Stadt-Linde", "artbot": "Tilia cordata 'Greenspire'", "gattungdeutsch": "Tilia", "strname": "Holzhäuser Straße", "pflanzjahr": "2022", "standalter": "3", "bezirk": "Stötteritz", "standortnr": "24845", "wassermenge": 60, "wassersumme": 105, "anzahlg": 3 }, "geometry": { "type": "Point", "coordinates": [ 12.427679079800001, 51.319863244 ] } },
{ "type": "Feature", "properties": { "id": "5337", "lat": 51.307172626000003, "lng": 12.2945628716, "artdtsch": "Stadt-Linde", "artbot": "Tilia cordata 'Greenspire'", "gattungdeutsch": "Tilia", "strname": "Rapsweg", "pflanzjahr": "2022", "standalter": "3", "bezirk": "Großzschocher", "standortnr": "118826", "wassermenge": 70, "wassersumme": 375, "anzahlg": 6 }, "geometry": { "type": "Point", "coordinates": [ 12.2945628716, 51.307172626 ] } },
{ "type": "Feature", "properties": { "id": "5385", "lat": 51.335541610100002, "lng": 12.341006914799999, "artdtsch": "Platane", "artbot": "Platanus x acerifolia", "gattungdeutsch": "Platanus", "strname": "Bowmanstraße", "pflanzjahr": "2022", "standalter": "3", "bezirk": "Lindenau", "standortnr": "44334", "wassermenge": 100, "wassersumme": 1200, "anzahlg": 13 }, "geometry": { "type": "Point", "coordinates": [ 12.341006914799999, 51.335541610100002 ] } },
{ "type": "Feature", "properties": { "id": "5388", "lat": 51.335384521000002, "lng": 12.3317040645, "artdtsch": "Kaiser-Linde", "artbot": "Tilia x vulgaris 'Pallida'", "gattungdeutsch": "Tilia", "strname": "Schadowstraße", "pflanzjahr": "2022", "standalter": "3", "bezirk": "Lindenau", "standortnr": "44391", "wassermenge": 100, "wassersumme": 2300, "anzahlg": 23 }, "geometry": { "type": "Point", "coordinates": [ 12.3317040645, 51.335384521 ] } },
{ "type": "Feature", "properties": { "id": "5619", "lat": 51.338811716800002, "lng": 12.3983534675, "artdtsch": "Stadt-Linde", "artbot": "Tilia cordata 'Greenspire'", "gattungdeutsch": "Tilia", "strname": "Crusiusstraße", "pflanzjahr": "2023", "standalter": "2", "bezirk": "Reudnitz-Thonberg", "standortnr": "21829", "wassermenge": 25, "wassersumme": 48, "anzahlg": 2 }, "geometry": { "type": "Point", "coordinates": [ 12.3983534675, 51.338811716800002 ] } },
{ "type": "Feature", "properties": { "id": "5620", "lat": 51.338675266499997, "lng": 12.3983165398, "artdtsch": "Stadt-Linde", "artbot": "Tilia cordata 'Greenspire'", "gattungdeutsch": "Tilia", "strname": "Crusiusstraße", "pflanzjahr": "2023", "standalter": "2", "bezirk": "Reudnitz-Thonberg", "standortnr": "21831", "wassermenge": 46, "wassersumme": 46, "anzahlg": 1 }, "geometry": { "type": "Point", "coordinates": [ 12.3983165398, 51.338675266499997 ] } },
{ "type": "Feature", "properties": { "id": "5621", "lat": 51.339348936599997, "lng": 12.3986937952, "artdtsch": "Stadt-Linde", "artbot": "Tilia cordata 'Greenspire'", "gattungdeutsch": "Tilia", "strname": "Dresdner Straße", "pflanzjahr": "2023", "standalter": "2", "bezirk": "Neustadt-Neuschönefeld", "standortnr": "5947", "wassermenge": 28, "wassersumme": 61, "anzahlg": 3 }, "geometry": { "type": "Point", "coordinates": [ 12.3986937952, 51.339348936599997 ] } },
{ "type": "Feature", "properties": { "id": "5809", "lat": 51.3260443697, "lng": 12.3734489039, "artdtsch": "Dreilappiger Apfel", "artbot": "Eriolobus trilobatus", "gattungdeutsch": "Eriolobus", "strname": "Niederkirchnerstraße", "pflanzjahr": "2025", "standalter": "0", "bezirk": "Zentrum-Süd", "standortnr": "122362", "wassermenge": 16, "wassersumme": 31, "anzahlg": 2 }, "geometry": { "type": "Point", "coordinates": [ 12.3734489039, 51.3260443697 ] } },
{ "type": "Feature", "properties": { "id": "5971", "lat": 51.326810993300001, "lng": 12.376018608800001, "artdtsch": "Hopfenbuche", "artbot": "Ostrya carpinifolia", "gattungdeutsch": "Ostrya", "strname": "Shakespearestraße", "pflanzjahr": "2023", "standalter": "2", "bezirk": "Zentrum-Süd", "standortnr": "124240", "wassermenge": 8, "wassersumme": 8, "anzahlg": 1 }, "geometry": { "type": "Point", "coordinates": [ 12.376018608800001, 51.326810993300001 ] } },
{ "type": "Feature", "properties": { "id": "61469", "lat": 51.329219075799998, "lng": 12.307264013599999, "artdtsch": "Eingriffliger Weißdorn", "artbot": "Crataegus monogyna", "gattungdeutsch": "Crataegus", "strname": "Lindenauer Hafen", "pflanzjahr": "2014", "standalter": "11", "bezirk": "Schönau", "standortnr": "G20526", "wassermenge": 60, "wassersumme": 420, "anzahlg": 7 }, "geometry": { "type": "Point", "coordinates": [ 12.307264013599999, 51.329219075799998 ] } },
{ "type": "Feature", "properties": { "id": "6248", "lat": 51.314146525699996, "lng": 12.4223254254, "artdtsch": "Stadt-Linde", "artbot": "Tilia cordata 'Greenspire'", "gattungdeutsch": "Tilia", "strname": "Kommandant-Prendel-Allee", "pflanzjahr": "2023", "standalter": "2", "bezirk": "Stötteritz", "standortnr": "25989", "wassermenge": 20, "wassersumme": 70, "anzahlg": 4 }, "geometry": { "type": "Point", "coordinates": [ 12.4223254254, 51.314146525699996 ] } },
{ "type": "Feature", "properties": { "id": "6292", "lat": 51.347344768600003, "lng": 12.398146735, "artdtsch": "Säulen-Eiche 'Fastigiata Koster'", "artbot": "Quercus robur 'Fastigiata Koster'", "gattungdeutsch": "Quercus", "strname": "Mariannenstraße", "pflanzjahr": "2023", "standalter": "2", "bezirk": "Neustadt-Neuschönefeld", "standortnr": "8213", "wassermenge": 20, "wassersumme": 40, "anzahlg": 3 }, "geometry": { "type": "Point", "coordinates": [ 12.398146735, 51.347344768600003 ] } },
{ "type": "Feature", "properties": { "id": "6293", "lat": 51.347327970800002, "lng": 12.398463361499999, "artdtsch": "Säulen-Eiche 'Fastigiata Koster'", "artbot": "Quercus robur 'Fastigiata Koster'", "gattungdeutsch": "Quercus", "strname": "Mariannenstraße", "pflanzjahr": "2023", "standalter": "2", "bezirk": "Neustadt-Neuschönefeld", "standortnr": "8214", "wassermenge": 10, "wassersumme": 10, "anzahlg": 1 }, "geometry": { "type": "Point", "coordinates": [ 12.398463361499999, 51.347327970800002 ] } },
{ "type": "Feature", "properties": { "id": "6303", "lat": 51.34698421, "lng": 12.4034379428, "artdtsch": "Säulen-Eiche 'Fastigiata Koster'", "artbot": "Quercus robur 'Fastigiata Koster'", "gattungdeutsch": "Quercus", "strname": "Mariannenstraße", "pflanzjahr": "2023", "standalter": "2", "bezirk": "Neustadt-Neuschönefeld", "standortnr": "8273", "wassermenge": 30, "wassersumme": 65, "anzahlg": 5 }, "geometry": { "type": "Point", "coordinates": [ 12.4034379428, 51.34698421 ] } },
{ "type": "Feature", "properties": { "id": "6307", "lat": 51.346548033600001, "lng": 12.4128645951, "artdtsch": "Säulen-Hainbuche 'Frans Fontaine'", "artbot": "Carpinus betulus 'Frans Fontaine'", "gattungdeutsch": "Carpinus", "strname": "Mariannenstraße", "pflanzjahr": "2023", "standalter": "2", "bezirk": "Volkmarsdorf", "standortnr": "8373", "wassermenge": 20, "wassersumme": 20, "anzahlg": 1 }, "geometry": { "type": "Point", "coordinates": [ 12.4128645951, 51.346548033600001 ] } },
{ "type": "Feature", "properties": { "id": "6309", "lat": 51.347351293099997, "lng": 12.3979465911, "artdtsch": "Sorte Gemeiner Fliede", "artbot": "Syringa vulgaris 'Mme Florentine Stepman'", "gattungdeutsch": "Syringa", "strname": "Mariannenstraße", "pflanzjahr": "2023", "standalter": "2", "bezirk": "Neustadt-Neuschönefeld", "standortnr": "8212", "wassermenge": 20, "wassersumme": 66, "anzahlg": 7 }, "geometry": { "type": "Point", "coordinates": [ 12.3979465911, 51.347351293099997 ] } },
{ "type": "Feature", "properties": { "id": "67416", "lat": 51.344658042200003, "lng": 12.4038979211, "artdtsch": "Ess-Kastanie", "artbot": "Castanea sativa", "gattungdeutsch": "Castanea", "strname": "Stadtteilpark Rabet", "pflanzjahr": "2010", "standalter": "15", "bezirk": "Neustadt-Neuschönefeld", "standortnr": "G23795", "wassermenge": 12, "wassersumme": 36, "anzahlg": 3 }, "geometry": { "type": "Point", "coordinates": [ 12.4038979211, 51.344658042200003 ] } },
{ "type": "Feature", "properties": { "id": "6812", "lat": 51.306287050100003, "lng": 12.3988220909, "artdtsch": "Spitz-Ahorn", "artbot": "Acer platanoides", "gattungdeutsch": "Acer", "strname": "An der Märchenwiese (östlicher Teil)", "pflanzjahr": "2020", "standalter": "5", "bezirk": "Marienbrunn", "standortnr": "G52657", "wassermenge": 20, "wassersumme": 250, "anzahlg": 23 }, "geometry": { "type": "Point", "coordinates": [ 12.3988220909, 51.306287050100003 ] } },
{ "type": "Feature", "properties": { "id": "6814", "lat": 51.306304098699997, "lng": 12.3991157129, "artdtsch": "Spitz-Ahorn", "artbot": "Acer platanoides", "gattungdeutsch": "Acer", "strname": "An der Märchenwiese (östlicher Teil)", "pflanzjahr": "2020", "standalter": "5", "bezirk": "Marienbrunn", "standortnr": "G52659", "wassermenge": 120, "wassersumme": 320, "anzahlg": 4 }, "geometry": { "type": "Point", "coordinates": [ 12.3991157129, 51.306304098699997 ] } },
{ "type": "Feature", "properties": { "id": "68853", "lat": 51.357573059899998, "lng": 12.4053847558, "artdtsch": "Holländische Ulme", "artbot": "Ulmus x hollandica", "gattungdeutsch": "Ulmus", "strname": "Schönefelder Allee südlich Schwimmhalle", "pflanzjahr": "2010", "standalter": "15", "bezirk": "Schönefeld-Abtnaundorf", "standortnr": "85580", "wassermenge": 100, "wassersumme": 100, "anzahlg": 1 }, "geometry": { "type": "Point", "coordinates": [ 12.4053847558, 51.357573059899998 ] } },
{ "type": "Feature", "properties": { "id": "689063", "lat": 51.307394452799997, "lng": 12.4124047065, "artdtsch": "Fichte", "artbot": "Picea species", "gattungdeutsch": "Picea", "strname": "Südfriedhof", "pflanzjahr": "NULL", "standalter": "NULL", "bezirk": "Probstheida", "standortnr": "140095", "wassermenge": 10, "wassersumme": 110, "anzahlg": 11 }, "geometry": { "type": "Point", "coordinates": [ 12.4124047065, 51.307394452799997 ] } },
{ "type": "Feature", "properties": { "id": "689079", "lat": 51.307400951799998, "lng": 12.4125095361, "artdtsch": "Fichte", "artbot": "Picea species", "gattungdeutsch": "Picea", "strname": "Südfriedhof", "pflanzjahr": "NULL", "standalter": "NULL", "bezirk": "Probstheida", "standortnr": "140081", "wassermenge": 50, "wassersumme": 320, "anzahlg": 11 }, "geometry": { "type": "Point", "coordinates": [ 12.4125095361, 51.307400951799998 ] } },
{ "type": "Feature", "properties": { "id": "692147", "lat": 51.307386790700001, "lng": 12.4126024538, "artdtsch": "Rhododendron", "artbot": "Rhododendron species", "gattungdeutsch": "Rhododendron", "strname": "Südfriedhof", "pflanzjahr": "NULL", "standalter": "NULL", "bezirk": "Probstheida", "standortnr": "139024", "wassermenge": 20, "wassersumme": 120, "anzahlg": 11 }, "geometry": { "type": "Point", "coordinates": [ 12.4126024538, 51.307386790700001 ] } },
{ "type": "Feature", "properties": { "id": "692161", "lat": 51.307320135399998, "lng": 12.4124878685, "artdtsch": "Kiefer", "artbot": "Pinus species", "gattungdeutsch": "Pinus", "strname": "Südfriedhof", "pflanzjahr": "NULL", "standalter": "NULL", "bezirk": "Probstheida", "standortnr": "139010", "wassermenge": 10, "wassersumme": 90, "anzahlg": 9 }, "geometry": { "type": "Point", "coordinates": [ 12.4124878685, 51.307320135399998 ] } },
{ "type": "Feature", "properties": { "id": "69632", "lat": 51.326478897900003, "lng": 12.323643694899999, "artdtsch": "Vogel-Kirsche", "artbot": "Prunus avium", "gattungdeutsch": "Prunus", "strname": "Gleis-Grün-Zug Bahnhof Plagwitz", "pflanzjahr": "2013", "standalter": "12", "bezirk": "Plagwitz", "standortnr": "G23346", "wassermenge": 30, "wassersumme": 90, "anzahlg": 4 }, "geometry": { "type": "Point", "coordinates": [ 12.323643694899999, 51.326478897900003 ] } },
{ "type": "Feature", "properties": { "id": "716252", "lat": 51.3565396312, "lng": 12.406307486599999, "artdtsch": "Baumhasel", "artbot": "Corylus colurna", "gattungdeutsch": "Corylus", "strname": "Mariannenpark und tw. Ausgleichsfläche B-Plan 128 \"Nordtangente Schönefeld\"", "pflanzjahr": "NULL", "standalter": "NULL", "bezirk": "Schönefeld-Abtnaundorf", "standortnr": "161698", "wassermenge": 100, "wassersumme": 200, "anzahlg": 2 }, "geometry": { "type": "Point", "coordinates": [ 12.406307486599999, 51.3565396312 ] } },
{ "type": "Feature", "properties": { "id": "7443", "lat": 51.3267370258, "lng": 12.3933059031, "artdtsch": "Rosskastanie", "artbot": "Aesculus hippocastanum", "gattungdeutsch": "Aesculus", "strname": "Friedenspark (Neuer Johannisfriedhof)", "pflanzjahr": "2022", "standalter": "3", "bezirk": "Zentrum-Südost", "standortnr": "G3084", "wassermenge": 10, "wassersumme": 10, "anzahlg": 1 }, "geometry": { "type": "Point", "coordinates": [ 12.3933059031, 51.3267370258 ] } },
{ "type": "Feature", "properties": { "id": "7451", "lat": 51.3297417279, "lng": 12.393119243, "artdtsch": "Sand-Birke", "artbot": "Betula pendula", "gattungdeutsch": "Betula", "strname": "Friedenspark (Neuer Johannisfriedhof)", "pflanzjahr": "2022", "standalter": "3", "bezirk": "Zentrum-Südost", "standortnr": "G3204", "wassermenge": 25, "wassersumme": 85, "anzahlg": 7 }, "geometry": { "type": "Point", "coordinates": [ 12.393119243, 51.3297417279 ] } },
{ "type": "Feature", "properties": { "id": "7673", "lat": 51.333769302299999, "lng": 12.402103002500001, "artdtsch": "Gemeine Esche", "artbot": "Fraxinus excelsior", "gattungdeutsch": "Fraxinus", "strname": "Lene-Voigt-Park", "pflanzjahr": "2006", "standalter": "19", "bezirk": "Reudnitz-Thonberg", "standortnr": "G152", "wassermenge": 5, "wassersumme": 13, "anzahlg": 3 }, "geometry": { "type": "Point", "coordinates": [ 12.402103002500001, 51.333769302299999 ] } },
{ "type": "Feature", "properties": { "id": "76750", "lat": 51.333947655599999, "lng": 12.3277667498, "artdtsch": "Trauben-Kirsche", "artbot": "Prunus padus", "gattungdeutsch": "Prunus", "strname": "Henriettenpark", "pflanzjahr": "2002", "standalter": "23", "bezirk": "Lindenau", "standortnr": "G1325", "wassermenge": 80, "wassersumme": 340, "anzahlg": 5 }, "geometry": { "type": "Point", "coordinates": [ 12.3277667498, 51.333947655599999 ] } },
{ "type": "Feature", "properties": { "id": "7717", "lat": 51.333791222499997, "lng": 12.402353151, "artdtsch": "Rot-Eiche", "artbot": "Quercus rubra", "gattungdeutsch": "Quercus", "strname": "Lene-Voigt-Park", "pflanzjahr": "2014", "standalter": "11", "bezirk": "Reudnitz-Thonberg", "standortnr": "G6826", "wassermenge": 12, "wassersumme": 401, "anzahlg": 61 }, "geometry": { "type": "Point", "coordinates": [ 12.402353151, 51.333791222499997 ] } },
{ "type": "Feature", "properties": { "id": "7721", "lat": 51.333751545799998, "lng": 12.4020283276, "artdtsch": "Späte Trauben-Kirsche", "artbot": "Prunus serotina", "gattungdeutsch": "Prunus", "strname": "Lene-Voigt-Park", "pflanzjahr": "2020", "standalter": "5", "bezirk": "Reudnitz-Thonberg", "standortnr": "G6831", "wassermenge": 12, "wassersumme": 421, "anzahlg": 59 }, "geometry": { "type": "Point", "coordinates": [ 12.4020283276, 51.333751545799998 ] } },
{ "type": "Feature", "properties": { "id": "7763", "lat": 51.334145279399998, "lng": 12.3984674433, "artdtsch": "Hopfenbuche", "artbot": "Ostrya carpinifolia", "gattungdeutsch": "Ostrya", "strname": "Lene-Voigt-Park", "pflanzjahr": "2015", "standalter": "10", "bezirk": "Reudnitz-Thonberg", "standortnr": "G32569", "wassermenge": 10, "wassersumme": 10, "anzahlg": 1 }, "geometry": { "type": "Point", "coordinates": [ 12.3984674433, 51.334145279399998 ] } },
{ "type": "Feature", "properties": { "id": "7813", "lat": 51.3338279528, "lng": 12.4023303989, "artdtsch": "Kolchischer Ahorn 'Rubrum'", "artbot": "Acer cappadocicum 'Rubrum'", "gattungdeutsch": "Acer", "strname": "Lene-Voigt-Park", "pflanzjahr": "2015", "standalter": "10", "bezirk": "Reudnitz-Thonberg", "standortnr": "G32620", "wassermenge": 12, "wassersumme": 396, "anzahlg": 60 }, "geometry": { "type": "Point", "coordinates": [ 12.4023303989, 51.3338279528 ] } },
{ "type": "Feature", "properties": { "id": "7833", "lat": 51.329327748200001, "lng": 12.308708080900001, "artdtsch": "Vogel-Kirsche", "artbot": "Prunus avium", "gattungdeutsch": "Prunus", "strname": "Lindenauer Hafen", "pflanzjahr": "2015", "standalter": "10", "bezirk": "Schönau", "standortnr": "G20487", "wassermenge": 60, "wassersumme": 300, "anzahlg": 5 }, "geometry": { "type": "Point", "coordinates": [ 12.308708080900001, 51.329327748200001 ] } },
{ "type": "Feature", "properties": { "id": "7834", "lat": 51.329384086099999, "lng": 12.3086078741, "artdtsch": "Schwedische Mehlbeere", "artbot": "Sorbus intermedia", "gattungdeutsch": "Sorbus", "strname": "Lindenauer Hafen", "pflanzjahr": "2015", "standalter": "10", "bezirk": "Schönau", "standortnr": "G20488", "wassermenge": 60, "wassersumme": 300, "anzahlg": 5 }, "geometry": { "type": "Point", "coordinates": [ 12.3086078741, 51.329384086099999 ] } },
{ "type": "Feature", "properties": { "id": "7835", "lat": 51.329344482400003, "lng": 12.3085440108, "artdtsch": "Schwedische Mehlbeere", "artbot": "Sorbus intermedia", "gattungdeutsch": "Sorbus", "strname": "Lindenauer Hafen", "pflanzjahr": "2015", "standalter": "10", "bezirk": "Schönau", "standortnr": "G20492", "wassermenge": 60, "wassersumme": 190, "anzahlg": 4 }, "geometry": { "type": "Point", "coordinates": [ 12.3085440108, 51.329344482400003 ] } },
{ "type": "Feature", "properties": { "id": "7836", "lat": 51.329182331399998, "lng": 12.3083216536, "artdtsch": "Schwedische Mehlbeere", "artbot": "Sorbus intermedia", "gattungdeutsch": "Sorbus", "strname": "Lindenauer Hafen", "pflanzjahr": "2015", "standalter": "10", "bezirk": "Schönau", "standortnr": "G20509", "wassermenge": 60, "wassersumme": 220, "anzahlg": 5 }, "geometry": { "type": "Point", "coordinates": [ 12.3083216536, 51.329182331399998 ] } },
{ "type": "Feature", "properties": { "id": "7839", "lat": 51.329110369600002, "lng": 12.3080944442, "artdtsch": "Zerr-Eiche", "artbot": "Quercus cerris", "gattungdeutsch": "Quercus", "strname": "Lindenauer Hafen", "pflanzjahr": "2022", "standalter": "3", "bezirk": "Schönau", "standortnr": "G20515", "wassermenge": 100, "wassersumme": 240, "anzahlg": 4 }, "geometry": { "type": "Point", "coordinates": [ 12.3080944442, 51.329110369600002 ] } },
{ "type": "Feature", "properties": { "id": "7840", "lat": 51.328957395099998, "lng": 12.307711909, "artdtsch": "Speierling", "artbot": "Sorbus domestica", "gattungdeutsch": "Sorbus", "strname": "Lindenauer Hafen", "pflanzjahr": "2014", "standalter": "11", "bezirk": "Schönau", "standortnr": "G20516", "wassermenge": 60, "wassersumme": 420, "anzahlg": 7 }, "geometry": { "type": "Point", "coordinates": [ 12.307711909, 51.328957395099998 ] } },
{ "type": "Feature", "properties": { "id": "7841", "lat": 51.328998140800003, "lng": 12.3076416155, "artdtsch": "Speierling", "artbot": "Sorbus domestica", "gattungdeutsch": "Sorbus", "strname": "Lindenauer Hafen", "pflanzjahr": "2014", "standalter": "11", "bezirk": "Schönau", "standortnr": "G20517", "wassermenge": 60, "wassersumme": 420, "anzahlg": 7 }, "geometry": { "type": "Point", "coordinates": [ 12.3076416155, 51.328998140800003 ] } },
{ "type": "Feature", "properties": { "id": "7842", "lat": 51.329053435500001, "lng": 12.3075469247, "artdtsch": "Vogel-Kirsche", "artbot": "Prunus avium", "gattungdeutsch": "Prunus", "strname": "Lindenauer Hafen", "pflanzjahr": "2014", "standalter": "11", "bezirk": "Schönau", "standortnr": "G20518", "wassermenge": 60, "wassersumme": 335, "anzahlg": 6 }, "geometry": { "type": "Point", "coordinates": [ 12.3075469247, 51.329053435500001 ] } },
{ "type": "Feature", "properties": { "id": "7843", "lat": 51.329168028399998, "lng": 12.3073478324, "artdtsch": "Eingriffliger Weißdorn", "artbot": "Crataegus monogyna", "gattungdeutsch": "Crataegus", "strname": "Lindenauer Hafen", "pflanzjahr": "2014", "standalter": "11", "bezirk": "Schönau", "standortnr": "G20519", "wassermenge": 60, "wassersumme": 300, "anzahlg": 5 }, "geometry": { "type": "Point", "coordinates": [ 12.3073478324, 51.329168028399998 ] } },
{ "type": "Feature", "properties": { "id": "7844", "lat": 51.329500832699999, "lng": 12.308298972799999, "artdtsch": "Winter-Linde", "artbot": "Tilia cordata", "gattungdeutsch": "Tilia", "strname": "Lindenauer Hafen", "pflanzjahr": "2015", "standalter": "10", "bezirk": "Schönau", "standortnr": "G20520", "wassermenge": 60, "wassersumme": 120, "anzahlg": 2 }, "geometry": { "type": "Point", "coordinates": [ 12.308298972799999, 51.329500832699999 ] } },
{ "type": "Feature", "properties": { "id": "7845", "lat": 51.329446011800002, "lng": 12.3081913524, "artdtsch": "Winter-Linde", "artbot": "Tilia cordata", "gattungdeutsch": "Tilia", "strname": "Lindenauer Hafen", "pflanzjahr": "2015", "standalter": "10", "bezirk": "Schönau", "standortnr": "G20521", "wassermenge": 60, "wassersumme": 120, "anzahlg": 2 }, "geometry": { "type": "Point", "coordinates": [ 12.3081913524, 51.329446011800002 ] } },
{ "type": "Feature", "properties": { "id": "7846", "lat": 51.329387427500002, "lng": 12.3080882596, "artdtsch": "Winter-Linde", "artbot": "Tilia cordata", "gattungdeutsch": "Tilia", "strname": "Lindenauer Hafen", "pflanzjahr": "2015", "standalter": "10", "bezirk": "Schönau", "standortnr": "G20522", "wassermenge": 60, "wassersumme": 120, "anzahlg": 2 }, "geometry": { "type": "Point", "coordinates": [ 12.3080882596, 51.329387427500002 ] } },
{ "type": "Feature", "properties": { "id": "7847", "lat": 51.32919444, "lng": 12.307307378400001, "artdtsch": "Eingriffliger Weißdorn", "artbot": "Crataegus monogyna", "gattungdeutsch": "Crataegus", "strname": "Lindenauer Hafen", "pflanzjahr": "2014", "standalter": "11", "bezirk": "Schönau", "standortnr": "G20525", "wassermenge": 60, "wassersumme": 420, "anzahlg": 7 }, "geometry": { "type": "Point", "coordinates": [ 12.307307378400001, 51.32919444 ] } },
{ "type": "Feature", "properties": { "id": "7851", "lat": 51.330045316300001, "lng": 12.305854566900001, "artdtsch": "Vogel-Kirsche", "artbot": "Prunus avium", "gattungdeutsch": "Prunus", "strname": "Lindenauer Hafen", "pflanzjahr": "2014", "standalter": "11", "bezirk": "Schönau", "standortnr": "G20544", "wassermenge": 100, "wassersumme": 280, "anzahlg": 4 }, "geometry": { "type": "Point", "coordinates": [ 12.305854566900001, 51.330045316300001 ] } },
{ "type": "Feature", "properties": { "id": "7852", "lat": 51.330083064900002, "lng": 12.3057947826, "artdtsch": "Vogel-Kirsche", "artbot": "Prunus avium", "gattungdeutsch": "Prunus", "strname": "Lindenauer Hafen", "pflanzjahr": "2014", "standalter": "11", "bezirk": "Schönau", "standortnr": "G20546", "wassermenge": 100, "wassersumme": 280, "anzahlg": 4 }, "geometry": { "type": "Point", "coordinates": [ 12.3057947826, 51.330083064900002 ] } },
{ "type": "Feature", "properties": { "id": "7853", "lat": 51.330189105000002, "lng": 12.3056149903, "artdtsch": "Eingriffliger Weißdorn", "artbot": "Crataegus monogyna", "gattungdeutsch": "Crataegus", "strname": "Lindenauer Hafen", "pflanzjahr": "2014", "standalter": "11", "bezirk": "Schönau", "standortnr": "G20556", "wassermenge": 90, "wassersumme": 330, "anzahlg": 5 }, "geometry": { "type": "Point", "coordinates": [ 12.3056149903, 51.330189105 ] } },
{ "type": "Feature", "properties": { "id": "7854", "lat": 51.330260852499997, "lng": 12.3054966457, "artdtsch": "Vogel-Kirsche", "artbot": "Prunus avium", "gattungdeutsch": "Prunus", "strname": "Lindenauer Hafen", "pflanzjahr": "2014", "standalter": "11", "bezirk": "Schönau", "standortnr": "G20557", "wassermenge": 100, "wassersumme": 540, "anzahlg": 7 }, "geometry": { "type": "Point", "coordinates": [ 12.3054966457, 51.330260852499997 ] } },
{ "type": "Feature", "properties": { "id": "7856", "lat": 51.330451699000001, "lng": 12.3053125954, "artdtsch": "Winter-Linde", "artbot": "Tilia cordata", "gattungdeutsch": "Tilia", "strname": "Lindenauer Hafen", "pflanzjahr": "2014", "standalter": "11", "bezirk": "Schönau", "standortnr": "G20560", "wassermenge": 100, "wassersumme": 160, "anzahlg": 2 }, "geometry": { "type": "Point", "coordinates": [ 12.3053125954, 51.330451699 ] } },
{ "type": "Feature", "properties": { "id": "7857", "lat": 51.3304054396, "lng": 12.305252713, "artdtsch": "Vogel-Kirsche", "artbot": "Prunus avium", "gattungdeutsch": "Prunus", "strname": "Lindenauer Hafen", "pflanzjahr": "2014", "standalter": "11", "bezirk": "Schönau", "standortnr": "G20561", "wassermenge": 100, "wassersumme": 530, "anzahlg": 7 }, "geometry": { "type": "Point", "coordinates": [ 12.305252713, 51.3304054396 ] } },
{ "type": "Feature", "properties": { "id": "7858", "lat": 51.330540667599998, "lng": 12.3051609365, "artdtsch": "Winter-Linde", "artbot": "Tilia cordata", "gattungdeutsch": "Tilia", "strname": "Lindenauer Hafen", "pflanzjahr": "2014", "standalter": "11", "bezirk": "Schönau", "standortnr": "G20564", "wassermenge": 60, "wassersumme": 60, "anzahlg": 1 }, "geometry": { "type": "Point", "coordinates": [ 12.3051609365, 51.330540667599998 ] } },
{ "type": "Feature", "properties": { "id": "7859", "lat": 51.330529665, "lng": 12.3050385434, "artdtsch": "Eingriffliger Weißdorn", "artbot": "Crataegus monogyna", "gattungdeutsch": "Crataegus", "strname": "Lindenauer Hafen", "pflanzjahr": "2014", "standalter": "11", "bezirk": "Schönau", "standortnr": "G20565", "wassermenge": 60, "wassersumme": 240, "anzahlg": 4 }, "geometry": { "type": "Point", "coordinates": [ 12.3050385434, 51.330529665 ] } },
{ "type": "Feature", "properties": { "id": "7860", "lat": 51.330598176599999, "lng": 12.305060941000001, "artdtsch": "Winter-Linde", "artbot": "Tilia cordata", "gattungdeutsch": "Tilia", "strname": "Lindenauer Hafen", "pflanzjahr": "2014", "standalter": "11", "bezirk": "Schönau", "standortnr": "G20566", "wassermenge": 60, "wassersumme": 60, "anzahlg": 1 }, "geometry": { "type": "Point", "coordinates": [ 12.305060941, 51.330598176599999 ] } },
{ "type": "Feature", "properties": { "id": "7861", "lat": 51.330582890899997, "lng": 12.304947843900001, "artdtsch": "Vogel-Kirsche", "artbot": "Prunus avium", "gattungdeutsch": "Prunus", "strname": "Lindenauer Hafen", "pflanzjahr": "2014", "standalter": "11", "bezirk": "Schönau", "standortnr": "G20567", "wassermenge": 60, "wassersumme": 180, "anzahlg": 3 }, "geometry": { "type": "Point", "coordinates": [ 12.304947843900001, 51.330582890899997 ] } },
{ "type": "Feature", "properties": { "id": "7864", "lat": 51.330676168399997, "lng": 12.3047880347, "artdtsch": "Speierling", "artbot": "Sorbus domestica", "gattungdeutsch": "Sorbus", "strname": "Lindenauer Hafen", "pflanzjahr": "2014", "standalter": "11", "bezirk": "Schönau", "standortnr": "G20570", "wassermenge": 40, "wassersumme": 40, "anzahlg": 1 }, "geometry": { "type": "Point", "coordinates": [ 12.3047880347, 51.330676168399997 ] } },
{ "type": "Feature", "properties": { "id": "7868", "lat": 51.330822210199997, "lng": 12.3046815519, "artdtsch": "Winter-Linde", "artbot": "Tilia cordata", "gattungdeutsch": "Tilia", "strname": "Lindenauer Hafen", "pflanzjahr": "2014", "standalter": "11", "bezirk": "Schönau", "standortnr": "G20575", "wassermenge": 60, "wassersumme": 60, "anzahlg": 1 }, "geometry": { "type": "Point", "coordinates": [ 12.3046815519, 51.330822210199997 ] } },
{ "type": "Feature", "properties": { "id": "8074", "lat": 51.309474974899999, "lng": 12.425125427799999, "artdtsch": "Trauben-Eiche", "artbot": "Quercus petraea", "gattungdeutsch": "Quercus", "strname": "Park der Freundschaft (Etzoldsche Sandgrube)", "pflanzjahr": "2020", "standalter": "5", "bezirk": "Probstheida", "standortnr": "G53209", "wassermenge": 20, "wassersumme": 60, "anzahlg": 3 }, "geometry": { "type": "Point", "coordinates": [ 12.425125427799999, 51.309474974899999 ] } },
{ "type": "Feature", "properties": { "id": "8100", "lat": 51.320866812200002, "lng": 12.254379413000001, "artdtsch": "Silber-Linde", "artbot": "Tilia tomentosa", "gattungdeutsch": "Tilia", "strname": "Park Miltitz", "pflanzjahr": "2019", "standalter": "6", "bezirk": "Miltitz", "standortnr": "G49717", "wassermenge": 50, "wassersumme": 80, "anzahlg": 2 }, "geometry": { "type": "Point", "coordinates": [ 12.254379413, 51.320866812200002 ] } },
{ "type": "Feature", "properties": { "id": "82129", "lat": 51.306950540099997, "lng": 12.292379117099999, "artdtsch": "Sand-Birke", "artbot": "Betula pendula", "gattungdeutsch": "Betula", "strname": "WG Neubauernsiedlung-Grünverbindung zwischen Rapsweg und Neubauernstraße (3.BA)", "pflanzjahr": "2012", "standalter": "13", "bezirk": "Großzschocher", "standortnr": "G25820", "wassermenge": 50, "wassersumme": 50, "anzahlg": 1 }, "geometry": { "type": "Point", "coordinates": [ 12.292379117099999, 51.306950540099997 ] } },
{ "type": "Feature", "properties": { "id": "82130", "lat": 51.306986191900002, "lng": 12.2925866645, "artdtsch": "Eberesche", "artbot": "Sorbus aucuparia", "gattungdeutsch": "Sorbus", "strname": "WG Neubauernsiedlung-Grünverbindung zwischen Rapsweg und Neubauernstraße (3.BA)", "pflanzjahr": "2012", "standalter": "13", "bezirk": "Großzschocher", "standortnr": "G25821", "wassermenge": 50, "wassersumme": 50, "anzahlg": 1 }, "geometry": { "type": "Point", "coordinates": [ 12.2925866645, 51.306986191900002 ] } },
{ "type": "Feature", "properties": { "id": "82131", "lat": 51.306990333100003, "lng": 12.2928784341, "artdtsch": "Eberesche", "artbot": "Sorbus aucuparia", "gattungdeutsch": "Sorbus", "strname": "WG Neubauernsiedlung-Grünverbindung zwischen Rapsweg und Neubauernstraße (3.BA)", "pflanzjahr": "2012", "standalter": "13", "bezirk": "Großzschocher", "standortnr": "G25823", "wassermenge": 100, "wassersumme": 320, "anzahlg": 4 }, "geometry": { "type": "Point", "coordinates": [ 12.2928784341, 51.306990333100003 ] } },
{ "type": "Feature", "properties": { "id": "82135", "lat": 51.307080317100002, "lng": 12.293331318, "artdtsch": "Apfelbaum", "artbot": "Malus species", "gattungdeutsch": "Malus", "strname": "WG Neubauernsiedlung-Grünverbindung zwischen Rapsweg und Neubauernstraße (3.BA)", "pflanzjahr": "2012", "standalter": "13", "bezirk": "Großzschocher", "standortnr": "G25827", "wassermenge": 100, "wassersumme": 100, "anzahlg": 1 }, "geometry": { "type": "Point", "coordinates": [ 12.293331318, 51.307080317100002 ] } },
{ "type": "Feature", "properties": { "id": "82136", "lat": 51.307120618200003, "lng": 12.2934599573, "artdtsch": "Eberesche", "artbot": "Sorbus aucuparia", "gattungdeutsch": "Sorbus", "strname": "WG Neubauernsiedlung-Grünverbindung zwischen Rapsweg und Neubauernstraße (3.BA)", "pflanzjahr": "2012", "standalter": "13", "bezirk": "Großzschocher", "standortnr": "G25828", "wassermenge": 100, "wassersumme": 100, "anzahlg": 1 }, "geometry": { "type": "Point", "coordinates": [ 12.2934599573, 51.307120618200003 ] } },
{ "type": "Feature", "properties": { "id": "82139", "lat": 51.307298753200001, "lng": 12.294302270499999, "artdtsch": "Stadt-Linde", "artbot": "Tilia cordata 'Greenspire'", "gattungdeutsch": "Tilia", "strname": "WG Neubauernsiedlung-Grünverbindung zwischen Rapsweg und Neubauernstraße (3.BA)", "pflanzjahr": "2012", "standalter": "13", "bezirk": "Großzschocher", "standortnr": "G25831", "wassermenge": 165, "wassersumme": 165, "anzahlg": 1 }, "geometry": { "type": "Point", "coordinates": [ 12.294302270499999, 51.307298753200001 ] } },
{ "type": "Feature", "properties": { "id": "8392", "lat": 51.3385857759, "lng": 12.398607930900001, "artdtsch": "Rotdorn", "artbot": "Crataegus laevigata 'Paul's Scarlet'", "gattungdeutsch": "Crataegus", "strname": "Stephaniplatz", "pflanzjahr": "2013", "standalter": "12", "bezirk": "Reudnitz-Thonberg", "standortnr": "G1840", "wassermenge": 100, "wassersumme": 190, "anzahlg": 3 }, "geometry": { "type": "Point", "coordinates": [ 12.398607930900001, 51.3385857759 ] } },
{ "type": "Feature", "properties": { "id": "8393", "lat": 51.338899888299999, "lng": 12.398953859300001, "artdtsch": "Rotdorn", "artbot": "Crataegus laevigata 'Paul's Scarlet'", "gattungdeutsch": "Crataegus", "strname": "Stephaniplatz", "pflanzjahr": "2013", "standalter": "12", "bezirk": "Reudnitz-Thonberg", "standortnr": "G1841", "wassermenge": 80, "wassersumme": 160, "anzahlg": 3 }, "geometry": { "type": "Point", "coordinates": [ 12.398953859300001, 51.338899888299999 ] } },
{ "type": "Feature", "properties": { "id": "8627", "lat": 51.306997668299999, "lng": 12.2927172872, "artdtsch": "Japanischer Schnurbaum", "artbot": "Sophora japonica", "gattungdeutsch": "Sophora", "strname": "WG Neubauernsiedlung-Grünverbindung zwischen Rapsweg und Neubauernstraße (3.BA)", "pflanzjahr": "2012", "standalter": "13", "bezirk": "Großzschocher", "standortnr": "G25822", "wassermenge": 100, "wassersumme": 100, "anzahlg": 1 }, "geometry": { "type": "Point", "coordinates": [ 12.2927172872, 51.306997668299999 ] } },
{ "type": "Feature", "properties": { "id": "8780", "lat": 51.344601524799998, "lng": 12.318490816300001, "artdtsch": "Hainbuche", "artbot": "Carpinus betulus", "gattungdeutsch": "Carpinus", "strname": "Spielplatz zwischen Georg-Schwarz-Straße und Pufendorfstraße (B-Plan 69.3 \"Rosenmüllerstraße\")", "pflanzjahr": "2017", "standalter": "8", "bezirk": "Leutzsch", "standortnr": "G43656", "wassermenge": 90, "wassersumme": 355, "anzahlg": 6 }, "geometry": { "type": "Point", "coordinates": [ 12.318490816300001, 51.344601524799998 ] } },
{ "type": "Feature", "properties": { "id": "8781", "lat": 51.344534481899998, "lng": 12.3185167042, "artdtsch": "Walnuss", "artbot": "Juglans regia", "gattungdeutsch": "Juglans", "strname": "Spielplatz zwischen Georg-Schwarz-Straße und Pufendorfstraße (B-Plan 69.3 \"Rosenmüllerstraße\")", "pflanzjahr": "2017", "standalter": "8", "bezirk": "Leutzsch", "standortnr": "G43657", "wassermenge": 90, "wassersumme": 365, "anzahlg": 6 }, "geometry": { "type": "Point", "coordinates": [ 12.3185167042, 51.344534481899998 ] } },
{ "type": "Feature", "properties": { "id": "8783", "lat": 51.344713896899997, "lng": 12.3182096659, "artdtsch": "Berg-Ahorn", "artbot": "Acer pseudoplatanus", "gattungdeutsch": "Acer", "strname": "Spielplatz zwischen Georg-Schwarz-Straße und Pufendorfstraße (B-Plan 69.3 \"Rosenmüllerstraße\")", "pflanzjahr": "2017", "standalter": "8", "bezirk": "Leutzsch", "standortnr": "G43661", "wassermenge": 40, "wassersumme": 100, "anzahlg": 3 }, "geometry": { "type": "Point", "coordinates": [ 12.3182096659, 51.344713896899997 ] } },
{ "type": "Feature", "properties": { "id": "8841", "lat": 51.352132292699999, "lng": 12.3743903174, "artdtsch": "Hänge-Silber-Linde", "artbot": "Tilia tomentosa 'Petiolaris'", "gattungdeutsch": "Tilia", "strname": "Nordplatz", "pflanzjahr": "2011", "standalter": "14", "bezirk": "Zentrum-Nord", "standortnr": "G271", "wassermenge": 60, "wassersumme": 119, "anzahlg": 3 }, "geometry": { "type": "Point", "coordinates": [ 12.3743903174, 51.352132292699999 ] } },
{ "type": "Feature", "properties": { "id": "8847", "lat": 51.351977191800003, "lng": 12.3742680506, "artdtsch": "Vielblütiger Apfel", "artbot": "Malus floribunda", "gattungdeutsch": "Malus", "strname": "Nordplatz", "pflanzjahr": "2020", "standalter": "5", "bezirk": "Zentrum-Nord", "standortnr": "G47396", "wassermenge": 60, "wassersumme": 120, "anzahlg": 3 }, "geometry": { "type": "Point", "coordinates": [ 12.3742680506, 51.351977191800003 ] } },
{ "type": "Feature", "properties": { "id": "89909", "lat": 51.3303281114, "lng": 12.305382584, "artdtsch": "Zerr-Eiche", "artbot": "Quercus cerris", "gattungdeutsch": "Quercus", "strname": "Lindenauer Hafen", "pflanzjahr": "2022", "standalter": "3", "bezirk": "Schönau", "standortnr": "G20558", "wassermenge": 100, "wassersumme": 610, "anzahlg": 8 }, "geometry": { "type": "Point", "coordinates": [ 12.305382584, 51.3303281114 ] } },
{ "type": "Feature", "properties": { "id": "89937", "lat": 51.324903956500002, "lng": 12.322575089100001, "artdtsch": "Bienenbaum", "artbot": "Tetradium daniellii", "gattungdeutsch": "Tetradium", "strname": "Gleis-Grün-Zug Bahnhof Plagwitz", "pflanzjahr": "2022", "standalter": "3", "bezirk": "Plagwitz", "standortnr": "136768", "wassermenge": 45, "wassersumme": 135, "anzahlg": 3 }, "geometry": { "type": "Point", "coordinates": [ 12.322575089100001, 51.324903956500002 ] } },
{ "type": "Feature", "properties": { "id": "89966", "lat": 51.329229447800003, "lng": 12.307745071599999, "artdtsch": "Stadt-Linde", "artbot": "Tilia cordata 'Greenspire'", "gattungdeutsch": "Tilia", "strname": "Lindenauer Hafen", "pflanzjahr": "2023", "standalter": "2", "bezirk": "Schönau", "standortnr": "124852", "wassermenge": 60, "wassersumme": 60, "anzahlg": 1 }, "geometry": { "type": "Point", "coordinates": [ 12.307745071599999, 51.329229447800003 ] } },
{ "type": "Feature", "properties": { "id": "89988", "lat": 51.314951762, "lng": 12.279729188199999, "artdtsch": "Platane", "artbot": "Platanus x acerifolia", "gattungdeutsch": "Platanus", "strname": "WG Grünau WK 4-Kiewer Straße (O-Seite) von Ratzelstraße bis DB", "pflanzjahr": "2022", "standalter": "3", "bezirk": "Grünau-Mitte", "standortnr": "90088", "wassermenge": 100, "wassersumme": 100, "anzahlg": 1 }, "geometry": { "type": "Point", "coordinates": [ 12.279729188199999, 51.314951762 ] } },
{ "type": "Feature", "properties": { "id": "90144", "lat": 51.329267767899999, "lng": 12.3087594017, "artdtsch": "Schwedische Mehlbeere", "artbot": "Sorbus intermedia", "gattungdeutsch": "Sorbus", "strname": "Lindenauer Hafen", "pflanzjahr": "2015", "standalter": "10", "bezirk": "Schönau", "standortnr": "G20486", "wassermenge": 60, "wassersumme": 360, "anzahlg": 6 }, "geometry": { "type": "Point", "coordinates": [ 12.3087594017, 51.329267767899999 ] } },
{ "type": "Feature", "properties": { "id": "90145", "lat": 51.329427007200003, "lng": 12.308620434, "artdtsch": "Schwedische Mehlbeere", "artbot": "Sorbus intermedia", "gattungdeutsch": "Sorbus", "strname": "Lindenauer Hafen", "pflanzjahr": "2015", "standalter": "10", "bezirk": "Schönau", "standortnr": "G20489", "wassermenge": 60, "wassersumme": 300, "anzahlg": 5 }, "geometry": { "type": "Point", "coordinates": [ 12.308620434, 51.329427007200003 ] } },
{ "type": "Feature", "properties": { "id": "90146", "lat": 51.329417997, "lng": 12.308564971399999, "artdtsch": "Schwedische Mehlbeere", "artbot": "Sorbus intermedia", "gattungdeutsch": "Sorbus", "strname": "Lindenauer Hafen", "pflanzjahr": "2015", "standalter": "10", "bezirk": "Schönau", "standortnr": "G20490", "wassermenge": 80, "wassersumme": 320, "anzahlg": 5 }, "geometry": { "type": "Point", "coordinates": [ 12.308564971399999, 51.329417997 ] } },
{ "type": "Feature", "properties": { "id": "90147", "lat": 51.329343107299998, "lng": 12.3083746846, "artdtsch": "Schwedische Mehlbeere", "artbot": "Sorbus intermedia", "gattungdeutsch": "Sorbus", "strname": "Lindenauer Hafen", "pflanzjahr": "2015", "standalter": "10", "bezirk": "Schönau", "standortnr": "G20494", "wassermenge": 60, "wassersumme": 240, "anzahlg": 4 }, "geometry": { "type": "Point", "coordinates": [ 12.3083746846, 51.329343107299998 ] } },
{ "type": "Feature", "properties": { "id": "90148", "lat": 51.329303224199997, "lng": 12.3083260558, "artdtsch": "Schwedische Mehlbeere", "artbot": "Sorbus intermedia", "gattungdeutsch": "Sorbus", "strname": "Lindenauer Hafen", "pflanzjahr": "2015", "standalter": "10", "bezirk": "Schönau", "standortnr": "G20495", "wassermenge": 60, "wassersumme": 250, "anzahlg": 5 }, "geometry": { "type": "Point", "coordinates": [ 12.3083260558, 51.329303224199997 ] } },
{ "type": "Feature", "properties": { "id": "90149", "lat": 51.329300007500002, "lng": 12.3084052049, "artdtsch": "Schwedische Mehlbeere", "artbot": "Sorbus intermedia", "gattungdeutsch": "Sorbus", "strname": "Lindenauer Hafen", "pflanzjahr": "2015", "standalter": "10", "bezirk": "Schönau", "standortnr": "G20496", "wassermenge": 60, "wassersumme": 180, "anzahlg": 3 }, "geometry": { "type": "Point", "coordinates": [ 12.3084052049, 51.329300007500002 ] } },
{ "type": "Feature", "properties": { "id": "90150", "lat": 51.329285966400001, "lng": 12.3085455726, "artdtsch": "Vogel-Kirsche", "artbot": "Prunus avium", "gattungdeutsch": "Prunus", "strname": "Lindenauer Hafen", "pflanzjahr": "2015", "standalter": "10", "bezirk": "Schönau", "standortnr": "G20498", "wassermenge": 60, "wassersumme": 240, "anzahlg": 4 }, "geometry": { "type": "Point", "coordinates": [ 12.3085455726, 51.329285966400001 ] } },
{ "type": "Feature", "properties": { "id": "90151", "lat": 51.329236137700001, "lng": 12.3086824376, "artdtsch": "Schwedische Mehlbeere", "artbot": "Sorbus intermedia", "gattungdeutsch": "Sorbus", "strname": "Lindenauer Hafen", "pflanzjahr": "2015", "standalter": "10", "bezirk": "Schönau", "standortnr": "G20499", "wassermenge": 60, "wassersumme": 350, "anzahlg": 6 }, "geometry": { "type": "Point", "coordinates": [ 12.3086824376, 51.329236137700001 ] } },
{ "type": "Feature", "properties": { "id": "90153", "lat": 51.329172546300001, "lng": 12.308678410400001, "artdtsch": "Schwedische Mehlbeere", "artbot": "Sorbus intermedia", "gattungdeutsch": "Sorbus", "strname": "Lindenauer Hafen", "pflanzjahr": "2015", "standalter": "10", "bezirk": "Schönau", "standortnr": "G20501", "wassermenge": 100, "wassersumme": 390, "anzahlg": 6 }, "geometry": { "type": "Point", "coordinates": [ 12.308678410400001, 51.329172546300001 ] } },
{ "type": "Feature", "properties": { "id": "90154", "lat": 51.329205406600003, "lng": 12.3086328418, "artdtsch": "Schwedische Mehlbeere", "artbot": "Sorbus intermedia", "gattungdeutsch": "Sorbus", "strname": "Lindenauer Hafen", "pflanzjahr": "2015", "standalter": "10", "bezirk": "Schönau", "standortnr": "G20502", "wassermenge": 60, "wassersumme": 410, "anzahlg": 9 }, "geometry": { "type": "Point", "coordinates": [ 12.3086328418, 51.329205406600003 ] } },
{ "type": "Feature", "properties": { "id": "90155", "lat": 51.329175239000001, "lng": 12.3085764654, "artdtsch": "Schwedische Mehlbeere", "artbot": "Sorbus intermedia", "gattungdeutsch": "Sorbus", "strname": "Lindenauer Hafen", "pflanzjahr": "2015", "standalter": "10", "bezirk": "Schönau", "standortnr": "G20503", "wassermenge": 60, "wassersumme": 290, "anzahlg": 5 }, "geometry": { "type": "Point", "coordinates": [ 12.3085764654, 51.329175239 ] } },
{ "type": "Feature", "properties": { "id": "90157", "lat": 51.329211412, "lng": 12.308358138, "artdtsch": "Schwedische Mehlbeere", "artbot": "Sorbus intermedia", "gattungdeutsch": "Sorbus", "strname": "Lindenauer Hafen", "pflanzjahr": "2015", "standalter": "10", "bezirk": "Schönau", "standortnr": "G20507", "wassermenge": 60, "wassersumme": 250, "anzahlg": 5 }, "geometry": { "type": "Point", "coordinates": [ 12.308358138, 51.329211412 ] } },
{ "type": "Feature", "properties": { "id": "90158", "lat": 51.329203284000002, "lng": 12.3082667329, "artdtsch": "Schwedische Mehlbeere", "artbot": "Sorbus intermedia", "gattungdeutsch": "Sorbus", "strname": "Lindenauer Hafen", "pflanzjahr": "2015", "standalter": "10", "bezirk": "Schönau", "standortnr": "G20508", "wassermenge": 60, "wassersumme": 240, "anzahlg": 4 }, "geometry": { "type": "Point", "coordinates": [ 12.3082667329, 51.329203284 ] } },
{ "type": "Feature", "properties": { "id": "90159", "lat": 51.329153296699999, "lng": 12.308255879500001, "artdtsch": "Schwedische Mehlbeere", "artbot": "Sorbus intermedia", "gattungdeutsch": "Sorbus", "strname": "Lindenauer Hafen", "pflanzjahr": "2015", "standalter": "10", "bezirk": "Schönau", "standortnr": "G20512", "wassermenge": 60, "wassersumme": 310, "anzahlg": 6 }, "geometry": { "type": "Point", "coordinates": [ 12.308255879500001, 51.329153296699999 ] } },
{ "type": "Feature", "properties": { "id": "90160", "lat": 51.329172055699999, "lng": 12.3082072605, "artdtsch": "Schwedische Mehlbeere", "artbot": "Sorbus intermedia", "gattungdeutsch": "Sorbus", "strname": "Lindenauer Hafen", "pflanzjahr": "2015", "standalter": "10", "bezirk": "Schönau", "standortnr": "G20513", "wassermenge": 60, "wassersumme": 790, "anzahlg": 16 }, "geometry": { "type": "Point", "coordinates": [ 12.3082072605, 51.329172055699999 ] } },
{ "type": "Feature", "properties": { "id": "90161", "lat": 51.32914216, "lng": 12.308170536900001, "artdtsch": "Schwedische Mehlbeere", "artbot": "Sorbus intermedia", "gattungdeutsch": "Sorbus", "strname": "Lindenauer Hafen", "pflanzjahr": "2015", "standalter": "10", "bezirk": "Schönau", "standortnr": "G20514", "wassermenge": 100, "wassersumme": 280, "anzahlg": 4 }, "geometry": { "type": "Point", "coordinates": [ 12.308170536900001, 51.32914216 ] } },
{ "type": "Feature", "properties": { "id": "90162", "lat": 51.329269886799999, "lng": 12.3078776462, "artdtsch": "Winter-Linde", "artbot": "Tilia cordata", "gattungdeutsch": "Tilia", "strname": "Lindenauer Hafen", "pflanzjahr": "2015", "standalter": "10", "bezirk": "Schönau", "standortnr": "G20524", "wassermenge": 60, "wassersumme": 120, "anzahlg": 2 }, "geometry": { "type": "Point", "coordinates": [ 12.3078776462, 51.329269886799999 ] } },
{ "type": "Feature", "properties": { "id": "90221", "lat": 51.320943430900002, "lng": 12.2544872066, "artdtsch": "Dreiblättriger Lederstrauch", "artbot": "Ptelea trifoliata", "gattungdeutsch": "Ptelea", "strname": "Park Miltitz", "pflanzjahr": "2020", "standalter": "5", "bezirk": "Miltitz", "standortnr": "G49716", "wassermenge": 25, "wassersumme": 25, "anzahlg": 1 }, "geometry": { "type": "Point", "coordinates": [ 12.2544872066, 51.320943430900002 ] } },
{ "type": "Feature", "properties": { "id": "90376", "lat": 51.324917274100002, "lng": 12.2905412836, "artdtsch": "Stiel-Eiche", "artbot": "Quercus robur", "gattungdeutsch": "Quercus", "strname": "WG Grünau WK 5.1-Garskestraße/Lützner Straße/Schönauer Straße", "pflanzjahr": "2020", "standalter": "5", "bezirk": "Schönau", "standortnr": "45836", "wassermenge": 75, "wassersumme": 75, "anzahlg": 1 }, "geometry": { "type": "Point", "coordinates": [ 12.2905412836, 51.324917274100002 ] } },
{ "type": "Feature", "properties": { "id": "90377", "lat": 51.325217110200001, "lng": 12.2901016268, "artdtsch": "Stiel-Eiche", "artbot": "Quercus robur", "gattungdeutsch": "Quercus", "strname": "WG Grünau WK 5.1-Garskestraße/Lützner Straße/Schönauer Straße", "pflanzjahr": "2020", "standalter": "5", "bezirk": "Schönau", "standortnr": "G56404", "wassermenge": 75, "wassersumme": 75, "anzahlg": 1 }, "geometry": { "type": "Point", "coordinates": [ 12.2901016268, 51.325217110200001 ] } },
{ "type": "Feature", "properties": { "id": "90378", "lat": 51.325277349399997, "lng": 12.289995982900001, "artdtsch": "Stiel-Eiche", "artbot": "Quercus robur", "gattungdeutsch": "Quercus", "strname": "WG Grünau WK 5.1-Garskestraße/Lützner Straße/Schönauer Straße", "pflanzjahr": "2020", "standalter": "5", "bezirk": "Schönau", "standortnr": "78021", "wassermenge": 75, "wassersumme": 75, "anzahlg": 1 }, "geometry": { "type": "Point", "coordinates": [ 12.289995982900001, 51.325277349399997 ] } },
{ "type": "Feature", "properties": { "id": "90379", "lat": 51.325154710200003, "lng": 12.290206036600001, "artdtsch": "Stiel-Eiche", "artbot": "Quercus robur", "gattungdeutsch": "Quercus", "strname": "WG Grünau WK 5.1-Garskestraße/Lützner Straße/Schönauer Straße", "pflanzjahr": "2020", "standalter": "5", "bezirk": "Schönau", "standortnr": "78023", "wassermenge": 75, "wassersumme": 75, "anzahlg": 1 }, "geometry": { "type": "Point", "coordinates": [ 12.290206036600001, 51.325154710200003 ] } },
{ "type": "Feature", "properties": { "id": "9038", "lat": 51.314434830499998, "lng": 12.3278356581, "artdtsch": "Haus-Apfel 'Topaz'", "artbot": "Malus domestica 'Topaz'", "gattungdeutsch": "Malus", "strname": "Volkspark Kleinzschocher", "pflanzjahr": "2020", "standalter": "5", "bezirk": "Kleinzschocher", "standortnr": "G89", "wassermenge": 10, "wassersumme": 20, "anzahlg": 2 }, "geometry": { "type": "Point", "coordinates": [ 12.3278356581, 51.314434830499998 ] } },
{ "type": "Feature", "properties": { "id": "90380", "lat": 51.325043002000001, "lng": 12.2903909429, "artdtsch": "Stiel-Eiche", "artbot": "Quercus robur", "gattungdeutsch": "Quercus", "strname": "WG Grünau WK 5.1-Garskestraße/Lützner Straße/Schönauer Straße", "pflanzjahr": "2020", "standalter": "5", "bezirk": "Schönau", "standortnr": "78025", "wassermenge": 75, "wassersumme": 75, "anzahlg": 1 }, "geometry": { "type": "Point", "coordinates": [ 12.2903909429, 51.325043002 ] } },
{ "type": "Feature", "properties": { "id": "90381", "lat": 51.324985634299999, "lng": 12.2904732759, "artdtsch": "Stiel-Eiche", "artbot": "Quercus robur", "gattungdeutsch": "Quercus", "strname": "WG Grünau WK 5.1-Garskestraße/Lützner Straße/Schönauer Straße", "pflanzjahr": "2020", "standalter": "5", "bezirk": "Schönau", "standortnr": "78026", "wassermenge": 75, "wassersumme": 75, "anzahlg": 1 }, "geometry": { "type": "Point", "coordinates": [ 12.2904732759, 51.324985634299999 ] } },
{ "type": "Feature", "properties": { "id": "90382", "lat": 51.324842338400003, "lng": 12.2905831354, "artdtsch": "Stiel-Eiche", "artbot": "Quercus robur", "gattungdeutsch": "Quercus", "strname": "WG Grünau WK 5.1-Garskestraße/Lützner Straße/Schönauer Straße", "pflanzjahr": "2020", "standalter": "5", "bezirk": "Schönau", "standortnr": "78028", "wassermenge": 75, "wassersumme": 75, "anzahlg": 1 }, "geometry": { "type": "Point", "coordinates": [ 12.2905831354, 51.324842338400003 ] } },
{ "type": "Feature", "properties": { "id": "90475", "lat": 51.323996126799997, "lng": 12.2919641279, "artdtsch": "Stadt-Linde", "artbot": "Tilia cordata 'Greenspire'", "gattungdeutsch": "Tilia", "strname": "WG Grünau WK 3-Lützner Straße/Schönauer Straße", "pflanzjahr": "2022", "standalter": "3", "bezirk": "Grünau-Ost", "standortnr": "G52045", "wassermenge": 150, "wassersumme": 150, "anzahlg": 1 }, "geometry": { "type": "Point", "coordinates": [ 12.2919641279, 51.323996126799997 ] } },
{ "type": "Feature", "properties": { "id": "90476", "lat": 51.323973071499999, "lng": 12.2921669646, "artdtsch": "Brabanter Silber-Linde", "artbot": "Tilia tomentosa 'Brabant'", "gattungdeutsch": "Tilia", "strname": "WG Grünau WK 3-Lützner Straße/Schönauer Straße", "pflanzjahr": "2022", "standalter": "3", "bezirk": "Grünau-Ost", "standortnr": "85289", "wassermenge": 50, "wassersumme": 50, "anzahlg": 1 }, "geometry": { "type": "Point", "coordinates": [ 12.2921669646, 51.323973071499999 ] } },
{ "type": "Feature", "properties": { "id": "90477", "lat": 51.323921411000001, "lng": 12.292108689699999, "artdtsch": "Brabanter Silber-Linde", "artbot": "Tilia tomentosa 'Brabant'", "gattungdeutsch": "Tilia", "strname": "WG Grünau WK 3-Lützner Straße/Schönauer Straße", "pflanzjahr": "2022", "standalter": "3", "bezirk": "Grünau-Ost", "standortnr": "85290", "wassermenge": 50, "wassersumme": 50, "anzahlg": 1 }, "geometry": { "type": "Point", "coordinates": [ 12.292108689699999, 51.323921411 ] } },
{ "type": "Feature", "properties": { "id": "90478", "lat": 51.323871273000002, "lng": 12.2920503252, "artdtsch": "Brabanter Silber-Linde", "artbot": "Tilia tomentosa 'Brabant'", "gattungdeutsch": "Tilia", "strname": "WG Grünau WK 3-Lützner Straße/Schönauer Straße", "pflanzjahr": "2022", "standalter": "3", "bezirk": "Grünau-Ost", "standortnr": "85291", "wassermenge": 50, "wassersumme": 50, "anzahlg": 1 }, "geometry": { "type": "Point", "coordinates": [ 12.2920503252, 51.323871273 ] } },
{ "type": "Feature", "properties": { "id": "90479", "lat": 51.323824326199997, "lng": 12.291998099300001, "artdtsch": "Brabanter Silber-Linde", "artbot": "Tilia tomentosa 'Brabant'", "gattungdeutsch": "Tilia", "strname": "WG Grünau WK 3-Lützner Straße/Schönauer Straße", "pflanzjahr": "2022", "standalter": "3", "bezirk": "Grünau-Ost", "standortnr": "85292", "wassermenge": 50, "wassersumme": 50, "anzahlg": 1 }, "geometry": { "type": "Point", "coordinates": [ 12.291998099300001, 51.323824326199997 ] } },
{ "type": "Feature", "properties": { "id": "90599", "lat": 51.342333800399999, "lng": 12.416952263500001, "artdtsch": "Vogel-Kirsche", "artbot": "Prunus avium", "gattungdeutsch": "Prunus", "strname": "\"Lichter Hain\"-Wurzner Straße Baulückenbegrünung", "pflanzjahr": "2022", "standalter": "3", "bezirk": "Volkmarsdorf", "standortnr": "93579", "wassermenge": 60, "wassersumme": 60, "anzahlg": 1 }, "geometry": { "type": "Point", "coordinates": [ 12.416952263500001, 51.342333800399999 ] } },
{ "type": "Feature", "properties": { "id": "9092", "lat": 51.314530431999998, "lng": 12.327669934199999, "artdtsch": "Silber-Linde", "artbot": "Tilia tomentosa", "gattungdeutsch": "Tilia", "strname": "Volkspark Kleinzschocher", "pflanzjahr": "2015", "standalter": "10", "bezirk": "Kleinzschocher", "standortnr": "G1136", "wassermenge": 50, "wassersumme": 110, "anzahlg": 3 }, "geometry": { "type": "Point", "coordinates": [ 12.327669934199999, 51.314530432 ] } },
{ "type": "Feature", "properties": { "id": "91081", "lat": 51.3292711231, "lng": 12.3073214038, "artdtsch": "Stadt-Linde", "artbot": "Tilia cordata 'Greenspire'", "gattungdeutsch": "Tilia", "strname": "Lindenauer Hafen", "pflanzjahr": "2023", "standalter": "2", "bezirk": "Schönau", "standortnr": "G20529", "wassermenge": 60, "wassersumme": 100, "anzahlg": 2 }, "geometry": { "type": "Point", "coordinates": [ 12.3073214038, 51.3292711231 ] } },
{ "type": "Feature", "properties": { "id": "94231", "lat": 51.329389061299999, "lng": 12.308487849300001, "artdtsch": "Schwedische Mehlbeere", "artbot": "Sorbus intermedia", "gattungdeutsch": "Sorbus", "strname": "Lindenauer Hafen", "pflanzjahr": "2015", "standalter": "10", "bezirk": "Schönau", "standortnr": "G20491", "wassermenge": 60, "wassersumme": 240, "anzahlg": 5 }, "geometry": { "type": "Point", "coordinates": [ 12.308487849300001, 51.329389061299999 ] } },
{ "type": "Feature", "properties": { "id": "94232", "lat": 51.329366793799998, "lng": 12.308434742699999, "artdtsch": "Schwedische Mehlbeere", "artbot": "Sorbus intermedia", "gattungdeutsch": "Sorbus", "strname": "Lindenauer Hafen", "pflanzjahr": "2015", "standalter": "10", "bezirk": "Schönau", "standortnr": "G20493", "wassermenge": 60, "wassersumme": 240, "anzahlg": 4 }, "geometry": { "type": "Point", "coordinates": [ 12.308434742699999, 51.329366793799998 ] } },
{ "type": "Feature", "properties": { "id": "94233", "lat": 51.3293236652, "lng": 12.308460096299999, "artdtsch": "Schwedische Mehlbeere", "artbot": "Sorbus intermedia", "gattungdeutsch": "Sorbus", "strname": "Lindenauer Hafen", "pflanzjahr": "2015", "standalter": "10", "bezirk": "Schönau", "standortnr": "G20497", "wassermenge": 60, "wassersumme": 240, "anzahlg": 4 }, "geometry": { "type": "Point", "coordinates": [ 12.308460096299999, 51.3293236652 ] } },
{ "type": "Feature", "properties": { "id": "94234", "lat": 51.329254302800003, "lng": 12.308244218900001, "artdtsch": "Vogel-Kirsche", "artbot": "Prunus avium", "gattungdeutsch": "Prunus", "strname": "Lindenauer Hafen", "pflanzjahr": "2015", "standalter": "10", "bezirk": "Schönau", "standortnr": "G20506", "wassermenge": 60, "wassersumme": 310, "anzahlg": 6 }, "geometry": { "type": "Point", "coordinates": [ 12.308244218900001, 51.329254302800003 ] } },
{ "type": "Feature", "properties": { "id": "94237", "lat": 51.329326215899997, "lng": 12.3079804399, "artdtsch": "Winter-Linde", "artbot": "Tilia cordata", "gattungdeutsch": "Tilia", "strname": "Lindenauer Hafen", "pflanzjahr": "2015", "standalter": "10", "bezirk": "Schönau", "standortnr": "G20523", "wassermenge": 60, "wassersumme": 120, "anzahlg": 2 }, "geometry": { "type": "Point", "coordinates": [ 12.3079804399, 51.329326215899997 ] } },
{ "type": "Feature", "properties": { "id": "94291", "lat": 51.328708307600003, "lng": 12.309493910300001, "artdtsch": "Feld-Ahorn", "artbot": "Acer campestre", "gattungdeutsch": "Acer", "strname": "Lindenauer Hafen", "pflanzjahr": "2015", "standalter": "10", "bezirk": "Schönau", "standortnr": "G34087", "wassermenge": 80, "wassersumme": 80, "anzahlg": 1 }, "geometry": { "type": "Point", "coordinates": [ 12.309493910300001, 51.328708307600003 ] } },
{ "type": "Feature", "properties": { "id": "94793", "lat": 51.321473514899999, "lng": 12.255881623700001, "artdtsch": "Rosskastanie", "artbot": "Aesculus hippocastanum", "gattungdeutsch": "Aesculus", "strname": "Park Miltitz", "pflanzjahr": "2010", "standalter": "15", "bezirk": "Miltitz", "standortnr": "G51424", "wassermenge": 50, "wassersumme": 90, "anzahlg": 2 }, "geometry": { "type": "Point", "coordinates": [ 12.255881623700001, 51.321473514899999 ] } },
{ "type": "Feature", "properties": { "id": "94845", "lat": 51.322255425199998, "lng": 12.321221657000001, "artdtsch": "Walnuss", "artbot": "Juglans regia", "gattungdeutsch": "Juglans", "strname": "Gleis-Grün-Zug Bahnhof Plagwitz", "pflanzjahr": "2016", "standalter": "9", "bezirk": "Plagwitz", "standortnr": "G42168", "wassermenge": 100, "wassersumme": 300, "anzahlg": 3 }, "geometry": { "type": "Point", "coordinates": [ 12.321221657, 51.322255425199998 ] } },
{ "type": "Feature", "properties": { "id": "94861", "lat": 51.321625206100002, "lng": 12.3208523179, "artdtsch": "Haus-Apfel  'Weißer Winter-Calville'", "artbot": "Malus domestica 'Weißer Winter-Calville'", "gattungdeutsch": "Malus", "strname": "Gleis-Grün-Zug Bahnhof Plagwitz", "pflanzjahr": "2020", "standalter": "5", "bezirk": "Plagwitz", "standortnr": "G42191", "wassermenge": 100, "wassersumme": 300, "anzahlg": 3 }, "geometry": { "type": "Point", "coordinates": [ 12.3208523179, 51.321625206100002 ] } },
{ "type": "Feature", "properties": { "id": "94862", "lat": 51.3217399292, "lng": 12.3209683569, "artdtsch": "Haus-Pflaume 'Bühler Frühzwetschge'", "artbot": "Prunus domestica 'Bühler Frühzwetschge'", "gattungdeutsch": "Prunus", "strname": "Gleis-Grün-Zug Bahnhof Plagwitz", "pflanzjahr": "2016", "standalter": "9", "bezirk": "Plagwitz", "standortnr": "G42194", "wassermenge": 100, "wassersumme": 300, "anzahlg": 3 }, "geometry": { "type": "Point", "coordinates": [ 12.3209683569, 51.3217399292 ] } },
{ "type": "Feature", "properties": { "id": "94863", "lat": 51.321773777600001, "lng": 12.3210325561, "artdtsch": "Haus-Pflaume 'Ontariopflaume'", "artbot": "Prunus domestica 'Ontariopflaume'", "gattungdeutsch": "Prunus", "strname": "Gleis-Grün-Zug Bahnhof Plagwitz", "pflanzjahr": "2016", "standalter": "9", "bezirk": "Plagwitz", "standortnr": "G42195", "wassermenge": 100, "wassersumme": 300, "anzahlg": 3 }, "geometry": { "type": "Point", "coordinates": [ 12.3210325561, 51.321773777600001 ] } },
{ "type": "Feature", "properties": { "id": "94864", "lat": 51.321800131499998, "lng": 12.3209697277, "artdtsch": "Haus-Pflaume 'Hauszwetschge'", "artbot": "Prunus domestica 'Hauszwetschge'", "gattungdeutsch": "Prunus", "strname": "Gleis-Grün-Zug Bahnhof Plagwitz", "pflanzjahr": "2016", "standalter": "9", "bezirk": "Plagwitz", "standortnr": "G42196", "wassermenge": 100, "wassersumme": 300, "anzahlg": 3 }, "geometry": { "type": "Point", "coordinates": [ 12.3209697277, 51.321800131499998 ] } },
{ "type": "Feature", "properties": { "id": "94865", "lat": 51.322608727199999, "lng": 12.3217173879, "artdtsch": "Mispel", "artbot": "Mespilus germanica", "gattungdeutsch": "Mespilus", "strname": "Gleis-Grün-Zug Bahnhof Plagwitz", "pflanzjahr": "2016", "standalter": "9", "bezirk": "Plagwitz", "standortnr": "G42208", "wassermenge": 100, "wassersumme": 500, "anzahlg": 5 }, "geometry": { "type": "Point", "coordinates": [ 12.3217173879, 51.322608727199999 ] } },
{ "type": "Feature", "properties": { "id": "94866", "lat": 51.322658845, "lng": 12.3215374773, "artdtsch": "Walnuss", "artbot": "Juglans regia", "gattungdeutsch": "Juglans", "strname": "Gleis-Grün-Zug Bahnhof Plagwitz", "pflanzjahr": "2016", "standalter": "9", "bezirk": "Plagwitz", "standortnr": "G42209", "wassermenge": 100, "wassersumme": 500, "anzahlg": 5 }, "geometry": { "type": "Point", "coordinates": [ 12.3215374773, 51.322658845 ] } },
{ "type": "Feature", "properties": { "id": "94867", "lat": 51.322586508599997, "lng": 12.3214696348, "artdtsch": "Walnuss", "artbot": "Juglans regia", "gattungdeutsch": "Juglans", "strname": "Gleis-Grün-Zug Bahnhof Plagwitz", "pflanzjahr": "2016", "standalter": "9", "bezirk": "Plagwitz", "standortnr": "G42210", "wassermenge": 100, "wassersumme": 500, "anzahlg": 5 }, "geometry": { "type": "Point", "coordinates": [ 12.3214696348, 51.322586508599997 ] } },
{ "type": "Feature", "properties": { "id": "94868", "lat": 51.322661150400002, "lng": 12.321351310200001, "artdtsch": "Walnuss", "artbot": "Juglans regia", "gattungdeutsch": "Juglans", "strname": "Gleis-Grün-Zug Bahnhof Plagwitz", "pflanzjahr": "2016", "standalter": "9", "bezirk": "Plagwitz", "standortnr": "G42211", "wassermenge": 100, "wassersumme": 450, "anzahlg": 5 }, "geometry": { "type": "Point", "coordinates": [ 12.321351310200001, 51.322661150400002 ] } },
{ "type": "Feature", "properties": { "id": "9551", "lat": 51.3288050301, "lng": 12.4190562693, "artdtsch": "Strauch - Rosskastanie", "artbot": "Aesculus parviflora", "gattungdeutsch": "Aesculus", "strname": "Ostfriedhof", "pflanzjahr": "2008", "standalter": "17", "bezirk": "Anger-Crottendorf", "standortnr": "G43733", "wassermenge": 50, "wassersumme": 50, "anzahlg": 1 }, "geometry": { "type": "Point", "coordinates": [ 12.4190562693, 51.3288050301 ] } },
{ "type": "Feature", "properties": { "id": "9555", "lat": 51.328935722300002, "lng": 12.4194075429, "artdtsch": "NULL", "artbot": "Rhododendron 'Old Port'", "gattungdeutsch": "Rhododendron", "strname": "Ostfriedhof", "pflanzjahr": "2010", "standalter": "15", "bezirk": "Anger-Crottendorf", "standortnr": "G43737", "wassermenge": 30, "wassersumme": 30, "anzahlg": 1 }, "geometry": { "type": "Point", "coordinates": [ 12.4194075429, 51.328935722300002 ] } },
{ "type": "Feature", "properties": { "id": "9664", "lat": 51.311122106, "lng": 12.4080102903, "artdtsch": "Rotdorn", "artbot": "Crataegus laevigata 'Paul's Scarlet'", "gattungdeutsch": "Crataegus", "strname": "Südfriedhof", "pflanzjahr": "2005", "standalter": "20", "bezirk": "Probstheida", "standortnr": "G43154", "wassermenge": 15, "wassersumme": 180, "anzahlg": 16 }, "geometry": { "type": "Point", "coordinates": [ 12.4080102903, 51.311122106 ] } },
{ "type": "Feature", "properties": { "id": "97038", "lat": 51.325387006299998, "lng": 12.2898145988, "artdtsch": "Stiel-Eiche", "artbot": "Quercus robur", "gattungdeutsch": "Quercus", "strname": "WG Grünau WK 5.1-Garskestraße/Lützner Straße/Schönauer Straße", "pflanzjahr": "2020", "standalter": "5", "bezirk": "Schönau", "standortnr": "68683", "wassermenge": 75, "wassersumme": 75, "anzahlg": 1 }, "geometry": { "type": "Point", "coordinates": [ 12.2898145988, 51.325387006299998 ] } },
{ "type": "Feature", "properties": { "id": "97039", "lat": 51.325653712600001, "lng": 12.28949123, "artdtsch": "Stiel-Eiche", "artbot": "Quercus robur", "gattungdeutsch": "Quercus", "strname": "WG Grünau WK 5.1-Garskestraße/Lützner Straße/Schönauer Straße", "pflanzjahr": "2020", "standalter": "5", "bezirk": "Schönau", "standortnr": "78015", "wassermenge": 75, "wassersumme": 75, "anzahlg": 1 }, "geometry": { "type": "Point", "coordinates": [ 12.28949123, 51.325653712600001 ] } },
{ "type": "Feature", "properties": { "id": "97040", "lat": 51.325572892399997, "lng": 12.2895735876, "artdtsch": "Stiel-Eiche", "artbot": "Quercus robur", "gattungdeutsch": "Quercus", "strname": "WG Grünau WK 5.1-Garskestraße/Lützner Straße/Schönauer Straße", "pflanzjahr": "2020", "standalter": "5", "bezirk": "Schönau", "standortnr": "78016", "wassermenge": 75, "wassersumme": 75, "anzahlg": 1 }, "geometry": { "type": "Point", "coordinates": [ 12.2895735876, 51.325572892399997 ] } },
{ "type": "Feature", "properties": { "id": "97041", "lat": 51.325512861, "lng": 12.289632938900001, "artdtsch": "Stiel-Eiche", "artbot": "Quercus robur", "gattungdeutsch": "Quercus", "strname": "WG Grünau WK 5.1-Garskestraße/Lützner Straße/Schönauer Straße", "pflanzjahr": "2020", "standalter": "5", "bezirk": "Schönau", "standortnr": "78017", "wassermenge": 75, "wassersumme": 75, "anzahlg": 1 }, "geometry": { "type": "Point", "coordinates": [ 12.289632938900001, 51.325512861 ] } },
{ "type": "Feature", "properties": { "id": "97043", "lat": 51.325444500400003, "lng": 12.2897193252, "artdtsch": "Stiel-Eiche", "artbot": "Quercus robur", "gattungdeutsch": "Quercus", "strname": "WG Grünau WK 5.1-Garskestraße/Lützner Straße/Schönauer Straße", "pflanzjahr": "2020", "standalter": "5", "bezirk": "Schönau", "standortnr": "78018", "wassermenge": 75, "wassersumme": 75, "anzahlg": 1 }, "geometry": { "type": "Point", "coordinates": [ 12.2897193252, 51.325444500400003 ] } },
{ "type": "Feature", "properties": { "id": "97044", "lat": 51.325334464999997, "lng": 12.289902774, "artdtsch": "Stiel-Eiche", "artbot": "Quercus robur", "gattungdeutsch": "Quercus", "strname": "WG Grünau WK 5.1-Garskestraße/Lützner Straße/Schönauer Straße", "pflanzjahr": "2020", "standalter": "5", "bezirk": "Schönau", "standortnr": "78020", "wassermenge": 75, "wassersumme": 75, "anzahlg": 1 }, "geometry": { "type": "Point", "coordinates": [ 12.289902774, 51.325334465 ] } },
{ "type": "Feature", "properties": { "id": "id-10249", "lat": 51.329522208999997, "lng": 12.368524302300001, "artdtsch": "Platane", "artbot": "Platanus x acerifolia", "gattungdeutsch": "Platanus", "strname": "Grassistraße", "pflanzjahr": "2017", "standalter": "8", "bezirk": "Zentrum-Süd", "standortnr": "37009", "wassermenge": 150, "wassersumme": 540, "anzahlg": 4 }, "geometry": { "type": "Point", "coordinates": [ 12.368524302300001, 51.329522209 ] } },
{ "type": "Feature", "properties": { "id": "id-10283", "lat": 51.329366250600003, "lng": 12.3713383226, "artdtsch": "Platane", "artbot": "Platanus x acerifolia", "gattungdeutsch": "Platanus", "strname": "Floßplatz", "pflanzjahr": "2015", "standalter": "10", "bezirk": "Zentrum-Süd", "standortnr": "38875", "wassermenge": 5, "wassersumme": 5, "anzahlg": 1 }, "geometry": { "type": "Point", "coordinates": [ 12.3713383226, 51.329366250600003 ] } },
{ "type": "Feature", "properties": { "id": "id-10495", "lat": 51.3319263904, "lng": 12.3413377841, "artdtsch": "Rosskastanie", "artbot": "Aesculus hippocastanum", "gattungdeutsch": "Aesculus", "strname": "Erich-Zeigner-Allee", "pflanzjahr": "1940", "standalter": "85", "bezirk": "Plagwitz", "standortnr": "40235", "wassermenge": 10, "wassersumme": 40, "anzahlg": 4 }, "geometry": { "type": "Point", "coordinates": [ 12.3413377841, 51.3319263904 ] } },
{ "type": "Feature", "properties": { "id": "id-10496", "lat": 51.331793818100003, "lng": 12.3412506994, "artdtsch": "Linde", "artbot": "Tilia species", "gattungdeutsch": "Tilia", "strname": "Erich-Zeigner-Allee", "pflanzjahr": "1940", "standalter": "85", "bezirk": "Plagwitz", "standortnr": "40237", "wassermenge": 10, "wassersumme": 50, "anzahlg": 5 }, "geometry": { "type": "Point", "coordinates": [ 12.3412506994, 51.331793818100003 ] } },
{ "type": "Feature", "properties": { "id": "id-12293", "lat": 51.361970943599999, "lng": 12.2898224223, "artdtsch": "Rotdorn", "artbot": "Crataegus laevigata 'Paul's Scarlet'", "gattungdeutsch": "Crataegus", "strname": "Zur Sägemühle", "pflanzjahr": "1998", "standalter": "27", "bezirk": "Böhlitz-Ehrenberg", "standortnr": "57649", "wassermenge": 80, "wassersumme": 80, "anzahlg": 1 }, "geometry": { "type": "Point", "coordinates": [ 12.2898224223, 51.361970943599999 ] } },
{ "type": "Feature", "properties": { "id": "id-12585", "lat": 51.335236567099997, "lng": 12.3318672105, "artdtsch": "Chinesische Wildbirne 'Chanticleer'", "artbot": "Pyrus calleryana 'Chanticleer'", "gattungdeutsch": "Pyrus", "strname": "Schadowstraße", "pflanzjahr": "2000", "standalter": "25", "bezirk": "Lindenau", "standortnr": "44390", "wassermenge": 100, "wassersumme": 2300, "anzahlg": 23 }, "geometry": { "type": "Point", "coordinates": [ 12.3318672105, 51.335236567099997 ] } },
{ "type": "Feature", "properties": { "id": "id-12589", "lat": 51.3352269978, "lng": 12.331751158699999, "artdtsch": "Chinesische Wildbirne 'Chanticleer'", "artbot": "Pyrus calleryana 'Chanticleer'", "gattungdeutsch": "Pyrus", "strname": "Schadowstraße", "pflanzjahr": "2000", "standalter": "25", "bezirk": "Lindenau", "standortnr": "44386", "wassermenge": 100, "wassersumme": 2300, "anzahlg": 23 }, "geometry": { "type": "Point", "coordinates": [ 12.331751158699999, 51.3352269978 ] } },
{ "type": "Feature", "properties": { "id": "id-12835", "lat": 51.336928010299999, "lng": 12.337274775499999, "artdtsch": "Säulen-Hainbuche 'Frans Fontaine'", "artbot": "Carpinus betulus 'Frans Fontaine'", "gattungdeutsch": "Carpinus", "strname": "Kuhturmstraße", "pflanzjahr": "2012", "standalter": "13", "bezirk": "Altlindenau", "standortnr": "55016", "wassermenge": 9, "wassersumme": 9, "anzahlg": 1 }, "geometry": { "type": "Point", "coordinates": [ 12.337274775499999, 51.336928010299999 ] } },
{ "type": "Feature", "properties": { "id": "id-13009", "lat": 51.346374189300001, "lng": 12.316973341900001, "artdtsch": "Amberbaum 'Paarl'", "artbot": "Liquidambar styraciflua 'Paarl'", "gattungdeutsch": "Liquidambar", "strname": "Landwaisenhausstraße", "pflanzjahr": "2019", "standalter": "6", "bezirk": "Leutzsch", "standortnr": "75403", "wassermenge": 25, "wassersumme": 50, "anzahlg": 2 }, "geometry": { "type": "Point", "coordinates": [ 12.316973341900001, 51.346374189300001 ] } },
{ "type": "Feature", "properties": { "id": "id-13050", "lat": 51.341571576200003, "lng": 12.3367954461, "artdtsch": "Blumen-Esche", "artbot": "Fraxinus ornus", "gattungdeutsch": "Fraxinus", "strname": "Erich-Köhn-Straße", "pflanzjahr": "2019", "standalter": "6", "bezirk": "Altlindenau", "standortnr": "54978", "wassermenge": 40, "wassersumme": 230, "anzahlg": 12 }, "geometry": { "type": "Point", "coordinates": [ 12.3367954461, 51.341571576200003 ] } },
{ "type": "Feature", "properties": { "id": "id-13063", "lat": 51.341582979499996, "lng": 12.337012055500001, "artdtsch": "Blumen-Esche", "artbot": "Fraxinus ornus", "gattungdeutsch": "Fraxinus", "strname": "Erich-Köhn-Straße", "pflanzjahr": "2019", "standalter": "6", "bezirk": "Altlindenau", "standortnr": "54959", "wassermenge": 25, "wassersumme": 210, "anzahlg": 14 }, "geometry": { "type": "Point", "coordinates": [ 12.337012055500001, 51.341582979499996 ] } },
{ "type": "Feature", "properties": { "id": "id-13093", "lat": 51.341458297000003, "lng": 12.330203347699999, "artdtsch": "Blut-Ahorn 'Deborah'", "artbot": "Acer platanoides 'Deborah'", "gattungdeutsch": "Acer", "strname": "Friesenstraße", "pflanzjahr": "2011", "standalter": "14", "bezirk": "Altlindenau", "standortnr": "54924", "wassermenge": 60, "wassersumme": 60, "anzahlg": 1 }, "geometry": { "type": "Point", "coordinates": [ 12.330203347699999, 51.341458297 ] } },
{ "type": "Feature", "properties": { "id": "id-13234", "lat": 51.332162192399998, "lng": 12.3411466807, "artdtsch": "Rosskastanie", "artbot": "Aesculus hippocastanum", "gattungdeutsch": "Aesculus", "strname": "Erich-Zeigner-Allee", "pflanzjahr": "1940", "standalter": "85", "bezirk": "Plagwitz", "standortnr": "40221", "wassermenge": 10, "wassersumme": 40, "anzahlg": 4 }, "geometry": { "type": "Point", "coordinates": [ 12.3411466807, 51.332162192399998 ] } },
{ "type": "Feature", "properties": { "id": "id-13235", "lat": 51.331824194500001, "lng": 12.341126905099999, "artdtsch": "Rosskastanie", "artbot": "Aesculus hippocastanum", "gattungdeutsch": "Aesculus", "strname": "Erich-Zeigner-Allee", "pflanzjahr": "1940", "standalter": "85", "bezirk": "Plagwitz", "standortnr": "40222", "wassermenge": 10, "wassersumme": 50, "anzahlg": 5 }, "geometry": { "type": "Point", "coordinates": [ 12.341126905099999, 51.331824194500001 ] } },
{ "type": "Feature", "properties": { "id": "id-14260", "lat": 51.3339720791, "lng": 12.3582126073, "artdtsch": "Holländische Linde", "artbot": "Tilia x vulgaris", "gattungdeutsch": "Tilia", "strname": "Ferdinand-Lassalle-Straße", "pflanzjahr": "2018", "standalter": "7", "bezirk": "Zentrum-West", "standortnr": "37642", "wassermenge": 30, "wassersumme": 60, "anzahlg": 3 }, "geometry": { "type": "Point", "coordinates": [ 12.3582126073, 51.3339720791 ] } },
{ "type": "Feature", "properties": { "id": "id-14316", "lat": 51.334843307900002, "lng": 12.357139413500001, "artdtsch": "Chinesische Wildbirne 'Chanticleer'", "artbot": "Pyrus calleryana 'Chanticleer'", "gattungdeutsch": "Pyrus", "strname": "Sebastian-Bach-Straße", "pflanzjahr": "1998", "standalter": "27", "bezirk": "Zentrum-West", "standortnr": "38611", "wassermenge": 25, "wassersumme": 113, "anzahlg": 8 }, "geometry": { "type": "Point", "coordinates": [ 12.357139413500001, 51.334843307900002 ] } },
{ "type": "Feature", "properties": { "id": "id-14464", "lat": 51.332510182299998, "lng": 12.3653879212, "artdtsch": "Platane", "artbot": "Platanus x acerifolia", "gattungdeutsch": "Platanus", "strname": "Ferdinand-Rhode-Straße", "pflanzjahr": "2017", "standalter": "8", "bezirk": "Zentrum-Süd", "standortnr": "37246", "wassermenge": 20, "wassersumme": 30, "anzahlg": 2 }, "geometry": { "type": "Point", "coordinates": [ 12.3653879212, 51.332510182299998 ] } },
{ "type": "Feature", "properties": { "id": "id-14584", "lat": 51.332069324499997, "lng": 12.368116092399999, "artdtsch": "Platane", "artbot": "Platanus x acerifolia", "gattungdeutsch": "Platanus", "strname": "Beethovenstraße", "pflanzjahr": "2014", "standalter": "11", "bezirk": "Zentrum-Süd", "standortnr": "38761", "wassermenge": 20, "wassersumme": 40, "anzahlg": 2 }, "geometry": { "type": "Point", "coordinates": [ 12.368116092399999, 51.332069324499997 ] } },
{ "type": "Feature", "properties": { "id": "id-15727", "lat": 51.341748768899997, "lng": 12.3578683627, "artdtsch": "Stadt-Linde", "artbot": "Tilia cordata 'Greenspire'", "gattungdeutsch": "Tilia", "strname": "Jahnallee", "pflanzjahr": "2015", "standalter": "10", "bezirk": "Zentrum-West", "standortnr": "35890", "wassermenge": 24, "wassersumme": 24, "anzahlg": 1 }, "geometry": { "type": "Point", "coordinates": [ 12.3578683627, 51.341748768899997 ] } },
{ "type": "Feature", "properties": { "id": "id-16073", "lat": 51.343414949299998, "lng": 12.3593964105, "artdtsch": "Winter-Linde 'Rancho'", "artbot": "Tilia cordata 'Rancho'", "gattungdeutsch": "Tilia", "strname": "Gustav-Adolf-Straße", "pflanzjahr": "2004", "standalter": "21", "bezirk": "Zentrum-Nordwest", "standortnr": "54282", "wassermenge": 10, "wassersumme": 80, "anzahlg": 8 }, "geometry": { "type": "Point", "coordinates": [ 12.3593964105, 51.343414949299998 ] } },
{ "type": "Feature", "properties": { "id": "id-16075", "lat": 51.343370828700003, "lng": 12.3591908602, "artdtsch": "Winter-Linde 'Rancho'", "artbot": "Tilia cordata 'Rancho'", "gattungdeutsch": "Tilia", "strname": "Gustav-Adolf-Straße", "pflanzjahr": "2004", "standalter": "21", "bezirk": "Zentrum-Nordwest", "standortnr": "54283", "wassermenge": 10, "wassersumme": 10, "anzahlg": 1 }, "geometry": { "type": "Point", "coordinates": [ 12.3591908602, 51.343370828700003 ] } },
{ "type": "Feature", "properties": { "id": "id-16128", "lat": 51.348040259400001, "lng": 12.37165984, "artdtsch": "Stadt-Linde", "artbot": "Tilia cordata 'Greenspire'", "gattungdeutsch": "Tilia", "strname": "Parthenstraße", "pflanzjahr": "2011", "standalter": "14", "bezirk": "Zentrum-Nord", "standortnr": "12945", "wassermenge": 80, "wassersumme": 140, "anzahlg": 2 }, "geometry": { "type": "Point", "coordinates": [ 12.37165984, 51.348040259400001 ] } },
{ "type": "Feature", "properties": { "id": "id-16151", "lat": 51.343835636100003, "lng": 12.3674928738, "artdtsch": "Stadt-Linde", "artbot": "Tilia cordata 'Greenspire'", "gattungdeutsch": "Tilia", "strname": "Ranstädter Steinweg", "pflanzjahr": "2019", "standalter": "6", "bezirk": "Zentrum-Nordwest", "standortnr": "446", "wassermenge": 70, "wassersumme": 70, "anzahlg": 1 }, "geometry": { "type": "Point", "coordinates": [ 12.3674928738, 51.343835636100003 ] } },
{ "type": "Feature", "properties": { "id": "id-16152", "lat": 51.343880023700002, "lng": 12.367718954500001, "artdtsch": "Stadt-Linde", "artbot": "Tilia cordata 'Greenspire'", "gattungdeutsch": "Tilia", "strname": "Ranstädter Steinweg", "pflanzjahr": "2020", "standalter": "5", "bezirk": "Zentrum-Nordwest", "standortnr": "445", "wassermenge": 15, "wassersumme": 15, "anzahlg": 1 }, "geometry": { "type": "Point", "coordinates": [ 12.367718954500001, 51.343880023700002 ] } },
{ "type": "Feature", "properties": { "id": "id-17639", "lat": 51.3705286581, "lng": 12.3649693381, "artdtsch": "Spitz-Ahorn 'Farlake´s Green'", "artbot": "Acer platanoides 'Farlake´s Green'", "gattungdeutsch": "Acer", "strname": "Landsberger Straße", "pflanzjahr": "2017", "standalter": "8", "bezirk": "Gohlis-Mitte", "standortnr": "60023", "wassermenge": 90, "wassersumme": 260, "anzahlg": 3 }, "geometry": { "type": "Point", "coordinates": [ 12.3649693381, 51.3705286581 ] } },
{ "type": "Feature", "properties": { "id": "id-17651", "lat": 51.367206415399998, "lng": 12.3716708127, "artdtsch": "Linde", "artbot": "Tilia species", "gattungdeutsch": "Tilia", "strname": "Coppistraße", "pflanzjahr": "1903", "standalter": "122", "bezirk": "Gohlis-Mitte", "standortnr": "58795", "wassermenge": 25, "wassersumme": 25, "anzahlg": 1 }, "geometry": { "type": "Point", "coordinates": [ 12.3716708127, 51.367206415399998 ] } },
{ "type": "Feature", "properties": { "id": "id-17827", "lat": 51.370349179599998, "lng": 12.364827333799999, "artdtsch": "Spitz-Ahorn", "artbot": "Acer platanoides", "gattungdeutsch": "Acer", "strname": "Landsberger Straße", "pflanzjahr": "2017", "standalter": "8", "bezirk": "Gohlis-Mitte", "standortnr": "60038", "wassermenge": 85, "wassersumme": 330, "anzahlg": 4 }, "geometry": { "type": "Point", "coordinates": [ 12.364827333799999, 51.370349179599998 ] } },
{ "type": "Feature", "properties": { "id": "id-18196", "lat": 51.286674849800001, "lng": 12.4059923966, "artdtsch": "Stadt-Linde", "artbot": "Tilia cordata 'Greenspire'", "gattungdeutsch": "Tilia", "strname": "Leinestraße", "pflanzjahr": "2015", "standalter": "10", "bezirk": "Dölitz-Dösen", "standortnr": "34680", "wassermenge": 30, "wassersumme": 220, "anzahlg": 8 }, "geometry": { "type": "Point", "coordinates": [ 12.4059923966, 51.286674849800001 ] } },
{ "type": "Feature", "properties": { "id": "id-18850", "lat": 51.296742754900002, "lng": 12.385547861499999, "artdtsch": "Stadt-Linde", "artbot": "Tilia cordata 'Greenspire'", "gattungdeutsch": "Tilia", "strname": "Bornaische Straße", "pflanzjahr": "2013", "standalter": "12", "bezirk": "Lößnig", "standortnr": "33134", "wassermenge": 22, "wassersumme": 22, "anzahlg": 1 }, "geometry": { "type": "Point", "coordinates": [ 12.385547861499999, 51.296742754900002 ] } },
{ "type": "Feature", "properties": { "id": "id-18859", "lat": 51.296113307200002, "lng": 12.3857674098, "artdtsch": "Stadt-Linde", "artbot": "Tilia cordata 'Greenspire'", "gattungdeutsch": "Tilia", "strname": "Bornaische Straße", "pflanzjahr": "2013", "standalter": "12", "bezirk": "Lößnig", "standortnr": "33143", "wassermenge": 108, "wassersumme": 193, "anzahlg": 2 }, "geometry": { "type": "Point", "coordinates": [ 12.3857674098, 51.296113307200002 ] } },
{ "type": "Feature", "properties": { "id": "id-18874", "lat": 51.296349775700001, "lng": 12.3858848058, "artdtsch": "Stadt-Linde", "artbot": "Tilia cordata 'Greenspire'", "gattungdeutsch": "Tilia", "strname": "Bornaische Straße", "pflanzjahr": "2013", "standalter": "12", "bezirk": "Lößnig", "standortnr": "33151", "wassermenge": 114, "wassersumme": 114, "anzahlg": 1 }, "geometry": { "type": "Point", "coordinates": [ 12.3858848058, 51.296349775700001 ] } },
{ "type": "Feature", "properties": { "id": "id-19748", "lat": 51.303487180300003, "lng": 12.393783837499999, "artdtsch": "Baumhasel", "artbot": "Corylus colurna", "gattungdeutsch": "Corylus", "strname": "Probstheidaer Straße", "pflanzjahr": "2011", "standalter": "14", "bezirk": "Marienbrunn", "standortnr": "32896", "wassermenge": 10, "wassersumme": 30, "anzahlg": 3 }, "geometry": { "type": "Point", "coordinates": [ 12.393783837499999, 51.303487180300003 ] } },
{ "type": "Feature", "properties": { "id": "id-19753", "lat": 51.303508015699997, "lng": 12.3940894214, "artdtsch": "Baumhasel", "artbot": "Corylus colurna", "gattungdeutsch": "Corylus", "strname": "Probstheidaer Straße", "pflanzjahr": "2011", "standalter": "14", "bezirk": "Marienbrunn", "standortnr": "32900", "wassermenge": 10, "wassersumme": 30, "anzahlg": 3 }, "geometry": { "type": "Point", "coordinates": [ 12.3940894214, 51.303508015699997 ] } },
{ "type": "Feature", "properties": { "id": "id-1990", "lat": 51.320271207099999, "lng": 12.254679231300001, "artdtsch": "Spitz-Ahorn", "artbot": "Acer platanoides", "gattungdeutsch": "Acer", "strname": "Auenweg", "pflanzjahr": "2012", "standalter": "13", "bezirk": "Miltitz", "standortnr": "51968", "wassermenge": 50, "wassersumme": 100, "anzahlg": 2 }, "geometry": { "type": "Point", "coordinates": [ 12.254679231300001, 51.320271207099999 ] } },
{ "type": "Feature", "properties": { "id": "id-1992", "lat": 51.320254741699998, "lng": 12.254537107499999, "artdtsch": "Spitz-Ahorn", "artbot": "Acer platanoides", "gattungdeutsch": "Acer", "strname": "Auenweg", "pflanzjahr": "2012", "standalter": "13", "bezirk": "Miltitz", "standortnr": "51969", "wassermenge": 50, "wassersumme": 100, "anzahlg": 2 }, "geometry": { "type": "Point", "coordinates": [ 12.254537107499999, 51.320254741699998 ] } },
{ "type": "Feature", "properties": { "id": "id-1994", "lat": 51.3202287262, "lng": 12.254398138199999, "artdtsch": "Spitz-Ahorn", "artbot": "Acer platanoides", "gattungdeutsch": "Acer", "strname": "Auenweg", "pflanzjahr": "2012", "standalter": "13", "bezirk": "Miltitz", "standortnr": "51970", "wassermenge": 50, "wassersumme": 100, "anzahlg": 2 }, "geometry": { "type": "Point", "coordinates": [ 12.254398138199999, 51.3202287262 ] } },
{ "type": "Feature", "properties": { "id": "id-1996", "lat": 51.320204204, "lng": 12.2542844859, "artdtsch": "Spitz-Ahorn", "artbot": "Acer platanoides", "gattungdeutsch": "Acer", "strname": "Auenweg", "pflanzjahr": "2012", "standalter": "13", "bezirk": "Miltitz", "standortnr": "51971", "wassermenge": 50, "wassersumme": 100, "anzahlg": 2 }, "geometry": { "type": "Point", "coordinates": [ 12.2542844859, 51.320204204 ] } },
{ "type": "Feature", "properties": { "id": "id-2041", "lat": 51.320311904199997, "lng": 12.255014688899999, "artdtsch": "Spitz-Ahorn", "artbot": "Acer platanoides", "gattungdeutsch": "Acer", "strname": "Auenweg", "pflanzjahr": "2012", "standalter": "13", "bezirk": "Miltitz", "standortnr": "51966", "wassermenge": 50, "wassersumme": 100, "anzahlg": 2 }, "geometry": { "type": "Point", "coordinates": [ 12.255014688899999, 51.320311904199997 ] } },
{ "type": "Feature", "properties": { "id": "id-2093", "lat": 51.306672934700003, "lng": 12.294850799900001, "artdtsch": "Stadt-Linde", "artbot": "Tilia cordata 'Greenspire'", "gattungdeutsch": "Tilia", "strname": "Rapsweg", "pflanzjahr": "2004", "standalter": "21", "bezirk": "Großzschocher", "standortnr": "51612", "wassermenge": 110, "wassersumme": 430, "anzahlg": 6 }, "geometry": { "type": "Point", "coordinates": [ 12.294850799900001, 51.306672934700003 ] } },
{ "type": "Feature", "properties": { "id": "id-21435", "lat": 51.3197235815, "lng": 12.3828073055, "artdtsch": "Säulen-Ahorn", "artbot": "Acer platanoides 'Columnare'", "gattungdeutsch": "Acer", "strname": "Altenburger Straße", "pflanzjahr": "2018", "standalter": "7", "bezirk": "Südvorstadt", "standortnr": "30650", "wassermenge": 20, "wassersumme": 172, "anzahlg": 9 }, "geometry": { "type": "Point", "coordinates": [ 12.3828073055, 51.3197235815 ] } },
{ "type": "Feature", "properties": { "id": "id-21562", "lat": 51.320374924799999, "lng": 12.3820991866, "artdtsch": "Stadt-Linde", "artbot": "Tilia cordata 'Greenspire'", "gattungdeutsch": "Tilia", "strname": "Kurt-Eisner-Straße", "pflanzjahr": "2010", "standalter": "15", "bezirk": "Südvorstadt", "standortnr": "31584", "wassermenge": 3, "wassersumme": 4, "anzahlg": 2 }, "geometry": { "type": "Point", "coordinates": [ 12.3820991866, 51.320374924799999 ] } },
{ "type": "Feature", "properties": { "id": "id-21564", "lat": 51.320371541599997, "lng": 12.382241479099999, "artdtsch": "Stadt-Linde", "artbot": "Tilia cordata 'Greenspire'", "gattungdeutsch": "Tilia", "strname": "Kurt-Eisner-Straße", "pflanzjahr": "2010", "standalter": "15", "bezirk": "Südvorstadt", "standortnr": "31585", "wassermenge": 1, "wassersumme": 1, "anzahlg": 1 }, "geometry": { "type": "Point", "coordinates": [ 12.382241479099999, 51.320371541599997 ] } },
{ "type": "Feature", "properties": { "id": "id-21566", "lat": 51.320370307200001, "lng": 12.382407475899999, "artdtsch": "Stadt-Linde", "artbot": "Tilia cordata 'Greenspire'", "gattungdeutsch": "Tilia", "strname": "Kurt-Eisner-Straße", "pflanzjahr": "2010", "standalter": "15", "bezirk": "Südvorstadt", "standortnr": "31586", "wassermenge": 1, "wassersumme": 2, "anzahlg": 2 }, "geometry": { "type": "Point", "coordinates": [ 12.382407475899999, 51.320370307200001 ] } },
{ "type": "Feature", "properties": { "id": "id-21567", "lat": 51.3203697334, "lng": 12.3825788894, "artdtsch": "Stadt-Linde", "artbot": "Tilia cordata 'Greenspire'", "gattungdeutsch": "Tilia", "strname": "Kurt-Eisner-Straße", "pflanzjahr": "2010", "standalter": "15", "bezirk": "Südvorstadt", "standortnr": "31587", "wassermenge": 3, "wassersumme": 9, "anzahlg": 5 }, "geometry": { "type": "Point", "coordinates": [ 12.3825788894, 51.3203697334 ] } },
{ "type": "Feature", "properties": { "id": "id-22323", "lat": 51.330609756100003, "lng": 12.3737178659, "artdtsch": "Platane", "artbot": "Platanus x acerifolia", "gattungdeutsch": "Platanus", "strname": "Karl-Liebknecht-Straße", "pflanzjahr": "2015", "standalter": "10", "bezirk": "Zentrum-Süd", "standortnr": "34280", "wassermenge": 20, "wassersumme": 20, "anzahlg": 1 }, "geometry": { "type": "Point", "coordinates": [ 12.3737178659, 51.330609756100003 ] } },
{ "type": "Feature", "properties": { "id": "id-22324", "lat": 51.331589877799999, "lng": 12.3736434569, "artdtsch": "Platane", "artbot": "Platanus x acerifolia", "gattungdeutsch": "Platanus", "strname": "Karl-Liebknecht-Straße", "pflanzjahr": "2015", "standalter": "10", "bezirk": "Zentrum-Süd", "standortnr": "34257", "wassermenge": 55, "wassersumme": 165, "anzahlg": 6 }, "geometry": { "type": "Point", "coordinates": [ 12.3736434569, 51.331589877799999 ] } },
{ "type": "Feature", "properties": { "id": "id-22332", "lat": 51.331702955700003, "lng": 12.3736484778, "artdtsch": "Platane", "artbot": "Platanus x acerifolia", "gattungdeutsch": "Platanus", "strname": "Karl-Liebknecht-Straße", "pflanzjahr": "2015", "standalter": "10", "bezirk": "Zentrum-Süd", "standortnr": "34255", "wassermenge": 60, "wassersumme": 155, "anzahlg": 4 }, "geometry": { "type": "Point", "coordinates": [ 12.3736484778, 51.331702955700003 ] } },
{ "type": "Feature", "properties": { "id": "id-23292", "lat": 51.3263332573, "lng": 12.4000907866, "artdtsch": "Platane", "artbot": "Platanus x acerifolia", "gattungdeutsch": "Platanus", "strname": "Prager Straße", "pflanzjahr": "2011", "standalter": "14", "bezirk": "Reudnitz-Thonberg", "standortnr": "21322", "wassermenge": 20, "wassersumme": 50, "anzahlg": 3 }, "geometry": { "type": "Point", "coordinates": [ 12.4000907866, 51.3263332573 ] } },
{ "type": "Feature", "properties": { "id": "id-25434", "lat": 51.314022338400001, "lng": 12.422122140800001, "artdtsch": "Stadt-Linde", "artbot": "Tilia cordata 'Greenspire'", "gattungdeutsch": "Tilia", "strname": "Kommandant-Prendel-Allee", "pflanzjahr": "2018", "standalter": "7", "bezirk": "Stötteritz", "standortnr": "25991", "wassermenge": 20, "wassersumme": 45, "anzahlg": 3 }, "geometry": { "type": "Point", "coordinates": [ 12.422122140800001, 51.314022338400001 ] } },
{ "type": "Feature", "properties": { "id": "id-25693", "lat": 51.321810860500001, "lng": 12.4158240173, "artdtsch": "Apfel-Dorn", "artbot": "Crataegus x lavallei", "gattungdeutsch": "Crataegus", "strname": "Weißestraße", "pflanzjahr": "2016", "standalter": "9", "bezirk": "Stötteritz", "standortnr": "25341", "wassermenge": 90, "wassersumme": 780, "anzahlg": 13 }, "geometry": { "type": "Point", "coordinates": [ 12.4158240173, 51.321810860500001 ] } },
{ "type": "Feature", "properties": { "id": "id-25787", "lat": 51.322011206, "lng": 12.419797259499999, "artdtsch": "Rotdorn", "artbot": "Crataegus laevigata 'Paul's Scarlet'", "gattungdeutsch": "Crataegus", "strname": "Weißestraße", "pflanzjahr": "2000", "standalter": "25", "bezirk": "Stötteritz", "standortnr": "25396", "wassermenge": 30, "wassersumme": 60, "anzahlg": 2 }, "geometry": { "type": "Point", "coordinates": [ 12.419797259499999, 51.322011206 ] } },
{ "type": "Feature", "properties": { "id": "id-25909", "lat": 51.324120655400002, "lng": 12.415736472100001, "artdtsch": "Chinesische Wildbirne 'Chanticleer'", "artbot": "Pyrus calleryana 'Chanticleer'", "gattungdeutsch": "Pyrus", "strname": "Schwarzackerstraße", "pflanzjahr": "2001", "standalter": "24", "bezirk": "Stötteritz", "standortnr": "26173", "wassermenge": 25, "wassersumme": 101, "anzahlg": 6 }, "geometry": { "type": "Point", "coordinates": [ 12.415736472100001, 51.324120655400002 ] } },
{ "type": "Feature", "properties": { "id": "id-25910", "lat": 51.3240544485, "lng": 12.4157726367, "artdtsch": "Chinesische Wildbirne 'Chanticleer'", "artbot": "Pyrus calleryana 'Chanticleer'", "gattungdeutsch": "Pyrus", "strname": "Schwarzackerstraße", "pflanzjahr": "2001", "standalter": "24", "bezirk": "Stötteritz", "standortnr": "26172", "wassermenge": 10, "wassersumme": 10, "anzahlg": 1 }, "geometry": { "type": "Point", "coordinates": [ 12.4157726367, 51.3240544485 ] } },
{ "type": "Feature", "properties": { "id": "id-2595", "lat": 51.316390300099997, "lng": 12.2637021471, "artdtsch": "Herbst-Flammen-Ahorn", "artbot": "Acer x  freemanii 'Autumn Blaze'", "gattungdeutsch": "Acer", "strname": "Lützner Straße", "pflanzjahr": "2018", "standalter": "7", "bezirk": "Lausen-Grünau", "standortnr": "43866", "wassermenge": 150, "wassersumme": 150, "anzahlg": 1 }, "geometry": { "type": "Point", "coordinates": [ 12.2637021471, 51.316390300099997 ] } },
{ "type": "Feature", "properties": { "id": "id-2596", "lat": 51.3163689621, "lng": 12.2635781196, "artdtsch": "Herbst-Flammen-Ahorn", "artbot": "Acer x  freemanii 'Autumn Blaze'", "gattungdeutsch": "Acer", "strname": "Lützner Straße", "pflanzjahr": "2018", "standalter": "7", "bezirk": "Lausen-Grünau", "standortnr": "43867", "wassermenge": 150, "wassersumme": 150, "anzahlg": 1 }, "geometry": { "type": "Point", "coordinates": [ 12.2635781196, 51.3163689621 ] } },
{ "type": "Feature", "properties": { "id": "id-2599", "lat": 51.316266619499999, "lng": 12.262967054100001, "artdtsch": "Herbst-Flammen-Ahorn", "artbot": "Acer x  freemanii 'Autumn Blaze'", "gattungdeutsch": "Acer", "strname": "Lützner Straße", "pflanzjahr": "2018", "standalter": "7", "bezirk": "Lausen-Grünau", "standortnr": "43874", "wassermenge": 200, "wassersumme": 200, "anzahlg": 1 }, "geometry": { "type": "Point", "coordinates": [ 12.262967054100001, 51.316266619499999 ] } },
{ "type": "Feature", "properties": { "id": "id-2663", "lat": 51.321749402999998, "lng": 12.255952135499999, "artdtsch": "Winter-Linde 'Rancho'", "artbot": "Tilia cordata 'Rancho'", "gattungdeutsch": "Tilia", "strname": "Geschwister-Scholl-Straße", "pflanzjahr": "2010", "standalter": "15", "bezirk": "Miltitz", "standortnr": "52084", "wassermenge": 50, "wassersumme": 100, "anzahlg": 2 }, "geometry": { "type": "Point", "coordinates": [ 12.255952135499999, 51.321749403 ] } },
{ "type": "Feature", "properties": { "id": "id-27692", "lat": 51.332829625000002, "lng": 12.373483417899999, "artdtsch": "Ungarische Eiche", "artbot": "Quercus frainetto", "gattungdeutsch": "Quercus", "strname": "Peterssteinweg", "pflanzjahr": "2015", "standalter": "10", "bezirk": "Zentrum-Süd", "standortnr": "38860", "wassermenge": 100, "wassersumme": 569, "anzahlg": 8 }, "geometry": { "type": "Point", "coordinates": [ 12.373483417899999, 51.332829625 ] } },
{ "type": "Feature", "properties": { "id": "id-27693", "lat": 51.332387184399998, "lng": 12.3730294685, "artdtsch": "Säulen-Hainbuche 'Frans Fontaine'", "artbot": "Carpinus betulus 'Frans Fontaine'", "gattungdeutsch": "Carpinus", "strname": "Münzgasse", "pflanzjahr": "2002", "standalter": "23", "bezirk": "Zentrum-Süd", "standortnr": "38863", "wassermenge": 70, "wassersumme": 70, "anzahlg": 1 }, "geometry": { "type": "Point", "coordinates": [ 12.3730294685, 51.332387184399998 ] } },
{ "type": "Feature", "properties": { "id": "id-27695", "lat": 51.331774034, "lng": 12.372431239599999, "artdtsch": "Säulen-Hainbuche 'Frans Fontaine'", "artbot": "Carpinus betulus 'Frans Fontaine'", "gattungdeutsch": "Carpinus", "strname": "Münzgasse", "pflanzjahr": "2002", "standalter": "23", "bezirk": "Zentrum-Süd", "standortnr": "38865", "wassermenge": 35, "wassersumme": 35, "anzahlg": 1 }, "geometry": { "type": "Point", "coordinates": [ 12.372431239599999, 51.331774034 ] } },
{ "type": "Feature", "properties": { "id": "id-27696", "lat": 51.33161329, "lng": 12.3722860954, "artdtsch": "Säulen-Hainbuche 'Frans Fontaine'", "artbot": "Carpinus betulus 'Frans Fontaine'", "gattungdeutsch": "Carpinus", "strname": "Münzgasse", "pflanzjahr": "2002", "standalter": "23", "bezirk": "Zentrum-Süd", "standortnr": "38866", "wassermenge": 35, "wassersumme": 35, "anzahlg": 1 }, "geometry": { "type": "Point", "coordinates": [ 12.3722860954, 51.33161329 ] } },
{ "type": "Feature", "properties": { "id": "id-27698", "lat": 51.331511232300002, "lng": 12.372203063200001, "artdtsch": "Säulen-Hainbuche 'Frans Fontaine'", "artbot": "Carpinus betulus 'Frans Fontaine'", "gattungdeutsch": "Carpinus", "strname": "Münzgasse", "pflanzjahr": "2002", "standalter": "23", "bezirk": "Zentrum-Süd", "standortnr": "38867", "wassermenge": 35, "wassersumme": 35, "anzahlg": 1 }, "geometry": { "type": "Point", "coordinates": [ 12.372203063200001, 51.331511232300002 ] } },
{ "type": "Feature", "properties": { "id": "id-27707", "lat": 51.331692890699998, "lng": 12.373833254499999, "artdtsch": "Platane", "artbot": "Platanus x acerifolia", "gattungdeutsch": "Platanus", "strname": "Karl-Liebknecht-Straße", "pflanzjahr": "2015", "standalter": "10", "bezirk": "Zentrum-Süd", "standortnr": "38861", "wassermenge": 55, "wassersumme": 85, "anzahlg": 3 }, "geometry": { "type": "Point", "coordinates": [ 12.373833254499999, 51.331692890699998 ] } },
{ "type": "Feature", "properties": { "id": "id-27726", "lat": 51.330756064299997, "lng": 12.3737407997, "artdtsch": "Platane", "artbot": "Platanus x acerifolia", "gattungdeutsch": "Platanus", "strname": "Karl-Liebknecht-Straße", "pflanzjahr": "2015", "standalter": "10", "bezirk": "Zentrum-Süd", "standortnr": "34279", "wassermenge": 100, "wassersumme": 100, "anzahlg": 1 }, "geometry": { "type": "Point", "coordinates": [ 12.3737407997, 51.330756064299997 ] } },
{ "type": "Feature", "properties": { "id": "id-27728", "lat": 51.330904730500002, "lng": 12.3737646038, "artdtsch": "Platane", "artbot": "Platanus x acerifolia", "gattungdeutsch": "Platanus", "strname": "Karl-Liebknecht-Straße", "pflanzjahr": "2015", "standalter": "10", "bezirk": "Zentrum-Süd", "standortnr": "34277", "wassermenge": 60, "wassersumme": 100, "anzahlg": 3 }, "geometry": { "type": "Point", "coordinates": [ 12.3737646038, 51.330904730500002 ] } },
{ "type": "Feature", "properties": { "id": "id-27729", "lat": 51.331407141900002, "lng": 12.3738248956, "artdtsch": "Platane", "artbot": "Platanus x acerifolia", "gattungdeutsch": "Platanus", "strname": "Karl-Liebknecht-Straße", "pflanzjahr": "2015", "standalter": "10", "bezirk": "Zentrum-Süd", "standortnr": "34274", "wassermenge": 60, "wassersumme": 210, "anzahlg": 4 }, "geometry": { "type": "Point", "coordinates": [ 12.3738248956, 51.331407141900002 ] } },
{ "type": "Feature", "properties": { "id": "id-27730", "lat": 51.331442091600003, "lng": 12.3736348211, "artdtsch": "Platane", "artbot": "Platanus x acerifolia", "gattungdeutsch": "Platanus", "strname": "Karl-Liebknecht-Straße", "pflanzjahr": "2015", "standalter": "10", "bezirk": "Zentrum-Süd", "standortnr": "34273", "wassermenge": 50, "wassersumme": 135, "anzahlg": 3 }, "geometry": { "type": "Point", "coordinates": [ 12.3736348211, 51.331442091600003 ] } },
{ "type": "Feature", "properties": { "id": "id-27731", "lat": 51.3310358974, "lng": 12.373593724299999, "artdtsch": "Platane", "artbot": "Platanus x acerifolia", "gattungdeutsch": "Platanus", "strname": "Karl-Liebknecht-Straße", "pflanzjahr": "2015", "standalter": "10", "bezirk": "Zentrum-Süd", "standortnr": "34271", "wassermenge": 100, "wassersumme": 100, "anzahlg": 1 }, "geometry": { "type": "Point", "coordinates": [ 12.373593724299999, 51.3310358974 ] } },
{ "type": "Feature", "properties": { "id": "id-27766", "lat": 51.331556006, "lng": 12.373833470399999, "artdtsch": "Platane", "artbot": "Platanus x acerifolia", "gattungdeutsch": "Platanus", "strname": "Karl-Liebknecht-Straße", "pflanzjahr": "2015", "standalter": "10", "bezirk": "Zentrum-Süd", "standortnr": "38862", "wassermenge": 35, "wassersumme": 85, "anzahlg": 4 }, "geometry": { "type": "Point", "coordinates": [ 12.373833470399999, 51.331556006 ] } },
{ "type": "Feature", "properties": { "id": "id-28274", "lat": 51.334040983800001, "lng": 12.3983650802, "artdtsch": "Ulme Rebona", "artbot": "Ulmus 'Rebona'", "gattungdeutsch": "Ulmus", "strname": "Eilenburger Straße", "pflanzjahr": "2018", "standalter": "7", "bezirk": "Reudnitz-Thonberg", "standortnr": "22427", "wassermenge": 8, "wassersumme": 8, "anzahlg": 1 }, "geometry": { "type": "Point", "coordinates": [ 12.3983650802, 51.334040983800001 ] } },
{ "type": "Feature", "properties": { "id": "id-28276", "lat": 51.334019338600001, "lng": 12.3984992201, "artdtsch": "Ulme Rebona", "artbot": "Ulmus 'Rebona'", "gattungdeutsch": "Ulmus", "strname": "Eilenburger Straße", "pflanzjahr": "2018", "standalter": "7", "bezirk": "Reudnitz-Thonberg", "standortnr": "22428", "wassermenge": 8, "wassersumme": 8, "anzahlg": 1 }, "geometry": { "type": "Point", "coordinates": [ 12.3984992201, 51.334019338600001 ] } },
{ "type": "Feature", "properties": { "id": "id-28282", "lat": 51.334096612000003, "lng": 12.3977669565, "artdtsch": "Rosskastanie", "artbot": "Aesculus hippocastanum", "gattungdeutsch": "Aesculus", "strname": "Eilenburger Straße", "pflanzjahr": "1970", "standalter": "55", "bezirk": "Reudnitz-Thonberg", "standortnr": "22422", "wassermenge": 120, "wassersumme": 240, "anzahlg": 2 }, "geometry": { "type": "Point", "coordinates": [ 12.3977669565, 51.334096612 ] } },
{ "type": "Feature", "properties": { "id": "id-28432", "lat": 51.3337232664, "lng": 12.397091186100001, "artdtsch": "Gefülltblühende Rosskastanie", "artbot": "Aesculus hippocastanum 'Baumannii'", "gattungdeutsch": "Aesculus", "strname": "Johannisallee", "pflanzjahr": "2003", "standalter": "22", "bezirk": "Reudnitz-Thonberg", "standortnr": "22376", "wassermenge": 80, "wassersumme": 80, "anzahlg": 1 }, "geometry": { "type": "Point", "coordinates": [ 12.397091186100001, 51.3337232664 ] } },
{ "type": "Feature", "properties": { "id": "id-28442", "lat": 51.3337374647, "lng": 12.3968600848, "artdtsch": "Gefülltblühende Rosskastanie", "artbot": "Aesculus hippocastanum 'Baumannii'", "gattungdeutsch": "Aesculus", "strname": "Johannisallee", "pflanzjahr": "2010", "standalter": "15", "bezirk": "Reudnitz-Thonberg", "standortnr": "22369", "wassermenge": 7, "wassersumme": 7, "anzahlg": 1 }, "geometry": { "type": "Point", "coordinates": [ 12.3968600848, 51.3337374647 ] } },
{ "type": "Feature", "properties": { "id": "id-28473", "lat": 51.334202614200002, "lng": 12.4019278689, "artdtsch": "Gefülltblühende Rosskastanie", "artbot": "Aesculus hippocastanum 'Baumannii'", "gattungdeutsch": "Aesculus", "strname": "Reichpietschstraße", "pflanzjahr": "1999", "standalter": "26", "bezirk": "Reudnitz-Thonberg", "standortnr": "22203", "wassermenge": 15, "wassersumme": 390, "anzahlg": 62 }, "geometry": { "type": "Point", "coordinates": [ 12.4019278689, 51.334202614200002 ] } },
{ "type": "Feature", "properties": { "id": "id-28474", "lat": 51.334180119499997, "lng": 12.4020692731, "artdtsch": "Berg-Ahorn", "artbot": "Acer pseudoplatanus", "gattungdeutsch": "Acer", "strname": "Reichpietschstraße", "pflanzjahr": "1960", "standalter": "65", "bezirk": "Reudnitz-Thonberg", "standortnr": "22204", "wassermenge": 10, "wassersumme": 366, "anzahlg": 60 }, "geometry": { "type": "Point", "coordinates": [ 12.4020692731, 51.334180119499997 ] } },
{ "type": "Feature", "properties": { "id": "id-28475", "lat": 51.3341492805, "lng": 12.402227804100001, "artdtsch": "Berg-Ahorn", "artbot": "Acer pseudoplatanus", "gattungdeutsch": "Acer", "strname": "Reichpietschstraße", "pflanzjahr": "1960", "standalter": "65", "bezirk": "Reudnitz-Thonberg", "standortnr": "22205", "wassermenge": 10, "wassersumme": 390, "anzahlg": 65 }, "geometry": { "type": "Point", "coordinates": [ 12.402227804100001, 51.3341492805 ] } },
{ "type": "Feature", "properties": { "id": "id-28476", "lat": 51.334119320500001, "lng": 12.4023854236, "artdtsch": "Berg-Ahorn", "artbot": "Acer pseudoplatanus", "gattungdeutsch": "Acer", "strname": "Reichpietschstraße", "pflanzjahr": "1960", "standalter": "65", "bezirk": "Reudnitz-Thonberg", "standortnr": "22206", "wassermenge": 10, "wassersumme": 389, "anzahlg": 65 }, "geometry": { "type": "Point", "coordinates": [ 12.4023854236, 51.334119320500001 ] } },
{ "type": "Feature", "properties": { "id": "id-28810", "lat": 51.338539358299997, "lng": 12.3982797252, "artdtsch": "Stadt-Linde", "artbot": "Tilia cordata 'Greenspire'", "gattungdeutsch": "Tilia", "strname": "Crusiusstraße", "pflanzjahr": "2010", "standalter": "15", "bezirk": "Reudnitz-Thonberg", "standortnr": "21833", "wassermenge": 80, "wassersumme": 80, "anzahlg": 1 }, "geometry": { "type": "Point", "coordinates": [ 12.3982797252, 51.338539358299997 ] } },
{ "type": "Feature", "properties": { "id": "id-28883", "lat": 51.339201761600002, "lng": 12.4003280408, "artdtsch": "Stadt-Linde", "artbot": "Tilia cordata 'Greenspire'", "gattungdeutsch": "Tilia", "strname": "Dresdner Straße", "pflanzjahr": "2018", "standalter": "7", "bezirk": "Reudnitz-Thonberg", "standortnr": "5958", "wassermenge": 10, "wassersumme": 10, "anzahlg": 1 }, "geometry": { "type": "Point", "coordinates": [ 12.4003280408, 51.339201761600002 ] } },
{ "type": "Feature", "properties": { "id": "id-29022", "lat": 51.339084428100001, "lng": 12.398426903400001, "artdtsch": "Stadt-Linde", "artbot": "Tilia cordata 'Greenspire'", "gattungdeutsch": "Tilia", "strname": "Crusiusstraße", "pflanzjahr": "2018", "standalter": "7", "bezirk": "Reudnitz-Thonberg", "standortnr": "21825", "wassermenge": 80, "wassersumme": 314, "anzahlg": 8 }, "geometry": { "type": "Point", "coordinates": [ 12.398426903400001, 51.339084428100001 ] } },
{ "type": "Feature", "properties": { "id": "id-29026", "lat": 51.338948972300003, "lng": 12.3983902062, "artdtsch": "Stadt-Linde", "artbot": "Tilia cordata 'Greenspire'", "gattungdeutsch": "Tilia", "strname": "Crusiusstraße", "pflanzjahr": "2018", "standalter": "7", "bezirk": "Reudnitz-Thonberg", "standortnr": "21827", "wassermenge": 100, "wassersumme": 276, "anzahlg": 6 }, "geometry": { "type": "Point", "coordinates": [ 12.3983902062, 51.338948972300003 ] } },
{ "type": "Feature", "properties": { "id": "id-29041", "lat": 51.339163811900001, "lng": 12.3989030139, "artdtsch": "Stadt-Linde", "artbot": "Tilia cordata 'Greenspire'", "gattungdeutsch": "Tilia", "strname": "Dresdner Straße", "pflanzjahr": "2018", "standalter": "7", "bezirk": "Reudnitz-Thonberg", "standortnr": "5938", "wassermenge": 88, "wassersumme": 168, "anzahlg": 3 }, "geometry": { "type": "Point", "coordinates": [ 12.3989030139, 51.339163811900001 ] } },
{ "type": "Feature", "properties": { "id": "id-29076", "lat": 51.347989869000003, "lng": 12.371831049400001, "artdtsch": "Stadt-Linde", "artbot": "Tilia cordata 'Greenspire'", "gattungdeutsch": "Tilia", "strname": "Parthenstraße", "pflanzjahr": "2015", "standalter": "10", "bezirk": "Zentrum-Nord", "standortnr": "12943", "wassermenge": 80, "wassersumme": 195, "anzahlg": 3 }, "geometry": { "type": "Point", "coordinates": [ 12.371831049400001, 51.347989869 ] } },
{ "type": "Feature", "properties": { "id": "id-29080", "lat": 51.348147917799999, "lng": 12.3718441199, "artdtsch": "Stadt-Linde", "artbot": "Tilia cordata 'Greenspire'", "gattungdeutsch": "Tilia", "strname": "Parthenstraße", "pflanzjahr": "2015", "standalter": "10", "bezirk": "Zentrum-Nord", "standortnr": "12927", "wassermenge": 60, "wassersumme": 180, "anzahlg": 3 }, "geometry": { "type": "Point", "coordinates": [ 12.3718441199, 51.348147917799999 ] } },
{ "type": "Feature", "properties": { "id": "id-29099", "lat": 51.3477559695, "lng": 12.373017987400001, "artdtsch": "Stadt-Linde", "artbot": "Tilia cordata 'Greenspire'", "gattungdeutsch": "Tilia", "strname": "Parthenstraße", "pflanzjahr": "2012", "standalter": "13", "bezirk": "Zentrum-Nord", "standortnr": "12930", "wassermenge": 90, "wassersumme": 300, "anzahlg": 7 }, "geometry": { "type": "Point", "coordinates": [ 12.373017987400001, 51.3477559695 ] } },
{ "type": "Feature", "properties": { "id": "id-29122", "lat": 51.348018169299998, "lng": 12.3717415328, "artdtsch": "Stadt-Linde", "artbot": "Tilia cordata 'Greenspire'", "gattungdeutsch": "Tilia", "strname": "Parthenstraße", "pflanzjahr": "2011", "standalter": "14", "bezirk": "Zentrum-Nord", "standortnr": "12944", "wassermenge": 80, "wassersumme": 195, "anzahlg": 3 }, "geometry": { "type": "Point", "coordinates": [ 12.3717415328, 51.348018169299998 ] } },
{ "type": "Feature", "properties": { "id": "id-29301", "lat": 51.349374094600002, "lng": 12.372269723700001, "artdtsch": "Platane", "artbot": "Platanus x acerifolia", "gattungdeutsch": "Platanus", "strname": "Pfaffendorfer Straße", "pflanzjahr": "1997", "standalter": "28", "bezirk": "Zentrum-Nord", "standortnr": "13146", "wassermenge": 10, "wassersumme": 110, "anzahlg": 20 }, "geometry": { "type": "Point", "coordinates": [ 12.372269723700001, 51.349374094600002 ] } },
{ "type": "Feature", "properties": { "id": "id-29584", "lat": 51.342389792, "lng": 12.3948586488, "artdtsch": "Amur-Traubenkirsche  'Amber Beauty'", "artbot": "Prunus maackii 'Amber Beauty'", "gattungdeutsch": "Prunus", "strname": "Ludwig-Erhard-Straße", "pflanzjahr": "2020", "standalter": "5", "bezirk": "Zentrum-Ost", "standortnr": "9404", "wassermenge": 26, "wassersumme": 26, "anzahlg": 1 }, "geometry": { "type": "Point", "coordinates": [ 12.3948586488, 51.342389792 ] } },
{ "type": "Feature", "properties": { "id": "id-29696", "lat": 51.3449862545, "lng": 12.4000486693, "artdtsch": "Gefülltblühende Rosskastanie", "artbot": "Aesculus hippocastanum 'Baumannii'", "gattungdeutsch": "Aesculus", "strname": "Lorenzstraße", "pflanzjahr": "2018", "standalter": "7", "bezirk": "Neustadt-Neuschönefeld", "standortnr": "41589", "wassermenge": 120, "wassersumme": 370, "anzahlg": 4 }, "geometry": { "type": "Point", "coordinates": [ 12.4000486693, 51.3449862545 ] } },
{ "type": "Feature", "properties": { "id": "id-29875", "lat": 51.346012203999997, "lng": 12.395921248100001, "artdtsch": "Säulen-Hainbuche 'Frans Fontaine'", "artbot": "Carpinus betulus 'Frans Fontaine'", "gattungdeutsch": "Carpinus", "strname": "Eisenbahnstraße", "pflanzjahr": "2015", "standalter": "10", "bezirk": "Neustadt-Neuschönefeld", "standortnr": "8757", "wassermenge": 44, "wassersumme": 44, "anzahlg": 1 }, "geometry": { "type": "Point", "coordinates": [ 12.395921248100001, 51.346012204 ] } },
{ "type": "Feature", "properties": { "id": "id-29918", "lat": 51.347294291399997, "lng": 12.397296068199999, "artdtsch": "Robinie 'Sandraudiga'", "artbot": "Robinia pseudoacacia 'Sandraudiga'", "gattungdeutsch": "Robinia", "strname": "Rosa-Luxemburg-Straße", "pflanzjahr": "2018", "standalter": "7", "bezirk": "Neustadt-Neuschönefeld", "standortnr": "9169", "wassermenge": 20, "wassersumme": 70, "anzahlg": 6 }, "geometry": { "type": "Point", "coordinates": [ 12.397296068199999, 51.347294291399997 ] } },
{ "type": "Feature", "properties": { "id": "id-29919", "lat": 51.347325869800002, "lng": 12.3973814549, "artdtsch": "Robinie 'Sandraudiga'", "artbot": "Robinia pseudoacacia 'Sandraudiga'", "gattungdeutsch": "Robinia", "strname": "Rosa-Luxemburg-Straße", "pflanzjahr": "2018", "standalter": "7", "bezirk": "Neustadt-Neuschönefeld", "standortnr": "9170", "wassermenge": 40, "wassersumme": 145, "anzahlg": 10 }, "geometry": { "type": "Point", "coordinates": [ 12.3973814549, 51.347325869800002 ] } },
{ "type": "Feature", "properties": { "id": "id-29920", "lat": 51.347352573099997, "lng": 12.3974579264, "artdtsch": "Robinie 'Sandraudiga'", "artbot": "Robinia pseudoacacia 'Sandraudiga'", "gattungdeutsch": "Robinia", "strname": "Rosa-Luxemburg-Straße", "pflanzjahr": "2018", "standalter": "7", "bezirk": "Neustadt-Neuschönefeld", "standortnr": "9171", "wassermenge": 60, "wassersumme": 240, "anzahlg": 10 }, "geometry": { "type": "Point", "coordinates": [ 12.3974579264, 51.347352573099997 ] } },
{ "type": "Feature", "properties": { "id": "id-29921", "lat": 51.347437155999998, "lng": 12.3976781835, "artdtsch": "Robinie 'Sandraudiga'", "artbot": "Robinia pseudoacacia 'Sandraudiga'", "gattungdeutsch": "Robinia", "strname": "Rosa-Luxemburg-Straße", "pflanzjahr": "2018", "standalter": "7", "bezirk": "Neustadt-Neuschönefeld", "standortnr": "9172", "wassermenge": 60, "wassersumme": 235, "anzahlg": 10 }, "geometry": { "type": "Point", "coordinates": [ 12.3976781835, 51.347437156 ] } },
{ "type": "Feature", "properties": { "id": "id-29922", "lat": 51.3474827426, "lng": 12.3977949475, "artdtsch": "Robinie 'Sandraudiga'", "artbot": "Robinia pseudoacacia 'Sandraudiga'", "gattungdeutsch": "Robinia", "strname": "Rosa-Luxemburg-Straße", "pflanzjahr": "2018", "standalter": "7", "bezirk": "Neustadt-Neuschönefeld", "standortnr": "9173", "wassermenge": 40, "wassersumme": 120, "anzahlg": 8 }, "geometry": { "type": "Point", "coordinates": [ 12.3977949475, 51.3474827426 ] } },
{ "type": "Feature", "properties": { "id": "id-29923", "lat": 51.347520250800002, "lng": 12.3978922064, "artdtsch": "Robinie 'Sandraudiga'", "artbot": "Robinia pseudoacacia 'Sandraudiga'", "gattungdeutsch": "Robinia", "strname": "Rosa-Luxemburg-Straße", "pflanzjahr": "2018", "standalter": "7", "bezirk": "Neustadt-Neuschönefeld", "standortnr": "9174", "wassermenge": 20, "wassersumme": 60, "anzahlg": 5 }, "geometry": { "type": "Point", "coordinates": [ 12.3978922064, 51.347520250800002 ] } },
{ "type": "Feature", "properties": { "id": "id-29935", "lat": 51.346990175400002, "lng": 12.3976508097, "artdtsch": "Zierkirsche", "artbot": "Prunus x schmittii", "gattungdeutsch": "Prunus", "strname": "Bussestraße", "pflanzjahr": "2003", "standalter": "22", "bezirk": "Neustadt-Neuschönefeld", "standortnr": "9561", "wassermenge": 20, "wassersumme": 20, "anzahlg": 1 }, "geometry": { "type": "Point", "coordinates": [ 12.3976508097, 51.346990175400002 ] } },
{ "type": "Feature", "properties": { "id": "id-29936", "lat": 51.3469968327, "lng": 12.397529506, "artdtsch": "Zierkirsche", "artbot": "Prunus x schmittii", "gattungdeutsch": "Prunus", "strname": "Bussestraße", "pflanzjahr": "2008", "standalter": "17", "bezirk": "Neustadt-Neuschönefeld", "standortnr": "9563", "wassermenge": 20, "wassersumme": 110, "anzahlg": 8 }, "geometry": { "type": "Point", "coordinates": [ 12.397529506, 51.3469968327 ] } },
{ "type": "Feature", "properties": { "id": "id-30016", "lat": 51.347816116899999, "lng": 12.3993599001, "artdtsch": "Chinesische Wildbirne 'Chanticleer'", "artbot": "Pyrus calleryana 'Chanticleer'", "gattungdeutsch": "Pyrus", "strname": "Meißner Straße", "pflanzjahr": "2013", "standalter": "12", "bezirk": "Neustadt-Neuschönefeld", "standortnr": "8109", "wassermenge": 30, "wassersumme": 70, "anzahlg": 4 }, "geometry": { "type": "Point", "coordinates": [ 12.3993599001, 51.347816116899999 ] } },
{ "type": "Feature", "properties": { "id": "id-30020", "lat": 51.347791219900003, "lng": 12.399834396, "artdtsch": "Chinesische Wildbirne 'Chanticleer'", "artbot": "Pyrus calleryana 'Chanticleer'", "gattungdeutsch": "Pyrus", "strname": "Meißner Straße", "pflanzjahr": "2013", "standalter": "12", "bezirk": "Neustadt-Neuschönefeld", "standortnr": "8111", "wassermenge": 30, "wassersumme": 70, "anzahlg": 4 }, "geometry": { "type": "Point", "coordinates": [ 12.399834396, 51.347791219900003 ] } },
{ "type": "Feature", "properties": { "id": "id-30023", "lat": 51.347314875400002, "lng": 12.3975018563, "artdtsch": "Säulen-Hainbuche 'Frans Fontaine'", "artbot": "Carpinus betulus 'Frans Fontaine'", "gattungdeutsch": "Carpinus", "strname": "Mariannenstraße", "pflanzjahr": "2018", "standalter": "7", "bezirk": "Neustadt-Neuschönefeld", "standortnr": "8204", "wassermenge": 45, "wassersumme": 270, "anzahlg": 16 }, "geometry": { "type": "Point", "coordinates": [ 12.3975018563, 51.347314875400002 ] } },
{ "type": "Feature", "properties": { "id": "id-30025", "lat": 51.3472909376, "lng": 12.3977763764, "artdtsch": "Säulen-Hainbuche 'Frans Fontaine'", "artbot": "Carpinus betulus 'Frans Fontaine'", "gattungdeutsch": "Carpinus", "strname": "Mariannenstraße", "pflanzjahr": "1999", "standalter": "26", "bezirk": "Neustadt-Neuschönefeld", "standortnr": "8205", "wassermenge": 20, "wassersumme": 115, "anzahlg": 8 }, "geometry": { "type": "Point", "coordinates": [ 12.3977763764, 51.3472909376 ] } },
{ "type": "Feature", "properties": { "id": "id-30026", "lat": 51.347876707099999, "lng": 12.3996379646, "artdtsch": "Chinesische Wildbirne 'Chanticleer'", "artbot": "Pyrus calleryana 'Chanticleer'", "gattungdeutsch": "Pyrus", "strname": "Meißner Straße", "pflanzjahr": "2013", "standalter": "12", "bezirk": "Neustadt-Neuschönefeld", "standortnr": "8116", "wassermenge": 30, "wassersumme": 70, "anzahlg": 4 }, "geometry": { "type": "Point", "coordinates": [ 12.3996379646, 51.347876707099999 ] } },
{ "type": "Feature", "properties": { "id": "id-30028", "lat": 51.347282314700003, "lng": 12.397934702200001, "artdtsch": "Säulen-Hainbuche 'Frans Fontaine'", "artbot": "Carpinus betulus 'Frans Fontaine'", "gattungdeutsch": "Carpinus", "strname": "Mariannenstraße", "pflanzjahr": "1999", "standalter": "26", "bezirk": "Neustadt-Neuschönefeld", "standortnr": "8206", "wassermenge": 20, "wassersumme": 109, "anzahlg": 8 }, "geometry": { "type": "Point", "coordinates": [ 12.397934702200001, 51.347282314700003 ] } },
{ "type": "Feature", "properties": { "id": "id-30032", "lat": 51.347272261500002, "lng": 12.398133896799999, "artdtsch": "Säulen-Hainbuche 'Frans Fontaine'", "artbot": "Carpinus betulus 'Frans Fontaine'", "gattungdeutsch": "Carpinus", "strname": "Mariannenstraße", "pflanzjahr": "2001", "standalter": "24", "bezirk": "Neustadt-Neuschönefeld", "standortnr": "8207", "wassermenge": 10, "wassersumme": 15, "anzahlg": 2 }, "geometry": { "type": "Point", "coordinates": [ 12.398133896799999, 51.347272261500002 ] } },
{ "type": "Feature", "properties": { "id": "id-30047", "lat": 51.347386979299998, "lng": 12.3977024043, "artdtsch": "Säulen-Hainbuche 'Frans Fontaine'", "artbot": "Carpinus betulus 'Frans Fontaine'", "gattungdeutsch": "Carpinus", "strname": "Mariannenstraße", "pflanzjahr": "2020", "standalter": "5", "bezirk": "Neustadt-Neuschönefeld", "standortnr": "8210", "wassermenge": 50, "wassersumme": 130, "anzahlg": 6 }, "geometry": { "type": "Point", "coordinates": [ 12.3977024043, 51.347386979299998 ] } },
{ "type": "Feature", "properties": { "id": "id-30056", "lat": 51.347220258, "lng": 12.399064045799999, "artdtsch": "Säulen-Hainbuche 'Frans Fontaine'", "artbot": "Carpinus betulus 'Frans Fontaine'", "gattungdeutsch": "Carpinus", "strname": "Mariannenstraße", "pflanzjahr": "2018", "standalter": "7", "bezirk": "Neustadt-Neuschönefeld", "standortnr": "8217", "wassermenge": 80, "wassersumme": 420, "anzahlg": 12 }, "geometry": { "type": "Point", "coordinates": [ 12.399064045799999, 51.347220258 ] } },
{ "type": "Feature", "properties": { "id": "id-30304", "lat": 51.332938875000004, "lng": 12.4065886797, "artdtsch": "Kegelförmiger Spitz-Ahorn", "artbot": "Acer platanoides 'Emerald Queen'", "gattungdeutsch": "Acer", "strname": "Riebeckstraße", "pflanzjahr": "1996", "standalter": "29", "bezirk": "Reudnitz-Thonberg", "standortnr": "22121", "wassermenge": 40, "wassersumme": 90, "anzahlg": 3 }, "geometry": { "type": "Point", "coordinates": [ 12.4065886797, 51.332938875 ] } },
{ "type": "Feature", "properties": { "id": "id-30305", "lat": 51.332586640400002, "lng": 12.4063924881, "artdtsch": "Kegelförmiger Spitz-Ahorn", "artbot": "Acer platanoides 'Emerald Queen'", "gattungdeutsch": "Acer", "strname": "Riebeckstraße", "pflanzjahr": "1996", "standalter": "29", "bezirk": "Reudnitz-Thonberg", "standortnr": "22126", "wassermenge": 20, "wassersumme": 20, "anzahlg": 1 }, "geometry": { "type": "Point", "coordinates": [ 12.4063924881, 51.332586640400002 ] } },
{ "type": "Feature", "properties": { "id": "id-30340", "lat": 51.332811501800002, "lng": 12.4047872669, "artdtsch": "Gefülltblühende Rosskastanie", "artbot": "Aesculus hippocastanum 'Baumannii'", "gattungdeutsch": "Aesculus", "strname": "Eilenburger Straße", "pflanzjahr": "2005", "standalter": "20", "bezirk": "Reudnitz-Thonberg", "standortnr": "22472", "wassermenge": 2, "wassersumme": 2, "anzahlg": 1 }, "geometry": { "type": "Point", "coordinates": [ 12.4047872669, 51.332811501800002 ] } },
{ "type": "Feature", "properties": { "id": "id-30645", "lat": 51.341744498099999, "lng": 12.405990192699999, "artdtsch": "Kaiser-Linde", "artbot": "Tilia x vulgaris 'Pallida'", "gattungdeutsch": "Tilia", "strname": "Hermann-Liebmann-Straße", "pflanzjahr": "2011", "standalter": "14", "bezirk": "Neustadt-Neuschönefeld", "standortnr": "9041", "wassermenge": 40, "wassersumme": 640, "anzahlg": 16 }, "geometry": { "type": "Point", "coordinates": [ 12.405990192699999, 51.341744498099999 ] } },
{ "type": "Feature", "properties": { "id": "id-30646", "lat": 51.341794455100001, "lng": 12.4059717183, "artdtsch": "Kaiser-Linde", "artbot": "Tilia x vulgaris 'Pallida'", "gattungdeutsch": "Tilia", "strname": "Hermann-Liebmann-Straße", "pflanzjahr": "2011", "standalter": "14", "bezirk": "Neustadt-Neuschönefeld", "standortnr": "9042", "wassermenge": 40, "wassersumme": 640, "anzahlg": 16 }, "geometry": { "type": "Point", "coordinates": [ 12.4059717183, 51.341794455100001 ] } },
{ "type": "Feature", "properties": { "id": "id-30647", "lat": 51.341862801300003, "lng": 12.405951056299999, "artdtsch": "Kaiser-Linde", "artbot": "Tilia x vulgaris 'Pallida'", "gattungdeutsch": "Tilia", "strname": "Hermann-Liebmann-Straße", "pflanzjahr": "2011", "standalter": "14", "bezirk": "Neustadt-Neuschönefeld", "standortnr": "9043", "wassermenge": 40, "wassersumme": 680, "anzahlg": 17 }, "geometry": { "type": "Point", "coordinates": [ 12.405951056299999, 51.341862801300003 ] } },
{ "type": "Feature", "properties": { "id": "id-30648", "lat": 51.3417587486, "lng": 12.4058824047, "artdtsch": "Amberbaum", "artbot": "Liquidambar styraciflua", "gattungdeutsch": "Liquidambar", "strname": "Hermann-Liebmann-Straße", "pflanzjahr": "2011", "standalter": "14", "bezirk": "Neustadt-Neuschönefeld", "standortnr": "9046", "wassermenge": 60, "wassersumme": 660, "anzahlg": 16 }, "geometry": { "type": "Point", "coordinates": [ 12.4058824047, 51.3417587486 ] } },
{ "type": "Feature", "properties": { "id": "id-30650", "lat": 51.341877899899998, "lng": 12.4058531286, "artdtsch": "Amberbaum", "artbot": "Liquidambar styraciflua", "gattungdeutsch": "Liquidambar", "strname": "Hermann-Liebmann-Straße", "pflanzjahr": "2011", "standalter": "14", "bezirk": "Neustadt-Neuschönefeld", "standortnr": "9047", "wassermenge": 40, "wassersumme": 600, "anzahlg": 15 }, "geometry": { "type": "Point", "coordinates": [ 12.4058531286, 51.341877899899998 ] } },
{ "type": "Feature", "properties": { "id": "id-30653", "lat": 51.341902643399997, "lng": 12.4059469389, "artdtsch": "Kaiser-Linde", "artbot": "Tilia x vulgaris 'Pallida'", "gattungdeutsch": "Tilia", "strname": "Hermann-Liebmann-Straße", "pflanzjahr": "2011", "standalter": "14", "bezirk": "Neustadt-Neuschönefeld", "standortnr": "9044", "wassermenge": 40, "wassersumme": 680, "anzahlg": 17 }, "geometry": { "type": "Point", "coordinates": [ 12.4059469389, 51.341902643399997 ] } },
{ "type": "Feature", "properties": { "id": "id-31083", "lat": 51.344919096399998, "lng": 12.4164102204, "artdtsch": "Säulen-Hainbuche 'Frans Fontaine'", "artbot": "Carpinus betulus 'Frans Fontaine'", "gattungdeutsch": "Carpinus", "strname": "Eisenbahnstraße", "pflanzjahr": "2009", "standalter": "16", "bezirk": "Volkmarsdorf", "standortnr": "8882", "wassermenge": 30, "wassersumme": 30, "anzahlg": 1 }, "geometry": { "type": "Point", "coordinates": [ 12.4164102204, 51.344919096399998 ] } },
{ "type": "Feature", "properties": { "id": "id-31241", "lat": 51.346548303600002, "lng": 12.409383034899999, "artdtsch": "Baumhasel", "artbot": "Corylus colurna", "gattungdeutsch": "Corylus", "strname": "Elisabethstraße", "pflanzjahr": "2014", "standalter": "11", "bezirk": "Volkmarsdorf", "standortnr": "9739", "wassermenge": 100, "wassersumme": 580, "anzahlg": 8 }, "geometry": { "type": "Point", "coordinates": [ 12.409383034899999, 51.346548303600002 ] } },
{ "type": "Feature", "properties": { "id": "id-31242", "lat": 51.346558809400001, "lng": 12.4092237461, "artdtsch": "Baumhasel", "artbot": "Corylus colurna", "gattungdeutsch": "Corylus", "strname": "Elisabethstraße", "pflanzjahr": "2014", "standalter": "11", "bezirk": "Volkmarsdorf", "standortnr": "9745", "wassermenge": 80, "wassersumme": 420, "anzahlg": 6 }, "geometry": { "type": "Point", "coordinates": [ 12.4092237461, 51.346558809400001 ] } },
{ "type": "Feature", "properties": { "id": "id-31243", "lat": 51.346466633200002, "lng": 12.4092161653, "artdtsch": "Baumhasel", "artbot": "Corylus colurna", "gattungdeutsch": "Corylus", "strname": "Elisabethstraße", "pflanzjahr": "2014", "standalter": "11", "bezirk": "Volkmarsdorf", "standortnr": "9744", "wassermenge": 40, "wassersumme": 80, "anzahlg": 2 }, "geometry": { "type": "Point", "coordinates": [ 12.4092161653, 51.346466633200002 ] } },
{ "type": "Feature", "properties": { "id": "id-32457", "lat": 51.359293739100004, "lng": 12.3869598845, "artdtsch": "Spitz-Ahorn 'Olmstedt'", "artbot": "Acer platanoides 'Olmstedt'", "gattungdeutsch": "Acer", "strname": "Zerbster Straße", "pflanzjahr": "2015", "standalter": "10", "bezirk": "Eutritzsch", "standortnr": "3964", "wassermenge": 7, "wassersumme": 7, "anzahlg": 1 }, "geometry": { "type": "Point", "coordinates": [ 12.3869598845, 51.359293739100004 ] } },
{ "type": "Feature", "properties": { "id": "id-32458", "lat": 51.359466275599999, "lng": 12.387166839700001, "artdtsch": "Spitz-Ahorn 'Olmstedt'", "artbot": "Acer platanoides 'Olmstedt'", "gattungdeutsch": "Acer", "strname": "Zerbster Straße", "pflanzjahr": "2015", "standalter": "10", "bezirk": "Eutritzsch", "standortnr": "3967", "wassermenge": 5, "wassersumme": 5, "anzahlg": 1 }, "geometry": { "type": "Point", "coordinates": [ 12.387166839700001, 51.359466275599999 ] } },
{ "type": "Feature", "properties": { "id": "id-32459", "lat": 51.3593791236, "lng": 12.387062047500001, "artdtsch": "Spitz-Ahorn 'Olmstedt'", "artbot": "Acer platanoides 'Olmstedt'", "gattungdeutsch": "Acer", "strname": "Zerbster Straße", "pflanzjahr": "2015", "standalter": "10", "bezirk": "Eutritzsch", "standortnr": "3966", "wassermenge": 5, "wassersumme": 5, "anzahlg": 1 }, "geometry": { "type": "Point", "coordinates": [ 12.387062047500001, 51.3593791236 ] } },
{ "type": "Feature", "properties": { "id": "id-32460", "lat": 51.359660544900002, "lng": 12.3874045949, "artdtsch": "Spitz-Ahorn 'Olmstedt'", "artbot": "Acer platanoides 'Olmstedt'", "gattungdeutsch": "Acer", "strname": "Zerbster Straße", "pflanzjahr": "2015", "standalter": "10", "bezirk": "Eutritzsch", "standortnr": "3970", "wassermenge": 5, "wassersumme": 5, "anzahlg": 1 }, "geometry": { "type": "Point", "coordinates": [ 12.3874045949, 51.359660544900002 ] } },
{ "type": "Feature", "properties": { "id": "id-32461", "lat": 51.359561286599998, "lng": 12.387285263300001, "artdtsch": "Spitz-Ahorn 'Olmstedt'", "artbot": "Acer platanoides 'Olmstedt'", "gattungdeutsch": "Acer", "strname": "Zerbster Straße", "pflanzjahr": "2015", "standalter": "10", "bezirk": "Eutritzsch", "standortnr": "3968", "wassermenge": 5, "wassersumme": 5, "anzahlg": 1 }, "geometry": { "type": "Point", "coordinates": [ 12.387285263300001, 51.359561286599998 ] } },
{ "type": "Feature", "properties": { "id": "id-32627", "lat": 51.359771839300002, "lng": 12.3875353091, "artdtsch": "Spitz-Ahorn 'Olmstedt'", "artbot": "Acer platanoides 'Olmstedt'", "gattungdeutsch": "Acer", "strname": "Zerbster Straße", "pflanzjahr": "2015", "standalter": "10", "bezirk": "Eutritzsch", "standortnr": "3972", "wassermenge": 5, "wassersumme": 5, "anzahlg": 1 }, "geometry": { "type": "Point", "coordinates": [ 12.3875353091, 51.359771839300002 ] } },
{ "type": "Feature", "properties": { "id": "id-32716", "lat": 51.3607695062, "lng": 12.391874551600001, "artdtsch": "Stadt-Linde", "artbot": "Tilia cordata 'Greenspire'", "gattungdeutsch": "Tilia", "strname": "Dessauer Straße", "pflanzjahr": "2016", "standalter": "9", "bezirk": "Eutritzsch", "standortnr": "3415", "wassermenge": 30, "wassersumme": 260, "anzahlg": 14 }, "geometry": { "type": "Point", "coordinates": [ 12.391874551600001, 51.3607695062 ] } },
{ "type": "Feature", "properties": { "id": "id-33143", "lat": 51.361226761899999, "lng": 12.3825963914, "artdtsch": "Stadt-Linde", "artbot": "Tilia cordata 'Greenspire'", "gattungdeutsch": "Tilia", "strname": "Wilhelminenstraße", "pflanzjahr": "2013", "standalter": "12", "bezirk": "Eutritzsch", "standortnr": "4031", "wassermenge": 10, "wassersumme": 70, "anzahlg": 7 }, "geometry": { "type": "Point", "coordinates": [ 12.3825963914, 51.361226761899999 ] } },
{ "type": "Feature", "properties": { "id": "id-33154", "lat": 51.361250860699997, "lng": 12.383674644299999, "artdtsch": "Stadt-Linde", "artbot": "Tilia cordata 'Greenspire'", "gattungdeutsch": "Tilia", "strname": "Wilhelminenstraße", "pflanzjahr": "2013", "standalter": "12", "bezirk": "Eutritzsch", "standortnr": "4042", "wassermenge": 10, "wassersumme": 70, "anzahlg": 7 }, "geometry": { "type": "Point", "coordinates": [ 12.383674644299999, 51.361250860699997 ] } },
{ "type": "Feature", "properties": { "id": "id-35935", "lat": 51.370377555099999, "lng": 12.408444556499999, "artdtsch": "Winter-Linde 'Roelvo'", "artbot": "Tilia cordata 'Roelvo'", "gattungdeutsch": "Tilia", "strname": "Gontardweg", "pflanzjahr": "2013", "standalter": "12", "bezirk": "Mockau-Süd", "standortnr": "2113", "wassermenge": 20, "wassersumme": 20, "anzahlg": 1 }, "geometry": { "type": "Point", "coordinates": [ 12.408444556499999, 51.370377555099999 ] } },
{ "type": "Feature", "properties": { "id": "id-36088", "lat": 51.370596534500002, "lng": 12.408662955, "artdtsch": "Kaiser-Linde", "artbot": "Tilia x vulgaris 'Pallida'", "gattungdeutsch": "Tilia", "strname": "Gontardweg", "pflanzjahr": "2013", "standalter": "12", "bezirk": "Mockau-Süd", "standortnr": "2110", "wassermenge": 40, "wassersumme": 1095, "anzahlg": 82 }, "geometry": { "type": "Point", "coordinates": [ 12.408662955, 51.370596534500002 ] } },
{ "type": "Feature", "properties": { "id": "id-41200", "lat": 51.356880508000003, "lng": 12.472704241000001, "artdtsch": "Baumhasel", "artbot": "Corylus colurna", "gattungdeutsch": "Corylus", "strname": "Bisamstraße", "pflanzjahr": "1993", "standalter": "32", "bezirk": "Heiterblick", "standortnr": "50831", "wassermenge": 70, "wassersumme": 110, "anzahlg": 2 }, "geometry": { "type": "Point", "coordinates": [ 12.472704241, 51.356880508 ] } },
{ "type": "Feature", "properties": { "id": "id-458", "lat": 51.268314747200002, "lng": 12.2931307798, "artdtsch": "Rotblühende Rosskastanie 'Briotii'", "artbot": "Aesculus x carnea 'Briotii'", "gattungdeutsch": "Aesculus", "strname": "Am Klucksgraben", "pflanzjahr": "1999", "standalter": "26", "bezirk": "Knautkleeberg-Knauthain", "standortnr": "51674", "wassermenge": 60, "wassersumme": 240, "anzahlg": 4 }, "geometry": { "type": "Point", "coordinates": [ 12.2931307798, 51.268314747200002 ] } },
{ "type": "Feature", "properties": { "id": "id-459", "lat": 51.268236606599999, "lng": 12.2931705006, "artdtsch": "Rotblühende Rosskastanie 'Briotii'", "artbot": "Aesculus x carnea 'Briotii'", "gattungdeutsch": "Aesculus", "strname": "Am Klucksgraben", "pflanzjahr": "1999", "standalter": "26", "bezirk": "Knautkleeberg-Knauthain", "standortnr": "51673", "wassermenge": 60, "wassersumme": 240, "anzahlg": 4 }, "geometry": { "type": "Point", "coordinates": [ 12.2931705006, 51.268236606599999 ] } },
{ "type": "Feature", "properties": { "id": "id-4624", "lat": 51.315928429099998, "lng": 12.299076532599999, "artdtsch": "Sand-Birke", "artbot": "Betula pendula", "gattungdeutsch": "Betula", "strname": "Ringstraße", "pflanzjahr": "2000", "standalter": "25", "bezirk": "Grünau-Mitte", "standortnr": "47019", "wassermenge": 85, "wassersumme": 85, "anzahlg": 1 }, "geometry": { "type": "Point", "coordinates": [ 12.299076532599999, 51.315928429099998 ] } },
{ "type": "Feature", "properties": { "id": "id-47626", "lat": 51.3732748714, "lng": 12.411030715700001, "artdtsch": "Chinesische Wildbirne 'Chanticleer'", "artbot": "Pyrus calleryana 'Chanticleer'", "gattungdeutsch": "Pyrus", "strname": "Mockauer Straße", "pflanzjahr": "2013", "standalter": "12", "bezirk": "Mockau-Süd", "standortnr": "10388", "wassermenge": 85, "wassersumme": 265, "anzahlg": 5 }, "geometry": { "type": "Point", "coordinates": [ 12.411030715700001, 51.3732748714 ] } },
{ "type": "Feature", "properties": { "id": "id-47650", "lat": 51.374679130300002, "lng": 12.412204127300001, "artdtsch": "Chinesische Wildbirne 'Chanticleer'", "artbot": "Pyrus calleryana 'Chanticleer'", "gattungdeutsch": "Pyrus", "strname": "Mockauer Straße", "pflanzjahr": "2013", "standalter": "12", "bezirk": "Mockau-Nord", "standortnr": "10405", "wassermenge": 50, "wassersumme": 80, "anzahlg": 2 }, "geometry": { "type": "Point", "coordinates": [ 12.412204127300001, 51.374679130300002 ] } },
{ "type": "Feature", "properties": { "id": "id-54683", "lat": 51.337292489799999, "lng": 12.3701831379, "artdtsch": "Blumen-Esche", "artbot": "Fraxinus ornus", "gattungdeutsch": "Fraxinus", "strname": "Alter Amtshof", "pflanzjahr": "2018", "standalter": "7", "bezirk": "Zentrum-West", "standortnr": "69992", "wassermenge": 30, "wassersumme": 30, "anzahlg": 1 }, "geometry": { "type": "Point", "coordinates": [ 12.3701831379, 51.337292489799999 ] } },
{ "type": "Feature", "properties": { "id": "id-55633", "lat": 51.342171381299998, "lng": 12.4058412888, "artdtsch": "Nelken-Kirsche", "artbot": "Prunus serrulata 'Kanzan'", "gattungdeutsch": "Prunus", "strname": "Hermann-Liebmann-Straße", "pflanzjahr": "2011", "standalter": "14", "bezirk": "Neustadt-Neuschönefeld", "standortnr": "71315", "wassermenge": 40, "wassersumme": 600, "anzahlg": 15 }, "geometry": { "type": "Point", "coordinates": [ 12.4058412888, 51.342171381299998 ] } },
{ "type": "Feature", "properties": { "id": "id-55634", "lat": 51.342275107399999, "lng": 12.4058302596, "artdtsch": "Nelken-Kirsche", "artbot": "Prunus serrulata 'Kanzan'", "gattungdeutsch": "Prunus", "strname": "Hermann-Liebmann-Straße", "pflanzjahr": "2011", "standalter": "14", "bezirk": "Neustadt-Neuschönefeld", "standortnr": "71316", "wassermenge": 40, "wassersumme": 600, "anzahlg": 15 }, "geometry": { "type": "Point", "coordinates": [ 12.4058302596, 51.342275107399999 ] } },
{ "type": "Feature", "properties": { "id": "id-56908", "lat": 51.3244288195, "lng": 12.3232588088, "artdtsch": "Straßen-Robinie", "artbot": "Robinia pseudoacacia 'Monophylla'", "gattungdeutsch": "Robinia", "strname": "Röckener Straße", "pflanzjahr": "2013", "standalter": "12", "bezirk": "Plagwitz", "standortnr": "72641", "wassermenge": 20, "wassersumme": 20, "anzahlg": 1 }, "geometry": { "type": "Point", "coordinates": [ 12.3232588088, 51.3244288195 ] } },
{ "type": "Feature", "properties": { "id": "id-56909", "lat": 51.324339643000002, "lng": 12.323235518200001, "artdtsch": "Straßen-Robinie", "artbot": "Robinia pseudoacacia 'Monophylla'", "gattungdeutsch": "Robinia", "strname": "Röckener Straße", "pflanzjahr": "2013", "standalter": "12", "bezirk": "Plagwitz", "standortnr": "72642", "wassermenge": 50, "wassersumme": 100, "anzahlg": 2 }, "geometry": { "type": "Point", "coordinates": [ 12.323235518200001, 51.324339643 ] } },
{ "type": "Feature", "properties": { "id": "id-56910", "lat": 51.324248068300001, "lng": 12.3232114178, "artdtsch": "Straßen-Robinie", "artbot": "Robinia pseudoacacia 'Monophylla'", "gattungdeutsch": "Robinia", "strname": "Röckener Straße", "pflanzjahr": "2013", "standalter": "12", "bezirk": "Plagwitz", "standortnr": "72643", "wassermenge": 60, "wassersumme": 100, "anzahlg": 3 }, "geometry": { "type": "Point", "coordinates": [ 12.3232114178, 51.324248068300001 ] } },
{ "type": "Feature", "properties": { "id": "id-56911", "lat": 51.3241600801, "lng": 12.3231880581, "artdtsch": "Straßen-Robinie", "artbot": "Robinia pseudoacacia 'Monophylla'", "gattungdeutsch": "Robinia", "strname": "Röckener Straße", "pflanzjahr": "2013", "standalter": "12", "bezirk": "Plagwitz", "standortnr": "72644", "wassermenge": 80, "wassersumme": 100, "anzahlg": 2 }, "geometry": { "type": "Point", "coordinates": [ 12.3231880581, 51.3241600801 ] } },
{ "type": "Feature", "properties": { "id": "id-56912", "lat": 51.3240732585, "lng": 12.323163681, "artdtsch": "Straßen-Robinie", "artbot": "Robinia pseudoacacia 'Monophylla'", "gattungdeutsch": "Robinia", "strname": "Röckener Straße", "pflanzjahr": "2013", "standalter": "12", "bezirk": "Plagwitz", "standortnr": "72645", "wassermenge": 70, "wassersumme": 70, "anzahlg": 1 }, "geometry": { "type": "Point", "coordinates": [ 12.323163681, 51.3240732585 ] } },
{ "type": "Feature", "properties": { "id": "id-56913", "lat": 51.323984103699999, "lng": 12.323141339, "artdtsch": "Straßen-Robinie", "artbot": "Robinia pseudoacacia 'Monophylla'", "gattungdeutsch": "Robinia", "strname": "Röckener Straße", "pflanzjahr": "2013", "standalter": "12", "bezirk": "Plagwitz", "standortnr": "72646", "wassermenge": 70, "wassersumme": 70, "anzahlg": 1 }, "geometry": { "type": "Point", "coordinates": [ 12.323141339, 51.323984103699999 ] } },
{ "type": "Feature", "properties": { "id": "id-56914", "lat": 51.323899107800003, "lng": 12.323118754699999, "artdtsch": "Straßen-Robinie", "artbot": "Robinia pseudoacacia 'Monophylla'", "gattungdeutsch": "Robinia", "strname": "Röckener Straße", "pflanzjahr": "2013", "standalter": "12", "bezirk": "Plagwitz", "standortnr": "72647", "wassermenge": 70, "wassersumme": 190, "anzahlg": 4 }, "geometry": { "type": "Point", "coordinates": [ 12.323118754699999, 51.323899107800003 ] } },
{ "type": "Feature", "properties": { "id": "id-56920", "lat": 51.325806715699997, "lng": 12.3239585702, "artdtsch": "Zerr-Eiche", "artbot": "Quercus cerris", "gattungdeutsch": "Quercus", "strname": "Markranstädter Straße", "pflanzjahr": "2013", "standalter": "12", "bezirk": "Plagwitz", "standortnr": "73654", "wassermenge": 200, "wassersumme": 550, "anzahlg": 4 }, "geometry": { "type": "Point", "coordinates": [ 12.3239585702, 51.325806715699997 ] } },
{ "type": "Feature", "properties": { "id": "id-57764", "lat": 51.377766546499998, "lng": 12.4464382742, "artdtsch": "Scharlach-Eiche", "artbot": "Quercus coccinea", "gattungdeutsch": "Quercus", "strname": "Eichbergstraße", "pflanzjahr": "2013", "standalter": "12", "bezirk": "Thekla", "standortnr": "73463", "wassermenge": 200, "wassersumme": 350, "anzahlg": 2 }, "geometry": { "type": "Point", "coordinates": [ 12.4464382742, 51.377766546499998 ] } },
{ "type": "Feature", "properties": { "id": "id-57799", "lat": 51.3258980166, "lng": 12.276698046, "artdtsch": "Nelken-Kirsche", "artbot": "Prunus serrulata 'Kanzan'", "gattungdeutsch": "Prunus", "strname": "Mühlhäuser Ring", "pflanzjahr": "2014", "standalter": "11", "bezirk": "Schönau", "standortnr": "74222", "wassermenge": 30, "wassersumme": 240, "anzahlg": 8 }, "geometry": { "type": "Point", "coordinates": [ 12.276698046, 51.3258980166 ] } },
{ "type": "Feature", "properties": { "id": "id-57800", "lat": 51.325881730100001, "lng": 12.276601106899999, "artdtsch": "Nelken-Kirsche", "artbot": "Prunus serrulata 'Kanzan'", "gattungdeutsch": "Prunus", "strname": "Mühlhäuser Ring", "pflanzjahr": "2014", "standalter": "11", "bezirk": "Schönau", "standortnr": "74223", "wassermenge": 80, "wassersumme": 610, "anzahlg": 8 }, "geometry": { "type": "Point", "coordinates": [ 12.276601106899999, 51.325881730100001 ] } },
{ "type": "Feature", "properties": { "id": "id-57801", "lat": 51.325855146199999, "lng": 12.276428837599999, "artdtsch": "Nelken-Kirsche", "artbot": "Prunus serrulata 'Kanzan'", "gattungdeutsch": "Prunus", "strname": "Mühlhäuser Ring", "pflanzjahr": "2014", "standalter": "11", "bezirk": "Schönau", "standortnr": "74224", "wassermenge": 80, "wassersumme": 640, "anzahlg": 8 }, "geometry": { "type": "Point", "coordinates": [ 12.276428837599999, 51.325855146199999 ] } },
{ "type": "Feature", "properties": { "id": "id-57802", "lat": 51.325839445100002, "lng": 12.276333873600001, "artdtsch": "Nelken-Kirsche", "artbot": "Prunus serrulata 'Kanzan'", "gattungdeutsch": "Prunus", "strname": "Mühlhäuser Ring", "pflanzjahr": "2014", "standalter": "11", "bezirk": "Schönau", "standortnr": "74225", "wassermenge": 30, "wassersumme": 240, "anzahlg": 8 }, "geometry": { "type": "Point", "coordinates": [ 12.276333873600001, 51.325839445100002 ] } },
{ "type": "Feature", "properties": { "id": "id-57803", "lat": 51.325823810400003, "lng": 12.2762379009, "artdtsch": "Nelken-Kirsche", "artbot": "Prunus serrulata 'Kanzan'", "gattungdeutsch": "Prunus", "strname": "Mühlhäuser Ring", "pflanzjahr": "2014", "standalter": "11", "bezirk": "Schönau", "standortnr": "74226", "wassermenge": 30, "wassersumme": 240, "anzahlg": 8 }, "geometry": { "type": "Point", "coordinates": [ 12.2762379009, 51.325823810400003 ] } },
{ "type": "Feature", "properties": { "id": "id-57804", "lat": 51.325808039099996, "lng": 12.276139926600001, "artdtsch": "Nelken-Kirsche", "artbot": "Prunus serrulata 'Kanzan'", "gattungdeutsch": "Prunus", "strname": "Mühlhäuser Ring", "pflanzjahr": "2014", "standalter": "11", "bezirk": "Schönau", "standortnr": "74227", "wassermenge": 80, "wassersumme": 620, "anzahlg": 8 }, "geometry": { "type": "Point", "coordinates": [ 12.276139926600001, 51.325808039099996 ] } },
{ "type": "Feature", "properties": { "id": "id-57805", "lat": 51.325876555100002, "lng": 12.2759574259, "artdtsch": "Feld-Ahorn 'Elsrijk'", "artbot": "Acer campestre 'Elsrijk'", "gattungdeutsch": "Acer", "strname": "Mühlhäuser Ring", "pflanzjahr": "2014", "standalter": "11", "bezirk": "Schönau", "standortnr": "74228", "wassermenge": 30, "wassersumme": 240, "anzahlg": 8 }, "geometry": { "type": "Point", "coordinates": [ 12.2759574259, 51.325876555100002 ] } },
{ "type": "Feature", "properties": { "id": "id-57971", "lat": 51.323317450600001, "lng": 12.323942381, "artdtsch": "Feld-Ahorn", "artbot": "Acer campestre", "gattungdeutsch": "Acer", "strname": "Weg 5202", "pflanzjahr": "2013", "standalter": "12", "bezirk": "Plagwitz", "standortnr": "73659", "wassermenge": 100, "wassersumme": 590, "anzahlg": 9 }, "geometry": { "type": "Point", "coordinates": [ 12.323942381, 51.323317450600001 ] } },
{ "type": "Feature", "properties": { "id": "id-57972", "lat": 51.323335661999998, "lng": 12.3238026552, "artdtsch": "Feld-Ahorn", "artbot": "Acer campestre", "gattungdeutsch": "Acer", "strname": "Weg 5202", "pflanzjahr": "2013", "standalter": "12", "bezirk": "Plagwitz", "standortnr": "73660", "wassermenge": 100, "wassersumme": 360, "anzahlg": 5 }, "geometry": { "type": "Point", "coordinates": [ 12.3238026552, 51.323335662 ] } },
{ "type": "Feature", "properties": { "id": "id-57973", "lat": 51.323351537900002, "lng": 12.3236630653, "artdtsch": "Feld-Ahorn", "artbot": "Acer campestre", "gattungdeutsch": "Acer", "strname": "Weg 5202", "pflanzjahr": "2013", "standalter": "12", "bezirk": "Plagwitz", "standortnr": "73661", "wassermenge": 100, "wassersumme": 420, "anzahlg": 9 }, "geometry": { "type": "Point", "coordinates": [ 12.3236630653, 51.323351537900002 ] } },
{ "type": "Feature", "properties": { "id": "id-57974", "lat": 51.323367238499998, "lng": 12.323519753299999, "artdtsch": "Feld-Ahorn", "artbot": "Acer campestre", "gattungdeutsch": "Acer", "strname": "Weg 5202", "pflanzjahr": "2013", "standalter": "12", "bezirk": "Plagwitz", "standortnr": "73662", "wassermenge": 100, "wassersumme": 330, "anzahlg": 5 }, "geometry": { "type": "Point", "coordinates": [ 12.323519753299999, 51.323367238499998 ] } },
{ "type": "Feature", "properties": { "id": "id-57975", "lat": 51.3233854068, "lng": 12.323378163499999, "artdtsch": "Feld-Ahorn", "artbot": "Acer campestre", "gattungdeutsch": "Acer", "strname": "Weg 5202", "pflanzjahr": "2013", "standalter": "12", "bezirk": "Plagwitz", "standortnr": "73663", "wassermenge": 100, "wassersumme": 330, "anzahlg": 5 }, "geometry": { "type": "Point", "coordinates": [ 12.323378163499999, 51.3233854068 ] } },
{ "type": "Feature", "properties": { "id": "id-57976", "lat": 51.323402449900001, "lng": 12.323238505300001, "artdtsch": "Feld-Ahorn", "artbot": "Acer campestre", "gattungdeutsch": "Acer", "strname": "Weg 5202", "pflanzjahr": "2013", "standalter": "12", "bezirk": "Plagwitz", "standortnr": "73664", "wassermenge": 200, "wassersumme": 300, "anzahlg": 2 }, "geometry": { "type": "Point", "coordinates": [ 12.323238505300001, 51.323402449900001 ] } },
{ "type": "Feature", "properties": { "id": "id-57977", "lat": 51.323417160699996, "lng": 12.323099126400001, "artdtsch": "Feld-Ahorn", "artbot": "Acer campestre", "gattungdeutsch": "Acer", "strname": "Weg 5202", "pflanzjahr": "2013", "standalter": "12", "bezirk": "Plagwitz", "standortnr": "73665", "wassermenge": 100, "wassersumme": 300, "anzahlg": 4 }, "geometry": { "type": "Point", "coordinates": [ 12.323099126400001, 51.323417160699996 ] } },
{ "type": "Feature", "properties": { "id": "id-57978", "lat": 51.323436496100001, "lng": 12.3229574683, "artdtsch": "Feld-Ahorn", "artbot": "Acer campestre", "gattungdeutsch": "Acer", "strname": "Weg 5202", "pflanzjahr": "2013", "standalter": "12", "bezirk": "Plagwitz", "standortnr": "73666", "wassermenge": 100, "wassersumme": 250, "anzahlg": 4 }, "geometry": { "type": "Point", "coordinates": [ 12.3229574683, 51.323436496100001 ] } },
{ "type": "Feature", "properties": { "id": "id-58006", "lat": 51.323244441200004, "lng": 12.3245846927, "artdtsch": "Hainbuche", "artbot": "Carpinus betulus", "gattungdeutsch": "Carpinus", "strname": "Weg 5202", "pflanzjahr": "2013", "standalter": "12", "bezirk": "Plagwitz", "standortnr": "73657", "wassermenge": 100, "wassersumme": 330, "anzahlg": 4 }, "geometry": { "type": "Point", "coordinates": [ 12.3245846927, 51.323244441200004 ] } },
{ "type": "Feature", "properties": { "id": "id-58007", "lat": 51.323255220100002, "lng": 12.3244778414, "artdtsch": "Hainbuche", "artbot": "Carpinus betulus", "gattungdeutsch": "Carpinus", "strname": "Weg 5202", "pflanzjahr": "2013", "standalter": "12", "bezirk": "Plagwitz", "standortnr": "73658", "wassermenge": 100, "wassersumme": 170, "anzahlg": 2 }, "geometry": { "type": "Point", "coordinates": [ 12.3244778414, 51.323255220100002 ] } },
{ "type": "Feature", "properties": { "id": "id-58690", "lat": 51.332115272800003, "lng": 12.304028085000001, "artdtsch": "Sumpf-Eiche", "artbot": "Quercus palustris", "gattungdeutsch": "Quercus", "strname": "Hafenstraße", "pflanzjahr": "2014", "standalter": "11", "bezirk": "Schönau", "standortnr": "74408", "wassermenge": 60, "wassersumme": 180, "anzahlg": 4 }, "geometry": { "type": "Point", "coordinates": [ 12.304028085, 51.332115272800003 ] } },
{ "type": "Feature", "properties": { "id": "id-58691", "lat": 51.332050870400003, "lng": 12.304117721700001, "artdtsch": "Sumpf-Eiche", "artbot": "Quercus palustris", "gattungdeutsch": "Quercus", "strname": "Hafenstraße", "pflanzjahr": "2014", "standalter": "11", "bezirk": "Schönau", "standortnr": "74409", "wassermenge": 60, "wassersumme": 180, "anzahlg": 4 }, "geometry": { "type": "Point", "coordinates": [ 12.304117721700001, 51.332050870400003 ] } },
{ "type": "Feature", "properties": { "id": "id-58692", "lat": 51.331987009499997, "lng": 12.304211346400001, "artdtsch": "Sumpf-Eiche", "artbot": "Quercus palustris", "gattungdeutsch": "Quercus", "strname": "Hafenstraße", "pflanzjahr": "2014", "standalter": "11", "bezirk": "Schönau", "standortnr": "74410", "wassermenge": 30, "wassersumme": 30, "anzahlg": 1 }, "geometry": { "type": "Point", "coordinates": [ 12.304211346400001, 51.331987009499997 ] } },
{ "type": "Feature", "properties": { "id": "id-58699", "lat": 51.3310230166, "lng": 12.3056606926, "artdtsch": "Sumpf-Eiche", "artbot": "Quercus palustris", "gattungdeutsch": "Quercus", "strname": "Hafenstraße", "pflanzjahr": "2014", "standalter": "11", "bezirk": "Schönau", "standortnr": "74418", "wassermenge": 120, "wassersumme": 660, "anzahlg": 10 }, "geometry": { "type": "Point", "coordinates": [ 12.3056606926, 51.3310230166 ] } },
{ "type": "Feature", "properties": { "id": "id-58700", "lat": 51.330961183200003, "lng": 12.3057564913, "artdtsch": "Sumpf-Eiche", "artbot": "Quercus palustris", "gattungdeutsch": "Quercus", "strname": "Hafenstraße", "pflanzjahr": "2014", "standalter": "11", "bezirk": "Schönau", "standortnr": "74419", "wassermenge": 80, "wassersumme": 400, "anzahlg": 8 }, "geometry": { "type": "Point", "coordinates": [ 12.3057564913, 51.330961183200003 ] } },
{ "type": "Feature", "properties": { "id": "id-58703", "lat": 51.330621693499999, "lng": 12.306336608300001, "artdtsch": "Sumpf-Eiche", "artbot": "Quercus palustris", "gattungdeutsch": "Quercus", "strname": "Hafenstraße", "pflanzjahr": "2014", "standalter": "11", "bezirk": "Schönau", "standortnr": "74422", "wassermenge": 100, "wassersumme": 980, "anzahlg": 16 }, "geometry": { "type": "Point", "coordinates": [ 12.306336608300001, 51.330621693499999 ] } },
{ "type": "Feature", "properties": { "id": "id-58704", "lat": 51.330563717799997, "lng": 12.3064359118, "artdtsch": "Sumpf-Eiche", "artbot": "Quercus palustris", "gattungdeutsch": "Quercus", "strname": "Hafenstraße", "pflanzjahr": "2014", "standalter": "11", "bezirk": "Schönau", "standortnr": "74423", "wassermenge": 100, "wassersumme": 705, "anzahlg": 13 }, "geometry": { "type": "Point", "coordinates": [ 12.3064359118, 51.330563717799997 ] } },
{ "type": "Feature", "properties": { "id": "id-58705", "lat": 51.330505223599999, "lng": 12.3065322304, "artdtsch": "Sumpf-Eiche", "artbot": "Quercus palustris", "gattungdeutsch": "Quercus", "strname": "Hafenstraße", "pflanzjahr": "2014", "standalter": "11", "bezirk": "Schönau", "standortnr": "74424", "wassermenge": 100, "wassersumme": 705, "anzahlg": 13 }, "geometry": { "type": "Point", "coordinates": [ 12.3065322304, 51.330505223599999 ] } },
{ "type": "Feature", "properties": { "id": "id-58709", "lat": 51.330223189599998, "lng": 12.307287709700001, "artdtsch": "Brabanter Silber-Linde", "artbot": "Tilia tomentosa 'Brabant'", "gattungdeutsch": "Tilia", "strname": "Hafenstraße", "pflanzjahr": "2014", "standalter": "11", "bezirk": "Schönau", "standortnr": "74429", "wassermenge": 90, "wassersumme": 730, "anzahlg": 9 }, "geometry": { "type": "Point", "coordinates": [ 12.307287709700001, 51.330223189599998 ] } },
{ "type": "Feature", "properties": { "id": "id-58782", "lat": 51.333278664600002, "lng": 12.32382945, "artdtsch": "Stadt-Linde", "artbot": "Tilia cordata 'Greenspire'", "gattungdeutsch": "Tilia", "strname": "Lützner Straße", "pflanzjahr": "2014", "standalter": "11", "bezirk": "Lindenau", "standortnr": "74430", "wassermenge": 150, "wassersumme": 250, "anzahlg": 2 }, "geometry": { "type": "Point", "coordinates": [ 12.32382945, 51.333278664600002 ] } },
{ "type": "Feature", "properties": { "id": "id-58898", "lat": 51.347112637800002, "lng": 12.4076138458, "artdtsch": "Baumhasel", "artbot": "Corylus colurna", "gattungdeutsch": "Corylus", "strname": "Hildegardstraße", "pflanzjahr": "2015", "standalter": "10", "bezirk": "Volkmarsdorf", "standortnr": "74606", "wassermenge": 80, "wassersumme": 130, "anzahlg": 2 }, "geometry": { "type": "Point", "coordinates": [ 12.4076138458, 51.347112637800002 ] } },
{ "type": "Feature", "properties": { "id": "id-58901", "lat": 51.347259194300001, "lng": 12.407636161699999, "artdtsch": "Baumhasel", "artbot": "Corylus colurna", "gattungdeutsch": "Corylus", "strname": "Hildegardstraße", "pflanzjahr": "2015", "standalter": "10", "bezirk": "Volkmarsdorf", "standortnr": "74607", "wassermenge": 50, "wassersumme": 50, "anzahlg": 1 }, "geometry": { "type": "Point", "coordinates": [ 12.407636161699999, 51.347259194300001 ] } },
{ "type": "Feature", "properties": { "id": "id-58914", "lat": 51.353015710699999, "lng": 12.4145960439, "artdtsch": "Feld-Ahorn 'Elsrijk'", "artbot": "Acer campestre 'Elsrijk'", "gattungdeutsch": "Acer", "strname": "Kohlweg", "pflanzjahr": "2016", "standalter": "9", "bezirk": "Schönefeld-Abtnaundorf", "standortnr": "74791", "wassermenge": 40, "wassersumme": 110, "anzahlg": 4 }, "geometry": { "type": "Point", "coordinates": [ 12.4145960439, 51.353015710699999 ] } },
{ "type": "Feature", "properties": { "id": "id-58946", "lat": 51.316950627799997, "lng": 12.2664612564, "artdtsch": "Herbst-Flammen-Ahorn", "artbot": "Acer x  freemanii 'Autumn Blaze'", "gattungdeutsch": "Acer", "strname": "Lützner Straße", "pflanzjahr": "2018", "standalter": "7", "bezirk": "Grünau-Nord", "standortnr": "75485", "wassermenge": 250, "wassersumme": 250, "anzahlg": 1 }, "geometry": { "type": "Point", "coordinates": [ 12.2664612564, 51.316950627799997 ] } },
{ "type": "Feature", "properties": { "id": "id-58978", "lat": 51.346578023299998, "lng": 12.3159689069, "artdtsch": "Säulen-Eiche 'Fastigiata Koster'", "artbot": "Quercus robur 'Fastigiata Koster'", "gattungdeutsch": "Quercus", "strname": "Weinbergstraße", "pflanzjahr": "2019", "standalter": "6", "bezirk": "Leutzsch", "standortnr": "75863", "wassermenge": 40, "wassersumme": 150, "anzahlg": 5 }, "geometry": { "type": "Point", "coordinates": [ 12.3159689069, 51.346578023299998 ] } },
{ "type": "Feature", "properties": { "id": "id-59065", "lat": 51.326803086600002, "lng": 12.3724864089, "artdtsch": "Säulen-Eiche 'Fastigiata Koster'", "artbot": "Quercus robur 'Fastigiata Koster'", "gattungdeutsch": "Quercus", "strname": "Braustraße", "pflanzjahr": "2016", "standalter": "9", "bezirk": "Zentrum-Süd", "standortnr": "74854", "wassermenge": 80, "wassersumme": 435, "anzahlg": 9 }, "geometry": { "type": "Point", "coordinates": [ 12.3724864089, 51.326803086600002 ] } },
{ "type": "Feature", "properties": { "id": "id-59066", "lat": 51.326795383399997, "lng": 12.3720391001, "artdtsch": "Säulen-Eiche 'Fastigiata Koster'", "artbot": "Quercus robur 'Fastigiata Koster'", "gattungdeutsch": "Quercus", "strname": "Braustraße", "pflanzjahr": "2016", "standalter": "9", "bezirk": "Zentrum-Süd", "standortnr": "74853", "wassermenge": 80, "wassersumme": 80, "anzahlg": 1 }, "geometry": { "type": "Point", "coordinates": [ 12.3720391001, 51.326795383399997 ] } },
{ "type": "Feature", "properties": { "id": "id-59172", "lat": 51.320832418099997, "lng": 12.322080572599999, "artdtsch": "Straßen-Robinie", "artbot": "Robinia pseudoacacia 'Monophylla'", "gattungdeutsch": "Robinia", "strname": "Antonienstraße", "pflanzjahr": "2018", "standalter": "7", "bezirk": "Plagwitz", "standortnr": "75572", "wassermenge": 50, "wassersumme": 60, "anzahlg": 2 }, "geometry": { "type": "Point", "coordinates": [ 12.322080572599999, 51.320832418099997 ] } },
{ "type": "Feature", "properties": { "id": "id-59194", "lat": 51.320875225199998, "lng": 12.320885562799999, "artdtsch": "Rot-Eiche", "artbot": "Quercus rubra", "gattungdeutsch": "Quercus", "strname": "Antonienstraße", "pflanzjahr": "2018", "standalter": "7", "bezirk": "Plagwitz", "standortnr": "75583", "wassermenge": 60, "wassersumme": 90, "anzahlg": 2 }, "geometry": { "type": "Point", "coordinates": [ 12.320885562799999, 51.320875225199998 ] } },
{ "type": "Feature", "properties": { "id": "id-59319", "lat": 51.305731952599999, "lng": 12.464252216, "artdtsch": "Trauben-Eiche", "artbot": "Quercus petraea", "gattungdeutsch": "Quercus", "strname": "Stötteritzer Landstraße", "pflanzjahr": "2016", "standalter": "9", "bezirk": "Holzhausen", "standortnr": "74983", "wassermenge": 70, "wassersumme": 212, "anzahlg": 8 }, "geometry": { "type": "Point", "coordinates": [ 12.464252216, 51.305731952599999 ] } },
{ "type": "Feature", "properties": { "id": "id-59320", "lat": 51.305744363800002, "lng": 12.4641110575, "artdtsch": "Trauben-Eiche", "artbot": "Quercus petraea", "gattungdeutsch": "Quercus", "strname": "Stötteritzer Landstraße", "pflanzjahr": "2016", "standalter": "9", "bezirk": "Holzhausen", "standortnr": "74982", "wassermenge": 40, "wassersumme": 172, "anzahlg": 8 }, "geometry": { "type": "Point", "coordinates": [ 12.4641110575, 51.305744363800002 ] } },
{ "type": "Feature", "properties": { "id": "id-59321", "lat": 51.305762703699997, "lng": 12.4639695719, "artdtsch": "Trauben-Eiche", "artbot": "Quercus petraea", "gattungdeutsch": "Quercus", "strname": "Stötteritzer Landstraße", "pflanzjahr": "2016", "standalter": "9", "bezirk": "Holzhausen", "standortnr": "74981", "wassermenge": 50, "wassersumme": 152, "anzahlg": 7 }, "geometry": { "type": "Point", "coordinates": [ 12.4639695719, 51.305762703699997 ] } },
{ "type": "Feature", "properties": { "id": "id-59419", "lat": 51.334283079400002, "lng": 12.3355687493, "artdtsch": "Amberbaum", "artbot": "Liquidambar styraciflua", "gattungdeutsch": "Liquidambar", "strname": "Siemeringstraße", "pflanzjahr": "2017", "standalter": "8", "bezirk": "Lindenau", "standortnr": "75081", "wassermenge": 80, "wassersumme": 80, "anzahlg": 1 }, "geometry": { "type": "Point", "coordinates": [ 12.3355687493, 51.334283079400002 ] } },
{ "type": "Feature", "properties": { "id": "id-59422", "lat": 51.334896874499996, "lng": 12.3351950099, "artdtsch": "Amberbaum", "artbot": "Liquidambar styraciflua", "gattungdeutsch": "Liquidambar", "strname": "Siemeringstraße", "pflanzjahr": "2017", "standalter": "8", "bezirk": "Lindenau", "standortnr": "75078", "wassermenge": 80, "wassersumme": 755, "anzahlg": 10 }, "geometry": { "type": "Point", "coordinates": [ 12.3351950099, 51.334896874499996 ] } },
{ "type": "Feature", "properties": { "id": "id-59475", "lat": 51.3167696545, "lng": 12.325608325099999, "artdtsch": "Fächerblattbaum", "artbot": "Ginkgo biloba 'Princeton Sentry'", "gattungdeutsch": "Ginkgo", "strname": "Gießerstraße", "pflanzjahr": "2019", "standalter": "6", "bezirk": "Kleinzschocher", "standortnr": "76154", "wassermenge": 50, "wassersumme": 760, "anzahlg": 22 }, "geometry": { "type": "Point", "coordinates": [ 12.325608325099999, 51.3167696545 ] } },
{ "type": "Feature", "properties": { "id": "id-59506", "lat": 51.309021164199997, "lng": 12.3791005435, "artdtsch": "Hopfenbuche", "artbot": "Ostrya carpinifolia", "gattungdeutsch": "Ostrya", "strname": "Stockartstraße", "pflanzjahr": "2018", "standalter": "7", "bezirk": "Connewitz", "standortnr": "75532", "wassermenge": 10, "wassersumme": 40, "anzahlg": 4 }, "geometry": { "type": "Point", "coordinates": [ 12.3791005435, 51.309021164199997 ] } },
{ "type": "Feature", "properties": { "id": "id-59507", "lat": 51.3091223996, "lng": 12.379267546499999, "artdtsch": "Hopfenbuche", "artbot": "Ostrya carpinifolia", "gattungdeutsch": "Ostrya", "strname": "Stockartstraße", "pflanzjahr": "2018", "standalter": "7", "bezirk": "Connewitz", "standortnr": "75533", "wassermenge": 10, "wassersumme": 10, "anzahlg": 1 }, "geometry": { "type": "Point", "coordinates": [ 12.379267546499999, 51.3091223996 ] } },
{ "type": "Feature", "properties": { "id": "id-59544", "lat": 51.315357559200002, "lng": 12.300171563099999, "artdtsch": "Schwarz-Kiefer", "artbot": "Pinus nigra", "gattungdeutsch": "Pinus", "strname": "Ringstraße", "pflanzjahr": "2000", "standalter": "25", "bezirk": "Grünau-Mitte", "standortnr": "75126", "wassermenge": 217, "wassersumme": 3732, "anzahlg": 32 }, "geometry": { "type": "Point", "coordinates": [ 12.300171563099999, 51.315357559200002 ] } },
{ "type": "Feature", "properties": { "id": "id-59739", "lat": 51.329741937599998, "lng": 12.307945742799999, "artdtsch": "Nelken-Kirsche", "artbot": "Prunus serrulata 'Kanzan'", "gattungdeutsch": "Prunus", "strname": "Hafenstraße", "pflanzjahr": "2018", "standalter": "7", "bezirk": "Schönau", "standortnr": "75500", "wassermenge": 80, "wassersumme": 320, "anzahlg": 5 }, "geometry": { "type": "Point", "coordinates": [ 12.307945742799999, 51.329741937599998 ] } },
{ "type": "Feature", "properties": { "id": "id-59862", "lat": 51.3079483028, "lng": 12.379034132199999, "artdtsch": "Amberbaum", "artbot": "Liquidambar styraciflua", "gattungdeutsch": "Liquidambar", "strname": "Pfeffingerstraße", "pflanzjahr": "2018", "standalter": "7", "bezirk": "Connewitz", "standortnr": "75521", "wassermenge": 20, "wassersumme": 20, "anzahlg": 1 }, "geometry": { "type": "Point", "coordinates": [ 12.379034132199999, 51.3079483028 ] } },
{ "type": "Feature", "properties": { "id": "id-59863", "lat": 51.308021603100002, "lng": 12.379298648300001, "artdtsch": "Amberbaum", "artbot": "Liquidambar styraciflua", "gattungdeutsch": "Liquidambar", "strname": "Pfeffingerstraße", "pflanzjahr": "2018", "standalter": "7", "bezirk": "Connewitz", "standortnr": "75522", "wassermenge": 50, "wassersumme": 150, "anzahlg": 3 }, "geometry": { "type": "Point", "coordinates": [ 12.379298648300001, 51.308021603100002 ] } },
{ "type": "Feature", "properties": { "id": "id-59864", "lat": 51.308103340199999, "lng": 12.3795834969, "artdtsch": "Amberbaum", "artbot": "Liquidambar styraciflua", "gattungdeutsch": "Liquidambar", "strname": "Pfeffingerstraße", "pflanzjahr": "2018", "standalter": "7", "bezirk": "Connewitz", "standortnr": "75523", "wassermenge": 50, "wassersumme": 150, "anzahlg": 3 }, "geometry": { "type": "Point", "coordinates": [ 12.3795834969, 51.308103340199999 ] } },
{ "type": "Feature", "properties": { "id": "id-59865", "lat": 51.308165301899997, "lng": 12.3798000899, "artdtsch": "Amberbaum", "artbot": "Liquidambar styraciflua", "gattungdeutsch": "Liquidambar", "strname": "Pfeffingerstraße", "pflanzjahr": "2018", "standalter": "7", "bezirk": "Connewitz", "standortnr": "75524", "wassermenge": 100, "wassersumme": 625, "anzahlg": 10 }, "geometry": { "type": "Point", "coordinates": [ 12.3798000899, 51.308165301899997 ] } },
{ "type": "Feature", "properties": { "id": "id-59872", "lat": 51.335962872000003, "lng": 12.361229252, "artdtsch": "Stadt-Linde", "artbot": "Tilia cordata 'Greenspire'", "gattungdeutsch": "Tilia", "strname": "Hillerstraße", "pflanzjahr": "2018", "standalter": "7", "bezirk": "Zentrum-West", "standortnr": "75684", "wassermenge": 90, "wassersumme": 410, "anzahlg": 5 }, "geometry": { "type": "Point", "coordinates": [ 12.361229252, 51.335962872 ] } },
{ "type": "Feature", "properties": { "id": "id-59878", "lat": 51.334187707700004, "lng": 12.355726410899999, "artdtsch": "Säulen-Eiche", "artbot": "Quercus robur 'Fastigiata'", "gattungdeutsch": "Quercus", "strname": "Sebastian-Bach-Straße", "pflanzjahr": "2018", "standalter": "7", "bezirk": "Zentrum-West", "standortnr": "75760", "wassermenge": 50, "wassersumme": 290, "anzahlg": 8 }, "geometry": { "type": "Point", "coordinates": [ 12.355726410899999, 51.334187707700004 ] } },
{ "type": "Feature", "properties": { "id": "id-59879", "lat": 51.334304620300003, "lng": 12.355944212200001, "artdtsch": "Säulen-Eiche", "artbot": "Quercus robur 'Fastigiata'", "gattungdeutsch": "Quercus", "strname": "Sebastian-Bach-Straße", "pflanzjahr": "2018", "standalter": "7", "bezirk": "Zentrum-West", "standortnr": "75759", "wassermenge": 10, "wassersumme": 50, "anzahlg": 5 }, "geometry": { "type": "Point", "coordinates": [ 12.355944212200001, 51.334304620300003 ] } },
{ "type": "Feature", "properties": { "id": "id-59882", "lat": 51.334668729699999, "lng": 12.3566221359, "artdtsch": "Säulen-Eiche", "artbot": "Quercus robur 'Fastigiata'", "gattungdeutsch": "Quercus", "strname": "Sebastian-Bach-Straße", "pflanzjahr": "2018", "standalter": "7", "bezirk": "Zentrum-West", "standortnr": "75756", "wassermenge": 60, "wassersumme": 565, "anzahlg": 15 }, "geometry": { "type": "Point", "coordinates": [ 12.3566221359, 51.334668729699999 ] } },
{ "type": "Feature", "properties": { "id": "id-59915", "lat": 51.318059662400003, "lng": 12.3713758975, "artdtsch": "Hopfenbuche", "artbot": "Ostrya carpinifolia", "gattungdeutsch": "Ostrya", "strname": "Kochstraße", "pflanzjahr": "2018", "standalter": "7", "bezirk": "Südvorstadt", "standortnr": "75702", "wassermenge": 5, "wassersumme": 5, "anzahlg": 1 }, "geometry": { "type": "Point", "coordinates": [ 12.3713758975, 51.318059662400003 ] } },
{ "type": "Feature", "properties": { "id": "id-59918", "lat": 51.317473680600003, "lng": 12.3713751077, "artdtsch": "Ungarische Eiche", "artbot": "Quercus frainetto", "gattungdeutsch": "Quercus", "strname": "Kochstraße", "pflanzjahr": "2019", "standalter": "6", "bezirk": "Südvorstadt", "standortnr": "75707", "wassermenge": 70, "wassersumme": 155, "anzahlg": 3 }, "geometry": { "type": "Point", "coordinates": [ 12.3713751077, 51.317473680600003 ] } },
{ "type": "Feature", "properties": { "id": "id-59923", "lat": 51.318515959300001, "lng": 12.371268993499999, "artdtsch": "Hopfenbuche", "artbot": "Ostrya carpinifolia", "gattungdeutsch": "Ostrya", "strname": "Kochstraße", "pflanzjahr": "2018", "standalter": "7", "bezirk": "Südvorstadt", "standortnr": "75694", "wassermenge": 10, "wassersumme": 26, "anzahlg": 3 }, "geometry": { "type": "Point", "coordinates": [ 12.371268993499999, 51.318515959300001 ] } },
{ "type": "Feature", "properties": { "id": "id-59929", "lat": 51.3195062498, "lng": 12.371351004399999, "artdtsch": "Blumen-Esche", "artbot": "Fraxinus ornus", "gattungdeutsch": "Fraxinus", "strname": "Kochstraße", "pflanzjahr": "2019", "standalter": "6", "bezirk": "Südvorstadt", "standortnr": "75689", "wassermenge": 56, "wassersumme": 685, "anzahlg": 23 }, "geometry": { "type": "Point", "coordinates": [ 12.371351004399999, 51.3195062498 ] } },
{ "type": "Feature", "properties": { "id": "id-59930", "lat": 51.319358466200001, "lng": 12.3713385012, "artdtsch": "Blumen-Esche", "artbot": "Fraxinus ornus", "gattungdeutsch": "Fraxinus", "strname": "Kochstraße", "pflanzjahr": "2019", "standalter": "6", "bezirk": "Südvorstadt", "standortnr": "75690", "wassermenge": 56, "wassersumme": 1090, "anzahlg": 30 }, "geometry": { "type": "Point", "coordinates": [ 12.3713385012, 51.319358466200001 ] } },
{ "type": "Feature", "properties": { "id": "id-59931", "lat": 51.319169798899999, "lng": 12.3713237435, "artdtsch": "Blumen-Esche", "artbot": "Fraxinus ornus", "gattungdeutsch": "Fraxinus", "strname": "Kochstraße", "pflanzjahr": "2018", "standalter": "7", "bezirk": "Südvorstadt", "standortnr": "75691", "wassermenge": 56, "wassersumme": 1063, "anzahlg": 30 }, "geometry": { "type": "Point", "coordinates": [ 12.3713237435, 51.319169798899999 ] } },
{ "type": "Feature", "properties": { "id": "id-59997", "lat": 51.316198142499999, "lng": 12.2626734609, "artdtsch": "Herbst-Flammen-Ahorn", "artbot": "Acer x  freemanii 'Autumn Blaze'", "gattungdeutsch": "Acer", "strname": "Lützner Straße", "pflanzjahr": "2018", "standalter": "7", "bezirk": "Lausen-Grünau", "standortnr": "75493", "wassermenge": 150, "wassersumme": 150, "anzahlg": 1 }, "geometry": { "type": "Point", "coordinates": [ 12.2626734609, 51.316198142499999 ] } },
{ "type": "Feature", "properties": { "id": "id-59998", "lat": 51.316174960200001, "lng": 12.262547534799999, "artdtsch": "Herbst-Flammen-Ahorn", "artbot": "Acer x  freemanii 'Autumn Blaze'", "gattungdeutsch": "Acer", "strname": "Lützner Straße", "pflanzjahr": "2018", "standalter": "7", "bezirk": "Lausen-Grünau", "standortnr": "75494", "wassermenge": 150, "wassersumme": 150, "anzahlg": 1 }, "geometry": { "type": "Point", "coordinates": [ 12.262547534799999, 51.316174960200001 ] } },
{ "type": "Feature", "properties": { "id": "id-59999", "lat": 51.316162329299999, "lng": 12.2624382035, "artdtsch": "Herbst-Flammen-Ahorn", "artbot": "Acer x  freemanii 'Autumn Blaze'", "gattungdeutsch": "Acer", "strname": "Lützner Straße", "pflanzjahr": "2018", "standalter": "7", "bezirk": "Lausen-Grünau", "standortnr": "75495", "wassermenge": 150, "wassersumme": 150, "anzahlg": 1 }, "geometry": { "type": "Point", "coordinates": [ 12.2624382035, 51.316162329299999 ] } },
{ "type": "Feature", "properties": { "id": "id-60000", "lat": 51.316638135600002, "lng": 12.2644196641, "artdtsch": "Herbst-Flammen-Ahorn", "artbot": "Acer x  freemanii 'Autumn Blaze'", "gattungdeutsch": "Acer", "strname": "Lützner Straße", "pflanzjahr": "2018", "standalter": "7", "bezirk": "Grünau-Nord", "standortnr": "75490", "wassermenge": 200, "wassersumme": 200, "anzahlg": 1 }, "geometry": { "type": "Point", "coordinates": [ 12.2644196641, 51.316638135600002 ] } },
{ "type": "Feature", "properties": { "id": "id-60002", "lat": 51.316678491600001, "lng": 12.264691684800001, "artdtsch": "Herbst-Flammen-Ahorn", "artbot": "Acer x  freemanii 'Autumn Blaze'", "gattungdeutsch": "Acer", "strname": "Lützner Straße", "pflanzjahr": "2018", "standalter": "7", "bezirk": "Grünau-Nord", "standortnr": "75488", "wassermenge": 150, "wassersumme": 150, "anzahlg": 1 }, "geometry": { "type": "Point", "coordinates": [ 12.264691684800001, 51.316678491600001 ] } },
{ "type": "Feature", "properties": { "id": "id-60003", "lat": 51.316842862599998, "lng": 12.2657945241, "artdtsch": "Herbst-Flammen-Ahorn", "artbot": "Acer x  freemanii 'Autumn Blaze'", "gattungdeutsch": "Acer", "strname": "Lützner Straße", "pflanzjahr": "2018", "standalter": "7", "bezirk": "Grünau-Nord", "standortnr": "75486", "wassermenge": 200, "wassersumme": 200, "anzahlg": 1 }, "geometry": { "type": "Point", "coordinates": [ 12.2657945241, 51.316842862599998 ] } },
{ "type": "Feature", "properties": { "id": "id-60106", "lat": 51.313027011800003, "lng": 12.289285539, "artdtsch": "Platane", "artbot": "Platanus x acerifolia", "gattungdeutsch": "Platanus", "strname": "Ratzelstraße", "pflanzjahr": "2019", "standalter": "6", "bezirk": "Grünau-Siedlung", "standortnr": "76222", "wassermenge": 150, "wassersumme": 250, "anzahlg": 2 }, "geometry": { "type": "Point", "coordinates": [ 12.289285539, 51.313027011800003 ] } },
{ "type": "Feature", "properties": { "id": "id-60108", "lat": 51.312968245100002, "lng": 12.2889074, "artdtsch": "Platane", "artbot": "Platanus x acerifolia", "gattungdeutsch": "Platanus", "strname": "Ratzelstraße", "pflanzjahr": "2019", "standalter": "6", "bezirk": "Grünau-Siedlung", "standortnr": "76224", "wassermenge": 150, "wassersumme": 250, "anzahlg": 2 }, "geometry": { "type": "Point", "coordinates": [ 12.2889074, 51.312968245100002 ] } },
{ "type": "Feature", "properties": { "id": "id-60109", "lat": 51.31293395, "lng": 12.2887082157, "artdtsch": "Platane", "artbot": "Platanus x acerifolia", "gattungdeutsch": "Platanus", "strname": "Ratzelstraße", "pflanzjahr": "2019", "standalter": "6", "bezirk": "Grünau-Siedlung", "standortnr": "76225", "wassermenge": 150, "wassersumme": 250, "anzahlg": 2 }, "geometry": { "type": "Point", "coordinates": [ 12.2887082157, 51.31293395 ] } },
{ "type": "Feature", "properties": { "id": "id-60110", "lat": 51.3128986129, "lng": 12.288518421599999, "artdtsch": "Platane", "artbot": "Platanus x acerifolia", "gattungdeutsch": "Platanus", "strname": "Ratzelstraße", "pflanzjahr": "2019", "standalter": "6", "bezirk": "Grünau-Siedlung", "standortnr": "76226", "wassermenge": 150, "wassersumme": 250, "anzahlg": 2 }, "geometry": { "type": "Point", "coordinates": [ 12.288518421599999, 51.3128986129 ] } },
{ "type": "Feature", "properties": { "id": "id-60111", "lat": 51.312860810499998, "lng": 12.2883270511, "artdtsch": "Platane", "artbot": "Platanus x acerifolia", "gattungdeutsch": "Platanus", "strname": "Ratzelstraße", "pflanzjahr": "2019", "standalter": "6", "bezirk": "Grünau-Siedlung", "standortnr": "76227", "wassermenge": 150, "wassersumme": 250, "anzahlg": 2 }, "geometry": { "type": "Point", "coordinates": [ 12.2883270511, 51.312860810499998 ] } },
{ "type": "Feature", "properties": { "id": "id-60113", "lat": 51.312787540400002, "lng": 12.2879364234, "artdtsch": "Platane", "artbot": "Platanus x acerifolia", "gattungdeutsch": "Platanus", "strname": "Ratzelstraße", "pflanzjahr": "2019", "standalter": "6", "bezirk": "Grünau-Siedlung", "standortnr": "76229", "wassermenge": 150, "wassersumme": 250, "anzahlg": 2 }, "geometry": { "type": "Point", "coordinates": [ 12.2879364234, 51.312787540400002 ] } },
{ "type": "Feature", "properties": { "id": "id-60114", "lat": 51.312028920400003, "lng": 12.2841101024, "artdtsch": "Platane", "artbot": "Platanus x acerifolia", "gattungdeutsch": "Platanus", "strname": "Ratzelstraße", "pflanzjahr": "2019", "standalter": "6", "bezirk": "Grünau-Siedlung", "standortnr": "76230", "wassermenge": 100, "wassersumme": 300, "anzahlg": 3 }, "geometry": { "type": "Point", "coordinates": [ 12.2841101024, 51.312028920400003 ] } },
{ "type": "Feature", "properties": { "id": "id-60115", "lat": 51.311993798800003, "lng": 12.2839299179, "artdtsch": "Platane", "artbot": "Platanus x acerifolia", "gattungdeutsch": "Platanus", "strname": "Ratzelstraße", "pflanzjahr": "2019", "standalter": "6", "bezirk": "Grünau-Siedlung", "standortnr": "76231", "wassermenge": 100, "wassersumme": 300, "anzahlg": 3 }, "geometry": { "type": "Point", "coordinates": [ 12.2839299179, 51.311993798800003 ] } },
{ "type": "Feature", "properties": { "id": "id-60116", "lat": 51.3119587634, "lng": 12.2837534599, "artdtsch": "Platane", "artbot": "Platanus x acerifolia", "gattungdeutsch": "Platanus", "strname": "Ratzelstraße", "pflanzjahr": "2019", "standalter": "6", "bezirk": "Grünau-Siedlung", "standortnr": "76232", "wassermenge": 100, "wassersumme": 300, "anzahlg": 3 }, "geometry": { "type": "Point", "coordinates": [ 12.2837534599, 51.3119587634 ] } },
{ "type": "Feature", "properties": { "id": "id-60117", "lat": 51.311921262600002, "lng": 12.2835754257, "artdtsch": "Platane", "artbot": "Platanus x acerifolia", "gattungdeutsch": "Platanus", "strname": "Ratzelstraße", "pflanzjahr": "2019", "standalter": "6", "bezirk": "Grünau-Siedlung", "standortnr": "76233", "wassermenge": 100, "wassersumme": 300, "anzahlg": 3 }, "geometry": { "type": "Point", "coordinates": [ 12.2835754257, 51.311921262600002 ] } },
{ "type": "Feature", "properties": { "id": "id-60118", "lat": 51.311887440900001, "lng": 12.2833970309, "artdtsch": "Platane", "artbot": "Platanus x acerifolia", "gattungdeutsch": "Platanus", "strname": "Ratzelstraße", "pflanzjahr": "2019", "standalter": "6", "bezirk": "Grünau-Siedlung", "standortnr": "76234", "wassermenge": 100, "wassersumme": 300, "anzahlg": 3 }, "geometry": { "type": "Point", "coordinates": [ 12.2833970309, 51.311887440900001 ] } },
{ "type": "Feature", "properties": { "id": "id-60119", "lat": 51.311851150599999, "lng": 12.283216916600001, "artdtsch": "Platane", "artbot": "Platanus x acerifolia", "gattungdeutsch": "Platanus", "strname": "Ratzelstraße", "pflanzjahr": "2019", "standalter": "6", "bezirk": "Grünau-Siedlung", "standortnr": "76235", "wassermenge": 100, "wassersumme": 300, "anzahlg": 3 }, "geometry": { "type": "Point", "coordinates": [ 12.283216916600001, 51.311851150599999 ] } },
{ "type": "Feature", "properties": { "id": "id-60120", "lat": 51.311350413600003, "lng": 12.2806132549, "artdtsch": "Platane", "artbot": "Platanus x acerifolia", "gattungdeutsch": "Platanus", "strname": "Ratzelstraße", "pflanzjahr": "2019", "standalter": "6", "bezirk": "Grünau-Siedlung", "standortnr": "76236", "wassermenge": 100, "wassersumme": 400, "anzahlg": 4 }, "geometry": { "type": "Point", "coordinates": [ 12.2806132549, 51.311350413600003 ] } },
{ "type": "Feature", "properties": { "id": "id-60121", "lat": 51.3113057658, "lng": 12.2804336392, "artdtsch": "Platane", "artbot": "Platanus x acerifolia", "gattungdeutsch": "Platanus", "strname": "Ratzelstraße", "pflanzjahr": "2019", "standalter": "6", "bezirk": "Grünau-Siedlung", "standortnr": "76237", "wassermenge": 100, "wassersumme": 400, "anzahlg": 4 }, "geometry": { "type": "Point", "coordinates": [ 12.2804336392, 51.3113057658 ] } },
{ "type": "Feature", "properties": { "id": "id-60122", "lat": 51.311263189899996, "lng": 12.280238689300001, "artdtsch": "Platane", "artbot": "Platanus x acerifolia", "gattungdeutsch": "Platanus", "strname": "Ratzelstraße", "pflanzjahr": "2019", "standalter": "6", "bezirk": "Grünau-Siedlung", "standortnr": "76238", "wassermenge": 100, "wassersumme": 400, "anzahlg": 4 }, "geometry": { "type": "Point", "coordinates": [ 12.280238689300001, 51.311263189899996 ] } },
{ "type": "Feature", "properties": { "id": "id-60123", "lat": 51.311217110900003, "lng": 12.2800478218, "artdtsch": "Platane", "artbot": "Platanus x acerifolia", "gattungdeutsch": "Platanus", "strname": "Ratzelstraße", "pflanzjahr": "2019", "standalter": "6", "bezirk": "Grünau-Siedlung", "standortnr": "76239", "wassermenge": 100, "wassersumme": 400, "anzahlg": 4 }, "geometry": { "type": "Point", "coordinates": [ 12.2800478218, 51.311217110900003 ] } },
{ "type": "Feature", "properties": { "id": "id-60288", "lat": 51.327024352099997, "lng": 12.2738346186, "artdtsch": "Stiel-Eiche", "artbot": "Quercus robur", "gattungdeutsch": "Quercus", "strname": "Lyoner Straße", "pflanzjahr": "2019", "standalter": "6", "bezirk": "Schönau", "standortnr": "76316", "wassermenge": 100, "wassersumme": 100, "anzahlg": 1 }, "geometry": { "type": "Point", "coordinates": [ 12.2738346186, 51.327024352099997 ] } },
{ "type": "Feature", "properties": { "id": "id-60289", "lat": 51.3270303969, "lng": 12.273993753599999, "artdtsch": "Stiel-Eiche", "artbot": "Quercus robur", "gattungdeutsch": "Quercus", "strname": "Lyoner Straße", "pflanzjahr": "2019", "standalter": "6", "bezirk": "Schönau", "standortnr": "76317", "wassermenge": 100, "wassersumme": 400, "anzahlg": 4 }, "geometry": { "type": "Point", "coordinates": [ 12.273993753599999, 51.3270303969 ] } },
{ "type": "Feature", "properties": { "id": "id-60290", "lat": 51.327038956800003, "lng": 12.274156615500001, "artdtsch": "Stiel-Eiche", "artbot": "Quercus robur", "gattungdeutsch": "Quercus", "strname": "Lyoner Straße", "pflanzjahr": "2019", "standalter": "6", "bezirk": "Schönau", "standortnr": "76318", "wassermenge": 100, "wassersumme": 400, "anzahlg": 4 }, "geometry": { "type": "Point", "coordinates": [ 12.274156615500001, 51.327038956800003 ] } },
{ "type": "Feature", "properties": { "id": "id-60291", "lat": 51.327046832800001, "lng": 12.274340334, "artdtsch": "Stiel-Eiche", "artbot": "Quercus robur", "gattungdeutsch": "Quercus", "strname": "Lyoner Straße", "pflanzjahr": "2019", "standalter": "6", "bezirk": "Schönau", "standortnr": "76319", "wassermenge": 100, "wassersumme": 100, "anzahlg": 1 }, "geometry": { "type": "Point", "coordinates": [ 12.274340334, 51.327046832800001 ] } },
{ "type": "Feature", "properties": { "id": "id-60292", "lat": 51.327056646599999, "lng": 12.2745068542, "artdtsch": "Stiel-Eiche", "artbot": "Quercus robur", "gattungdeutsch": "Quercus", "strname": "Lyoner Straße", "pflanzjahr": "2019", "standalter": "6", "bezirk": "Schönau", "standortnr": "76320", "wassermenge": 100, "wassersumme": 100, "anzahlg": 1 }, "geometry": { "type": "Point", "coordinates": [ 12.2745068542, 51.327056646599999 ] } },
{ "type": "Feature", "properties": { "id": "id-60293", "lat": 51.327063901599999, "lng": 12.2746677839, "artdtsch": "Stiel-Eiche", "artbot": "Quercus robur", "gattungdeutsch": "Quercus", "strname": "Lyoner Straße", "pflanzjahr": "2019", "standalter": "6", "bezirk": "Schönau", "standortnr": "76321", "wassermenge": 100, "wassersumme": 100, "anzahlg": 1 }, "geometry": { "type": "Point", "coordinates": [ 12.2746677839, 51.327063901599999 ] } },
{ "type": "Feature", "properties": { "id": "id-60294", "lat": 51.327070699300002, "lng": 12.2748554426, "artdtsch": "Stiel-Eiche", "artbot": "Quercus robur", "gattungdeutsch": "Quercus", "strname": "Lyoner Straße", "pflanzjahr": "2019", "standalter": "6", "bezirk": "Schönau", "standortnr": "76322", "wassermenge": 100, "wassersumme": 100, "anzahlg": 1 }, "geometry": { "type": "Point", "coordinates": [ 12.2748554426, 51.327070699300002 ] } },
{ "type": "Feature", "properties": { "id": "id-60295", "lat": 51.3270829374, "lng": 12.275021819199999, "artdtsch": "Stiel-Eiche", "artbot": "Quercus robur", "gattungdeutsch": "Quercus", "strname": "Lyoner Straße", "pflanzjahr": "2019", "standalter": "6", "bezirk": "Schönau", "standortnr": "76323", "wassermenge": 100, "wassersumme": 400, "anzahlg": 4 }, "geometry": { "type": "Point", "coordinates": [ 12.275021819199999, 51.3270829374 ] } },
{ "type": "Feature", "properties": { "id": "id-60296", "lat": 51.327098501400002, "lng": 12.275180389899999, "artdtsch": "Stiel-Eiche", "artbot": "Quercus robur", "gattungdeutsch": "Quercus", "strname": "Lyoner Straße", "pflanzjahr": "2019", "standalter": "6", "bezirk": "Schönau", "standortnr": "76324", "wassermenge": 100, "wassersumme": 100, "anzahlg": 1 }, "geometry": { "type": "Point", "coordinates": [ 12.275180389899999, 51.327098501400002 ] } },
{ "type": "Feature", "properties": { "id": "id-60297", "lat": 51.327113651700003, "lng": 12.2753714297, "artdtsch": "Stiel-Eiche", "artbot": "Quercus robur", "gattungdeutsch": "Quercus", "strname": "Lyoner Straße", "pflanzjahr": "2019", "standalter": "6", "bezirk": "Schönau", "standortnr": "76325", "wassermenge": 100, "wassersumme": 400, "anzahlg": 4 }, "geometry": { "type": "Point", "coordinates": [ 12.2753714297, 51.327113651700003 ] } },
{ "type": "Feature", "properties": { "id": "id-60298", "lat": 51.327124364699998, "lng": 12.2755264122, "artdtsch": "Stiel-Eiche", "artbot": "Quercus robur", "gattungdeutsch": "Quercus", "strname": "Lyoner Straße", "pflanzjahr": "2019", "standalter": "6", "bezirk": "Schönau", "standortnr": "76326", "wassermenge": 100, "wassersumme": 100, "anzahlg": 1 }, "geometry": { "type": "Point", "coordinates": [ 12.2755264122, 51.327124364699998 ] } },
{ "type": "Feature", "properties": { "id": "id-60299", "lat": 51.327141365599999, "lng": 12.2756926503, "artdtsch": "Stiel-Eiche", "artbot": "Quercus robur", "gattungdeutsch": "Quercus", "strname": "Lyoner Straße", "pflanzjahr": "2019", "standalter": "6", "bezirk": "Schönau", "standortnr": "76327", "wassermenge": 100, "wassersumme": 400, "anzahlg": 4 }, "geometry": { "type": "Point", "coordinates": [ 12.2756926503, 51.327141365599999 ] } },
{ "type": "Feature", "properties": { "id": "id-60300", "lat": 51.3271600144, "lng": 12.275879463200001, "artdtsch": "Stiel-Eiche", "artbot": "Quercus robur", "gattungdeutsch": "Quercus", "strname": "Lyoner Straße", "pflanzjahr": "2019", "standalter": "6", "bezirk": "Schönau", "standortnr": "76328", "wassermenge": 100, "wassersumme": 400, "anzahlg": 4 }, "geometry": { "type": "Point", "coordinates": [ 12.275879463200001, 51.3271600144 ] } },
{ "type": "Feature", "properties": { "id": "id-60301", "lat": 51.327178906599997, "lng": 12.276030372099999, "artdtsch": "Stiel-Eiche", "artbot": "Quercus robur", "gattungdeutsch": "Quercus", "strname": "Lyoner Straße", "pflanzjahr": "2019", "standalter": "6", "bezirk": "Schönau", "standortnr": "76329", "wassermenge": 100, "wassersumme": 400, "anzahlg": 4 }, "geometry": { "type": "Point", "coordinates": [ 12.276030372099999, 51.327178906599997 ] } },
{ "type": "Feature", "properties": { "id": "id-60302", "lat": 51.327196275799999, "lng": 12.2761931433, "artdtsch": "Stiel-Eiche", "artbot": "Quercus robur", "gattungdeutsch": "Quercus", "strname": "Lyoner Straße", "pflanzjahr": "2019", "standalter": "6", "bezirk": "Schönau", "standortnr": "76330", "wassermenge": 100, "wassersumme": 400, "anzahlg": 4 }, "geometry": { "type": "Point", "coordinates": [ 12.2761931433, 51.327196275799999 ] } },
{ "type": "Feature", "properties": { "id": "id-60303", "lat": 51.3272131636, "lng": 12.276373888, "artdtsch": "Stiel-Eiche", "artbot": "Quercus robur", "gattungdeutsch": "Quercus", "strname": "Lyoner Straße", "pflanzjahr": "2019", "standalter": "6", "bezirk": "Schönau", "standortnr": "76331", "wassermenge": 100, "wassersumme": 400, "anzahlg": 4 }, "geometry": { "type": "Point", "coordinates": [ 12.276373888, 51.3272131636 ] } },
{ "type": "Feature", "properties": { "id": "id-60304", "lat": 51.327231687400001, "lng": 12.276547645000001, "artdtsch": "Stiel-Eiche", "artbot": "Quercus robur", "gattungdeutsch": "Quercus", "strname": "Lyoner Straße", "pflanzjahr": "2019", "standalter": "6", "bezirk": "Schönau", "standortnr": "76332", "wassermenge": 100, "wassersumme": 100, "anzahlg": 1 }, "geometry": { "type": "Point", "coordinates": [ 12.276547645, 51.327231687400001 ] } },
{ "type": "Feature", "properties": { "id": "id-60305", "lat": 51.3272564217, "lng": 12.276721608300001, "artdtsch": "Stiel-Eiche", "artbot": "Quercus robur", "gattungdeutsch": "Quercus", "strname": "Lyoner Straße", "pflanzjahr": "2019", "standalter": "6", "bezirk": "Schönau", "standortnr": "76333", "wassermenge": 100, "wassersumme": 100, "anzahlg": 1 }, "geometry": { "type": "Point", "coordinates": [ 12.276721608300001, 51.3272564217 ] } },
{ "type": "Feature", "properties": { "id": "id-60306", "lat": 51.327333207599999, "lng": 12.277238608699999, "artdtsch": "Stiel-Eiche", "artbot": "Quercus robur", "gattungdeutsch": "Quercus", "strname": "Lyoner Straße", "pflanzjahr": "2019", "standalter": "6", "bezirk": "Schönau", "standortnr": "76336", "wassermenge": 100, "wassersumme": 100, "anzahlg": 1 }, "geometry": { "type": "Point", "coordinates": [ 12.277238608699999, 51.327333207599999 ] } },
{ "type": "Feature", "properties": { "id": "id-60307", "lat": 51.327281342600003, "lng": 12.2769036, "artdtsch": "Stiel-Eiche", "artbot": "Quercus robur", "gattungdeutsch": "Quercus", "strname": "Lyoner Straße", "pflanzjahr": "2019", "standalter": "6", "bezirk": "Schönau", "standortnr": "76334", "wassermenge": 100, "wassersumme": 100, "anzahlg": 1 }, "geometry": { "type": "Point", "coordinates": [ 12.2769036, 51.327281342600003 ] } },
{ "type": "Feature", "properties": { "id": "id-60308", "lat": 51.327305520499998, "lng": 12.2770730028, "artdtsch": "Stiel-Eiche", "artbot": "Quercus robur", "gattungdeutsch": "Quercus", "strname": "Lyoner Straße", "pflanzjahr": "2019", "standalter": "6", "bezirk": "Schönau", "standortnr": "76335", "wassermenge": 100, "wassersumme": 400, "anzahlg": 4 }, "geometry": { "type": "Point", "coordinates": [ 12.2770730028, 51.327305520499998 ] } },
{ "type": "Feature", "properties": { "id": "id-60343", "lat": 51.323063345599998, "lng": 12.3776757566, "artdtsch": "Ungarische Eiche", "artbot": "Quercus frainetto", "gattungdeutsch": "Quercus", "strname": "Arndtstraße", "pflanzjahr": "2019", "standalter": "6", "bezirk": "Südvorstadt", "standortnr": "75974", "wassermenge": 50, "wassersumme": 50, "anzahlg": 1 }, "geometry": { "type": "Point", "coordinates": [ 12.3776757566, 51.323063345599998 ] } },
{ "type": "Feature", "properties": { "id": "id-60344", "lat": 51.323060435400002, "lng": 12.377915209899999, "artdtsch": "Ungarische Eiche", "artbot": "Quercus frainetto", "gattungdeutsch": "Quercus", "strname": "Arndtstraße", "pflanzjahr": "2019", "standalter": "6", "bezirk": "Südvorstadt", "standortnr": "75975", "wassermenge": 50, "wassersumme": 50, "anzahlg": 1 }, "geometry": { "type": "Point", "coordinates": [ 12.377915209899999, 51.323060435400002 ] } },
{ "type": "Feature", "properties": { "id": "id-60345", "lat": 51.323057389900001, "lng": 12.3781526612, "artdtsch": "Ungarische Eiche", "artbot": "Quercus frainetto", "gattungdeutsch": "Quercus", "strname": "Arndtstraße", "pflanzjahr": "2019", "standalter": "6", "bezirk": "Südvorstadt", "standortnr": "75976", "wassermenge": 50, "wassersumme": 100, "anzahlg": 2 }, "geometry": { "type": "Point", "coordinates": [ 12.3781526612, 51.323057389900001 ] } },
{ "type": "Feature", "properties": { "id": "id-60346", "lat": 51.323054968999998, "lng": 12.3783617987, "artdtsch": "Ungarische Eiche", "artbot": "Quercus frainetto", "gattungdeutsch": "Quercus", "strname": "Arndtstraße", "pflanzjahr": "2019", "standalter": "6", "bezirk": "Südvorstadt", "standortnr": "75977", "wassermenge": 50, "wassersumme": 100, "anzahlg": 2 }, "geometry": { "type": "Point", "coordinates": [ 12.3783617987, 51.323054969 ] } },
{ "type": "Feature", "properties": { "id": "id-6991", "lat": 51.310441058099997, "lng": 12.3692427982, "artdtsch": "Stadt-Linde", "artbot": "Tilia cordata 'Greenspire'", "gattungdeutsch": "Tilia", "strname": "Windscheidstraße", "pflanzjahr": "1998", "standalter": "27", "bezirk": "Connewitz", "standortnr": "42621", "wassermenge": 130, "wassersumme": 190, "anzahlg": 2 }, "geometry": { "type": "Point", "coordinates": [ 12.3692427982, 51.310441058099997 ] } },
{ "type": "Feature", "properties": { "id": "id-6992", "lat": 51.310375245899998, "lng": 12.3692558919, "artdtsch": "Stadt-Linde", "artbot": "Tilia cordata 'Greenspire'", "gattungdeutsch": "Tilia", "strname": "Windscheidstraße", "pflanzjahr": "1995", "standalter": "30", "bezirk": "Connewitz", "standortnr": "42622", "wassermenge": 120, "wassersumme": 180, "anzahlg": 2 }, "geometry": { "type": "Point", "coordinates": [ 12.3692558919, 51.310375245899998 ] } },
{ "type": "Feature", "properties": { "id": "id-7087", "lat": 51.314487814300001, "lng": 12.327394847900001, "artdtsch": "Säulen-Hainbuche 'Frans Fontaine'", "artbot": "Carpinus betulus 'Frans Fontaine'", "gattungdeutsch": "Carpinus", "strname": "Windorfer Straße", "pflanzjahr": "2003", "standalter": "22", "bezirk": "Kleinzschocher", "standortnr": "41125", "wassermenge": 10, "wassersumme": 10, "anzahlg": 1 }, "geometry": { "type": "Point", "coordinates": [ 12.327394847900001, 51.314487814300001 ] } },
{ "type": "Feature", "properties": { "id": "id-7527", "lat": 51.321438680699998, "lng": 12.326887274500001, "artdtsch": "Stadt-Linde", "artbot": "Tilia cordata 'Greenspire'", "gattungdeutsch": "Tilia", "strname": "Gerhardstraße", "pflanzjahr": "2016", "standalter": "9", "bezirk": "Plagwitz", "standortnr": "44423", "wassermenge": 170, "wassersumme": 170, "anzahlg": 1 }, "geometry": { "type": "Point", "coordinates": [ 12.326887274500001, 51.321438680699998 ] } },
{ "type": "Feature", "properties": { "id": "id-7628", "lat": 51.322092107400003, "lng": 12.3386254265, "artdtsch": "Kegel-Linde", "artbot": "Tilia flavescens 'Glenleven'", "gattungdeutsch": "Tilia", "strname": "Holbeinstraße", "pflanzjahr": "2017", "standalter": "8", "bezirk": "Schleußig", "standortnr": "40457", "wassermenge": 120, "wassersumme": 502, "anzahlg": 5 }, "geometry": { "type": "Point", "coordinates": [ 12.3386254265, 51.322092107400003 ] } },
{ "type": "Feature", "properties": { "id": "id-7631", "lat": 51.322161140699997, "lng": 12.338651285199999, "artdtsch": "Kegel-Linde", "artbot": "Tilia flavescens 'Glenleven'", "gattungdeutsch": "Tilia", "strname": "Holbeinstraße", "pflanzjahr": "2017", "standalter": "8", "bezirk": "Schleußig", "standortnr": "40456", "wassermenge": 120, "wassersumme": 270, "anzahlg": 3 }, "geometry": { "type": "Point", "coordinates": [ 12.338651285199999, 51.322161140699997 ] } },
{ "type": "Feature", "properties": { "id": "id-7887", "lat": 51.3296259902, "lng": 12.326849510800001, "artdtsch": "Platane", "artbot": "Platanus x acerifolia", "gattungdeutsch": "Platanus", "strname": "Karl-Heine-Straße", "pflanzjahr": "2010", "standalter": "15", "bezirk": "Lindenau", "standortnr": "39642", "wassermenge": 10, "wassersumme": 10, "anzahlg": 1 }, "geometry": { "type": "Point", "coordinates": [ 12.326849510800001, 51.3296259902 ] } },
{ "type": "Feature", "properties": { "id": "id-7888", "lat": 51.329589153299999, "lng": 12.3267055048, "artdtsch": "Platane", "artbot": "Platanus x acerifolia", "gattungdeutsch": "Platanus", "strname": "Karl-Heine-Straße", "pflanzjahr": "2010", "standalter": "15", "bezirk": "Lindenau", "standortnr": "39643", "wassermenge": 10, "wassersumme": 10, "anzahlg": 1 }, "geometry": { "type": "Point", "coordinates": [ 12.3267055048, 51.329589153299999 ] } },
{ "type": "Feature", "properties": { "id": "id-7968", "lat": 51.320270622800003, "lng": 12.341677126800001, "artdtsch": "Hopfenbuche", "artbot": "Ostrya carpinifolia", "gattungdeutsch": "Ostrya", "strname": "Könneritzstraße", "pflanzjahr": "2017", "standalter": "8", "bezirk": "Schleußig", "standortnr": "39422", "wassermenge": 100, "wassersumme": 140, "anzahlg": 2 }, "geometry": { "type": "Point", "coordinates": [ 12.341677126800001, 51.320270622800003 ] } },
{ "type": "Feature", "properties": { "id": "id-7981", "lat": 51.320364380800001, "lng": 12.3419679619, "artdtsch": "Stadt-Linde", "artbot": "Tilia cordata 'Greenspire'", "gattungdeutsch": "Tilia", "strname": "Könneritzstraße", "pflanzjahr": "2016", "standalter": "9", "bezirk": "Schleußig", "standortnr": "39447", "wassermenge": 100, "wassersumme": 180, "anzahlg": 2 }, "geometry": { "type": "Point", "coordinates": [ 12.3419679619, 51.320364380800001 ] } },
{ "type": "Feature", "properties": { "id": "id-8697", "lat": 51.324902286399997, "lng": 12.344417416800001, "artdtsch": "Stadt-Linde", "artbot": "Tilia cordata 'Greenspire'", "gattungdeutsch": "Tilia", "strname": "Könneritzstraße", "pflanzjahr": "2016", "standalter": "9", "bezirk": "Schleußig", "standortnr": "39535", "wassermenge": 15, "wassersumme": 15, "anzahlg": 1 }, "geometry": { "type": "Point", "coordinates": [ 12.344417416800001, 51.324902286399997 ] } },
{ "type": "Feature", "properties": { "id": "id-8703", "lat": 51.3244614778, "lng": 12.344183212600001, "artdtsch": "Hopfenbuche", "artbot": "Ostrya carpinifolia", "gattungdeutsch": "Ostrya", "strname": "Könneritzstraße", "pflanzjahr": "2016", "standalter": "9", "bezirk": "Schleußig", "standortnr": "39542", "wassermenge": 40, "wassersumme": 75, "anzahlg": 3 }, "geometry": { "type": "Point", "coordinates": [ 12.344183212600001, 51.3244614778 ] } },
{ "type": "Feature", "properties": { "id": "id-8756", "lat": 51.324844992599999, "lng": 12.342372556000001, "artdtsch": "Gleditschie 'Skyline'", "artbot": "Gleditsia triacanthos 'Skyline'", "gattungdeutsch": "Gleditsia", "strname": "Brockhausstraße", "pflanzjahr": "2024", "standalter": "1", "bezirk": "Schleußig", "standortnr": "40847", "wassermenge": 10, "wassersumme": 10, "anzahlg": 1 }, "geometry": { "type": "Point", "coordinates": [ 12.342372556, 51.324844992599999 ] } },
{ "type": "Feature", "properties": { "id": "id-8774", "lat": 51.324783711499997, "lng": 12.3423196853, "artdtsch": "Straßen-Robinie", "artbot": "Robinia pseudoacacia 'Monophylla'", "gattungdeutsch": "Robinia", "strname": "Brockhausstraße", "pflanzjahr": "2001", "standalter": "24", "bezirk": "Schleußig", "standortnr": "40848", "wassermenge": 15, "wassersumme": 35, "anzahlg": 3 }, "geometry": { "type": "Point", "coordinates": [ 12.3423196853, 51.324783711499997 ] } },
{ "type": "Feature", "properties": { "id": "id-8780", "lat": 51.324901893099998, "lng": 12.3422641862, "artdtsch": "Straßen-Robinie", "artbot": "Robinia pseudoacacia 'Monophylla'", "gattungdeutsch": "Robinia", "strname": "Brockhausstraße", "pflanzjahr": "2018", "standalter": "7", "bezirk": "Schleußig", "standortnr": "40839", "wassermenge": 20, "wassersumme": 35, "anzahlg": 2 }, "geometry": { "type": "Point", "coordinates": [ 12.3422641862, 51.324901893099998 ] } },
{ "type": "Feature", "properties": { "id": "id-8930", "lat": 51.327975377599998, "lng": 12.345808617299999, "artdtsch": "Hopfenbuche", "artbot": "Ostrya carpinifolia", "gattungdeutsch": "Ostrya", "strname": "Könneritzstraße", "pflanzjahr": "2016", "standalter": "9", "bezirk": "Schleußig", "standortnr": "39624", "wassermenge": 32, "wassersumme": 46, "anzahlg": 2 }, "geometry": { "type": "Point", "coordinates": [ 12.345808617299999, 51.327975377599998 ] } },
{ "type": "Feature", "properties": { "id": "id-8932", "lat": 51.327801893599997, "lng": 12.345947986200001, "artdtsch": "Stadt-Linde", "artbot": "Tilia cordata 'Greenspire'", "gattungdeutsch": "Tilia", "strname": "Könneritzstraße", "pflanzjahr": "2016", "standalter": "9", "bezirk": "Schleußig", "standortnr": "39601", "wassermenge": 32, "wassersumme": 515, "anzahlg": 21 }, "geometry": { "type": "Point", "coordinates": [ 12.345947986200001, 51.327801893599997 ] } },
{ "type": "Feature", "properties": { "id": "id-8938", "lat": 51.327406434300002, "lng": 12.3457382662, "artdtsch": "Hopfenbuche", "artbot": "Ostrya carpinifolia", "gattungdeutsch": "Ostrya", "strname": "Könneritzstraße", "pflanzjahr": "2016", "standalter": "9", "bezirk": "Schleußig", "standortnr": "39607", "wassermenge": 20, "wassersumme": 20, "anzahlg": 1 }, "geometry": { "type": "Point", "coordinates": [ 12.3457382662, 51.327406434300002 ] } },
{ "type": "Feature", "properties": { "id": "id-8998", "lat": 51.324655247499997, "lng": 12.3442799623, "artdtsch": "Stadt-Linde", "artbot": "Tilia cordata 'Greenspire'", "gattungdeutsch": "Tilia", "strname": "Könneritzstraße", "pflanzjahr": "2016", "standalter": "9", "bezirk": "Schleußig", "standortnr": "39539", "wassermenge": 40, "wassersumme": 75, "anzahlg": 3 }, "geometry": { "type": "Point", "coordinates": [ 12.3442799623, 51.324655247499997 ] } }
]
}
